"Process_ID","N","SEED","ATE","SE","SEB","Lower","Upper","Cover","Time_Point","Time_CI"
0,1000,1,-0.0010203193483978,0.0694949461927161,0.07166425940136,-0.137230413886121,0.135189775189326,1,109.406832933426,3.67164611816406e-05
1000,2000,334,0.0509170681369841,0.0474868333337914,0.048803423988994,-0.0421571251972471,0.143991261471215,1,333.471516370773,6.31809234619141e-05
1001,4000,334,0.0536715672787321,0.0336845479751285,0.0337300702728431,-0.0123501467525198,0.119693281309984,1,920.798090934753,9.08374786376953e-05
1002,1000,335,0.0775487277042825,0.073577125029973,0.0698502312786122,-0.0666624373544646,0.22175989276303,1,195.623116016388,4.38690185546875e-05
1003,2000,335,0.0303359550544973,0.046730757780397,0.0467200362124643,-0.0612563301950809,0.121928240304076,1,450.594661235809,9.03606414794922e-05
1004,4000,335,0.0537802547271529,0.0322208826440609,0.0332766225057416,-0.00937267525520646,0.116933184709512,1,997.552938938141,7.39097595214844e-05
1005,1000,336,-0.18129323644707,0.0760495172388657,0.07190770251657,-0.330350290235247,-0.0322361826588929,0,218.129599809647,8.13007354736328e-05
1006,2000,336,0.0361803940355968,0.0466531162495556,0.0472574007106236,-0.055259713813532,0.127620501884726,1,302.505528926849,5.7220458984375e-05
1007,4000,336,0.0644610345679161,0.0334451672252801,0.0338646856036078,-0.00109149319363282,0.130013562329465,1,651.923353910446,6.4849853515625e-05
1008,1000,337,0.0105014345815314,0.0637380110069206,0.0636263391443228,-0.114425066992033,0.135427936155096,1,107.361414432526,4.91142272949219e-05
1009,2000,337,0.0477839470284839,0.046010207721549,0.0454175846538501,-0.0423960601057522,0.13796395416272,1,214.912657976151,6.103515625e-05
100,2000,34,0.0875908333835078,0.0472147388199703,0.0467170343452302,-0.00495005470363404,0.18013172147065,1,214.730842828751,5.19752502441406e-05
1010,4000,337,-0.0932236100302033,0.0339686037629172,0.0333478977088663,-0.159802073405521,-0.0266451466548856,0,469.626859426498,7.84397125244141e-05
1011,1000,338,0.0297300184210786,0.0678824547716628,0.0672522017434165,-0.10331959293138,0.162779629773538,1,108.215705156326,4.81605529785156e-05
1012,2000,338,-0.0523331846762117,0.046004203605277,0.0471744292646014,-0.142501423742555,0.0378350543901312,1,264.94401216507,4.72068786621094e-05
1013,4000,338,-0.0262230580809656,0.0333464406058066,0.0335176857776415,-0.0915820816683465,0.0391359655064153,1,465.331463813782,9.918212890625e-05
1014,1000,339,-0.00780194929477702,0.0660359059747278,0.0669412802599455,-0.137232325005243,0.121628426415689,1,200.648894786835,8.34465026855469e-05
1015,2000,339,0.00307461515565357,0.0472508470317556,0.046872868117134,-0.0895370450265873,0.0956862753378945,1,225.016321659088,5.7220458984375e-05
1016,4000,339,-0.0566617567056133,0.0341008838504184,0.0339390470178396,-0.123499489052433,0.0101759756412068,1,455.229939937592,7.03334808349609e-05
1017,1000,340,-0.0557455040147863,0.0682959960485973,0.0687535046990062,-0.189605656270037,0.0781146482404643,1,107.97807431221,0.000134706497192383
1018,2000,340,0.0167407886696473,0.0475369000596425,0.0461998050352646,-0.0764315354472519,0.109913112786547,1,295.491343736649,6.46114349365234e-05
1019,4000,340,0.0247322830277115,0.033245233104057,0.0336829023499026,-0.0404283738562402,0.0898929399116632,1,589.314105033875,7.98702239990234e-05
101,4000,34,-0.0395700416459602,0.0322099774812648,0.0331698057524032,-0.102701597509239,0.0235615142173188,1,476.497715234756,6.96182250976562e-05
1020,1000,341,0.063609123134954,0.0697203049106166,0.0696394396410524,-0.0730426744898545,0.200260920759763,1,95.9470887184143,5.88893890380859e-05
1021,2000,341,0.0586934971081672,0.0467913196168057,0.047497507230959,-0.033017489340772,0.150404483557107,1,295.138517379761,5.17368316650391e-05
1022,4000,341,-0.0509024561266849,0.0336316829588193,0.0330822828041393,-0.116820554725971,0.015015642472601,1,451.072559356689,0.000126838684082031
1023,1000,342,0.105754259931518,0.072025120045516,0.0679766714880013,-0.0354149753576935,0.246923495220729,1,232.845684528351,8.48770141601562e-05
1024,2000,342,-0.0285798015473595,0.0466963827034526,0.0457500174993674,-0.120104711646127,0.0629451085514076,1,303.995235681534,5.57899475097656e-05
1025,4000,342,-0.0444940559812487,0.0327950979303611,0.0332215814689235,-0.108772447924756,0.0197843359622591,1,743.920545578003,7.46250152587891e-05
1026,1000,343,0.0168197551712236,0.0671556894454147,0.0658066642404251,-0.114805396141789,0.148444906484236,1,157.49896478653,6.12735748291016e-05
1027,2000,343,0.0919476138665379,0.0463680098700151,0.047870138837306,0.00106631452130831,0.182828913211768,0,294.516748666763,5.340576171875e-05
1028,4000,343,-0.0185860056182608,0.0336379768462395,0.0331289162250337,-0.0845164402368901,0.0473444290003686,1,884.121214866638,8.86917114257812e-05
1029,1000,344,-0.057462788991289,0.0680883003286448,0.0686342412739763,-0.190915857635433,0.0759902796528547,1,136.645362138748,0.000105857849121094
102,1000,35,0.0386381519650966,0.0692017803898654,0.0680576152608105,-0.0969973375990397,0.174273641529233,1,111.710725069046,4.00543212890625e-05
1030,2000,344,0.0214934169019473,0.0497019040421806,0.047930409737454,-0.0759223150207266,0.118909148824621,1,201.652039289474,5.00679016113281e-05
1031,4000,344,0.0216209172807433,0.03364126354951,0.0336414094226624,-0.0443159592762963,0.0875577938377829,1,624.699377059937,7.51018524169922e-05
1032,1000,345,0.0215024276378365,0.0648485526769993,0.0631087498636422,-0.105600735609082,0.148605590884755,1,111.58190870285,5.10215759277344e-05
1033,2000,345,0.0387065241144328,0.0462405982219488,0.0477092957779162,-0.0519250484005867,0.129338096629452,1,415.728872537613,9.1552734375e-05
1034,4000,345,0.0197097487669969,0.0331273473861636,0.0335779743267525,-0.0452198521098838,0.0846393496438775,1,516.062499761581,6.46114349365234e-05
1035,1000,346,0.146007979087398,0.0651297036472814,0.0652704766168795,0.0183537599387268,0.27366219823607,0,106.244673967361,5.86509704589844e-05
1036,2000,346,0.0472817431346139,0.0469355171163878,0.0470825913047786,-0.0447118704135061,0.139275356682734,1,276.593256235123,0.000102996826171875
1037,4000,346,-0.0478907693489209,0.0337759575289585,0.0335239539058704,-0.114091646105679,0.0183101074078378,1,893.32985830307,9.46521759033203e-05
1038,1000,347,0.00623080728636556,0.0666057913089864,0.065225290886013,-0.124316543679248,0.136778158251979,1,168.597096920013,6.98566436767578e-05
1039,2000,347,0.0138761683532527,0.0464697828186143,0.0466504831983012,-0.0772046059712314,0.104956942677737,1,204.086971282959,6.43730163574219e-05
103,2000,35,0.025723998355672,0.0470682836787319,0.0469748573180515,-0.0665298376546426,0.117977834365987,1,219.958822488785,6.55651092529297e-05
1040,4000,347,-0.0156774594301449,0.0325790395457474,0.0339870264489997,-0.0795323769398097,0.04817745807952,1,457.331670761108,8.41617584228516e-05
1041,1000,348,0.0112991250975751,0.0649110056482639,0.0655412951411903,-0.115926445973022,0.138524696168172,1,101.440990924835,8.63075256347656e-05
1042,2000,348,0.0186643092716521,0.0480944508297374,0.0465966979969492,-0.0756008143546332,0.112929432897937,1,227.515294790268,5.14984130859375e-05
1043,4000,348,0.00301737763538376,0.0330583860669909,0.0332102017211859,-0.0617770590559184,0.0678118143266859,1,679.869970798492,8.20159912109375e-05
1044,1000,349,0.00344044683333591,0.0709482876623675,0.0691245480540599,-0.135618196984904,0.142499090651576,1,149.029147148132,4.76837158203125e-05
1045,2000,349,0.0479492670275329,0.0479230642688276,0.048431131634294,-0.0459799389393692,0.141878472994435,1,296.5570063591,5.98430633544922e-05
1046,4000,349,0.0395577292974152,0.032578315897914,0.0332563321640235,-0.0242957698624962,0.103411228457327,1,695.958487033844,7.70092010498047e-05
1047,1000,350,-0.058672031063361,0.0691961136159546,0.0701335657496325,-0.194296413750632,0.07695235162391,1,141.269286155701,6.24656677246094e-05
1048,2000,350,-0.000266619778189188,0.0480412683835573,0.0491029590230377,-0.0944275058099615,0.0938942662535831,1,212.951073408127,5.76972961425781e-05
1049,4000,350,0.0408047486400506,0.0331942728991528,0.033445748497498,-0.024256026242289,0.10586552352239,1,469.118393182755,6.103515625e-05
104,4000,35,0.0220253667915448,0.0327702266362023,0.0334950592633007,-0.0422042774154117,0.0862550109985013,1,924.901966571808,8.67843627929688e-05
1050,1000,351,0.0600980217324797,0.0616313213129294,0.0622762928187729,-0.0606993680408618,0.180895411505821,1,102.927274227142,7.05718994140625e-05
1051,2000,351,-0.024693464862032,0.0466668532596287,0.0473153764864768,-0.116160497250904,0.0667735675268403,1,287.298444271088,5.22136688232422e-05
1052,4000,351,0.00107929981526939,0.033318303901988,0.0335311038486638,-0.0642245758326271,0.0663831754631659,1,443.799067258835,0.000100612640380859
1053,1000,352,-0.0384989511903182,0.0693656817538814,0.0714434303730673,-0.174455687427926,0.0974577850472893,1,102.915333747864,4.31537628173828e-05
1054,2000,352,-0.0453092006355051,0.0476343333307385,0.0463603348918994,-0.138672493963753,0.0480540926927422,1,205.381880283356,8.82148742675781e-05
1055,4000,352,-0.0323595008865204,0.0330181526832656,0.0335758750377836,-0.097075080145721,0.0323560783726801,1,619.668024301529,7.62939453125e-05
1056,1000,353,-0.0211058534748933,0.06646700682311,0.0641798011123989,-0.151381186848189,0.109169479898402,1,222.220539331436,6.67572021484375e-05
1057,2000,353,0.0216618024350402,0.0487488095774291,0.0483919795155542,-0.0738858643367209,0.117209469206801,1,214.782560110092,5.26905059814453e-05
1058,4000,353,0.00470565286146317,0.0338176932069246,0.0340518035166685,-0.061577025824109,0.0709883315470353,1,978.179980278015,0.000108242034912109
1059,1000,354,0.0130017822430865,0.0698794076377149,0.0672148760929007,-0.123961856726835,0.149965421213008,1,156.900911331177,9.01222229003906e-05
105,1000,36,-0.0644397078691376,0.0689131617544743,0.0676327679568499,-0.199509504907907,0.070630089169632,1,108.327924728394,5.98430633544922e-05
1060,2000,354,0.0387982198264011,0.0466119616266769,0.0476879663063491,-0.0525612249618857,0.130157664614688,1,210.987476825714,4.98294830322266e-05
1061,4000,354,0.0377601251184823,0.0331625316143897,0.033561368097652,-0.0272384368457214,0.102758687082686,1,461.622639417648,7.86781311035156e-05
1062,1000,355,-0.0316115114370084,0.0713683411871242,0.0679428068091662,-0.171493460163772,0.108270437289755,1,156.858253479004,4.14848327636719e-05
1063,2000,355,-0.0178899832305785,0.0458411912041676,0.045133453029576,-0.107738717990747,0.0719587515295899,1,405.536914587021,7.34329223632812e-05
1064,4000,355,-0.0442915263506616,0.0332644376659856,0.0335214317506101,-0.109489824175993,0.0209067714746701,1,904.332467079163,8.32080841064453e-05
1065,1000,356,0.125495437227204,0.0693686433874263,0.0673205321156543,-0.0104671038121515,0.26145797826656,1,152.300719022751,8.65459442138672e-05
1066,2000,356,0.0687778648421476,0.0484090522388805,0.0495681614138544,-0.0261038775460583,0.163659607230353,1,325.177583217621,6.12735748291016e-05
1067,4000,356,0.00460023005545405,0.03297512020426,0.0328807537524908,-0.0600310055448956,0.0692314656558037,1,689.748877286911,0.000121116638183594
1068,1000,357,0.0420083490269286,0.0662132386493187,0.0658043960014173,-0.087769598725736,0.171786296779593,1,148.158289194107,6.27040863037109e-05
1069,2000,357,0.0886585612941587,0.0449739729804962,0.0452729724088954,0.00050957425238618,0.176807548335931,0,293.4424264431,9.01222229003906e-05
106,2000,36,-0.014705474343044,0.0480047729355101,0.0476169521918281,-0.108794829296644,0.0793838806105557,1,213.328993320465,7.17639923095703e-05
1070,4000,357,0.0313516941441304,0.0341717920300825,0.0346333134834415,-0.0356250182348313,0.0983284065230922,1,982.468588590622,0.00011134147644043
1071,1000,358,-0.038676915983188,0.0686627798575578,0.0706194999715013,-0.173255964504001,0.0959021325376254,1,104.969853878021,4.10079956054688e-05
1072,2000,358,-0.00455736835165725,0.0453082339160039,0.0459978034606154,-0.0933615068270249,0.0842467701237104,1,328.943138599396,6.22272491455078e-05
1073,4000,358,-0.0394438930377841,0.033727639077118,0.0340577171702144,-0.105550065628935,0.0266622795533671,1,506.040702819824,5.96046447753906e-05
1074,1000,359,0.0383857519794627,0.0669085857914698,0.0668005679231223,-0.0927550761718182,0.169526580130744,1,105.571578979492,5.14984130859375e-05
1075,2000,359,-0.021352528018861,0.046501169871981,0.0465686820358305,-0.112494820967944,0.0697897649302216,1,406.230252504349,0.000105857849121094
1076,4000,359,0.0496785590339556,0.033739309975341,0.0342424058307388,-0.0164504885177129,0.115807606585624,1,480.387831449509,7.60555267333984e-05
1077,1000,360,-0.0423215424647823,0.0749154063462096,0.0713174455809534,-0.189155738903353,0.104512653973789,1,107.505016803741,4.38690185546875e-05
1078,2000,360,0.0202573605680592,0.0472421904907998,0.0474531794495699,-0.0723373327939084,0.112852053930027,1,221.632744550705,5.340576171875e-05
1079,4000,360,0.0051096512417286,0.0333155726324482,0.0335081911406687,-0.0601888711178699,0.0704081736013271,1,465.079124689102,8.41617584228516e-05
107,4000,36,-0.00180147371877513,0.0321769106823466,0.0328581271624493,-0.0648682186561745,0.0612652712186243,1,466.286600589752,0.000110387802124023
1080,1000,361,0.0404955913161984,0.0694119652830341,0.0685775120043887,-0.0955518606385484,0.176543043270945,1,149.215707302094,7.00950622558594e-05
1081,2000,361,-0.015189511448778,0.0474456845761617,0.0462805320318424,-0.108183053218055,0.0778040303204989,1,217.226072072983,5.91278076171875e-05
1082,4000,361,0.0279496406476974,0.0334173021207642,0.0328887853616019,-0.0375482715090003,0.0934475528043952,1,464.402409315109,0.000110626220703125
1083,1000,362,0.12071394210259,0.0647114682885291,0.063511814847642,-0.00612053574292677,0.247548419948107,1,104.886900901794,3.60012054443359e-05
1084,2000,362,0.00131349820157395,0.047221433991101,0.0470609061309484,-0.091240512420984,0.0938675088241319,1,300.49316740036,6.77108764648438e-05
1085,4000,362,-0.0329342753014544,0.0333782725511235,0.0333665150654313,-0.0983556895016565,0.0324871388987477,1,452.739350795746,8.74996185302734e-05
1086,1000,363,-0.0251292012336791,0.0633949570015371,0.0641398155655168,-0.149383316956692,0.0991249144893337,1,112.833809614182,5.50746917724609e-05
1087,2000,363,0.0267519917058754,0.0480158729581396,0.0466015007617315,-0.0673591192920781,0.120863102703829,1,215.531050920486,6.22272491455078e-05
1088,4000,363,-0.00156509536361183,0.0326553831243267,0.0335469262469442,-0.0655696462872921,0.0624394555600685,1,435.774286985397,5.96046447753906e-05
1089,1000,364,0.0447801642571763,0.0687581281205699,0.0655352778346982,-0.0899857668591408,0.179546095373493,1,201.747710227966,6.50882720947266e-05
108,1000,37,0.0424678970810125,0.0684801985816725,0.0697359813356317,-0.0917532921390656,0.17668908630109,1,110.278447628021,5.12599945068359e-05
1090,2000,364,-0.0505279262253863,0.0501353940979469,0.0491459086064751,-0.148793298657362,0.0477374462065896,1,210.521026611328,5.53131103515625e-05
1091,4000,364,0.0554458972963615,0.0330523750077242,0.0336729395361012,-0.00933675771877795,0.120228552311501,1,462.961568117142,0.000104427337646484
1092,1000,365,-0.0564865836466506,0.0691422245031742,0.0672020524202824,-0.192005343672872,0.0790321763795708,1,103.151111841202,4.55379486083984e-05
1093,2000,365,-0.00920196262568118,0.0468195045680472,0.0479321874037958,-0.100968191579054,0.0825642663276913,1,223.489943981171,8.24928283691406e-05
1094,4000,365,-0.03021944245083,0.0329639375821243,0.0335097895969067,-0.0948287601117935,0.0343898752101336,1,485.798498392105,7.84397125244141e-05
1095,1000,366,-0.0221822398096453,0.0720878910160019,0.0726588139267454,-0.163474506201009,0.119110026581718,1,178.538936853409,7.72476196289062e-05
1096,2000,366,0.0470778457868637,0.0475210720793937,0.0482696653255825,-0.0460634554887479,0.140219147062475,1,421.731518507004,9.63211059570312e-05
1097,4000,366,0.0364095769840713,0.0329065630438954,0.0337182590448243,-0.0280872865819636,0.100906440550106,1,903.101482868195,9.17911529541016e-05
1098,1000,367,0.113818876630084,0.0703313149348879,0.0672242503872337,-0.0240305006422965,0.251668253902464,1,150.936703205109,5.69820404052734e-05
1099,2000,367,-0.0455073307446078,0.0481572247707819,0.0473222608631284,-0.13989549129534,0.0488808298061246,1,449.156808376312,8.20159912109375e-05
109,2000,37,0.0453365817064134,0.0455231069650331,0.0467104740642466,-0.0438887079450514,0.134561871357878,1,213.429595708847,6.34193420410156e-05
10,2000,4,0.00726234984631495,0.0480682094816762,0.0482098103131468,-0.0869513407377704,0.1014760404304,1,217.895616054535,6.84261322021484e-05
1100,4000,367,0.0586538305114549,0.0333451754424835,0.0339183134934807,-0.00670271335581269,0.124010374378723,1,479.129220962524,6.31809234619141e-05
1101,1000,368,0.0343665365058752,0.0658130396307142,0.0653139803850874,-0.0946270211703247,0.163360094182075,1,209.373167037964,7.17639923095703e-05
1102,2000,368,-0.041585265355066,0.0468263228520772,0.0477798407809674,-0.133364858145137,0.0501943274350053,1,405.340790271759,0.000106573104858398
1103,4000,368,-0.0781200307545905,0.0332158036094459,0.0341390349111556,-0.143223005829105,-0.0130170556800765,0,652.657996177673,0.000107288360595703
1104,1000,369,-0.109407588351853,0.0714641713352477,0.0678552460111808,-0.249477364168938,0.0306621874652324,1,209.946750879288,0.000115633010864258
1105,2000,369,-0.0867988161075827,0.0462934730920023,0.0465581236330607,-0.177534023367907,0.00393639115274179,1,216.786933660507,5.45978546142578e-05
1106,4000,369,0.0367427775778377,0.0335883013612537,0.0336196376712572,-0.0290902930902194,0.102575848245895,1,636.566592693329,7.34329223632812e-05
1107,1000,370,0.0499093750519894,0.0657061590766878,0.0647265342429502,-0.0788746967383187,0.178693446842297,1,103.261892080307,6.17504119873047e-05
1108,2000,370,-0.0205587618383892,0.0469491731717343,0.0492779188188606,-0.112579141254988,0.0714616175782099,1,339.465044975281,7.10487365722656e-05
1109,4000,370,0.00546972537834817,0.0341434822780498,0.0338236621758231,-0.0614514998866294,0.0723909506433257,1,682.328591108322,7.46250152587891e-05
110,4000,37,-0.0938519228521356,0.0336213618767392,0.0340136769956712,-0.159749792130544,-0.0279540535737269,0,688.214244604111,9.29832458496094e-05
1110,1000,371,-0.0633288181799868,0.065582455958806,0.0700807139299384,-0.191870431859247,0.065212795499273,1,107.836240768433,5.00679016113281e-05
1111,2000,371,-0.0383393000116738,0.0471259470068248,0.0470189469394641,-0.13070615614505,0.0540275561217029,1,431.068703651428,9.41753387451172e-05
1112,4000,371,0.0232133105006601,0.0332008188998084,0.0334695271106772,-0.0418602945429644,0.0882869155442846,1,715.126247406006,6.19888305664062e-05
1113,1000,372,0.115971231430726,0.0713545075431587,0.067297248656998,-0.0238836033538656,0.255826066215317,1,145.877051830292,7.89165496826172e-05
1114,2000,372,0.0677565129783552,0.0477212613288671,0.0486669596691348,-0.0257771592262244,0.161290185182935,1,227.076248168945,7.27176666259766e-05
1115,4000,372,-0.00127383980156262,0.03259193855788,0.0334241793711594,-0.0651540393750073,0.0626063597718821,1,476.44512295723,6.36577606201172e-05
1116,1000,373,0.0436535697080031,0.0692630027222914,0.0670154341697897,-0.092101915627688,0.179409055043694,1,109.098445177078,7.08103179931641e-05
1117,2000,373,-0.047208381081541,0.0459758659620258,0.046214097898365,-0.137321078367112,0.0429043162040295,1,449.837400197983,8.86917114257812e-05
1118,4000,373,-0.0498568253252221,0.0334777044331449,0.0337796051595256,-0.115473126014186,0.0157594753637419,1,449.356225252151,8.46385955810547e-05
1119,1000,374,0.0840406325167368,0.0689090499572334,0.0668296098463075,-0.0510211053994407,0.219102370432914,1,99.7262647151947,4.81605529785156e-05
111,1000,38,0.0367304024922881,0.0675757738761419,0.0667483208093468,-0.0957181143049501,0.169178919289526,1,99.4803845882416,5.03063201904297e-05
1120,2000,374,0.0336112761261166,0.0458604056630606,0.046196549997577,-0.0562751189734821,0.123497671225715,1,425.938928365707,8.63075256347656e-05
1121,4000,374,0.0356878624950406,0.0333205368927217,0.0337134034615684,-0.029620389814694,0.100996114804775,1,467.720432758331,6.38961791992188e-05
1122,1000,375,-0.0908211467618702,0.0687562473052802,0.0637121234853523,-0.225583391480219,0.0439410979564789,1,146.949769973755,5.17368316650391e-05
1123,2000,375,0.0185201205981465,0.0483703443653672,0.0479272339837243,-0.0762857543579732,0.113325995554266,1,321.410461187363,6.34193420410156e-05
1124,4000,375,0.04305461934886,0.0336492309797401,0.0342130982285093,-0.0228978733714307,0.109007112069151,1,453.694907665253,0.000124454498291016
1125,1000,376,-0.0100441020410626,0.064623518872665,0.066684038432911,-0.136706199031486,0.116617994949361,1,98.4528374671936,4.57763671875e-05
1126,2000,376,0.00912114800416323,0.0471958428973796,0.0478579480477191,-0.0833827040747007,0.101625000083027,1,322.387392044067,0.000105619430541992
1127,4000,376,0.00282831307564727,0.0328777246871526,0.0331910410618405,-0.0616120273111718,0.0672686534624663,1,506.691616535187,6.4849853515625e-05
1128,1000,377,-0.0274577101330844,0.0664812690254163,0.0627039882030749,-0.1577609974229,0.102845577156732,1,147.020913362503,8.15391540527344e-05
1129,2000,377,0.00221886034234262,0.0458529035837562,0.0457951871998586,-0.0876528306818196,0.0920905513665048,1,200.707271575928,5.03063201904297e-05
112,2000,38,-0.0911186580386873,0.0463617280361825,0.0472045867362944,-0.181987644989605,-0.00024967108776966,0,351.208347320557,7.79628753662109e-05
1130,4000,377,-0.000888405323010451,0.0336977662835753,0.0347962337425381,-0.066936027238818,0.0651592165927971,1,663.768377065659,0.000131130218505859
1131,1000,378,-0.0266224641948178,0.0667501851538608,0.0642438013834222,-0.157452827096385,0.104207898706749,1,107.010993003845,4.55379486083984e-05
1132,2000,378,0.0119516416508477,0.0474126347859135,0.0471136605354602,-0.0809771225295426,0.104880405831238,1,309.259648561478,6.65187835693359e-05
1133,4000,378,0.018005538799178,0.0325704825520597,0.0328763107934266,-0.045832607002859,0.081843684601215,1,703.649262905121,8.55922698974609e-05
1134,1000,379,0.00205136241618407,0.0671981734848589,0.0683250251526566,-0.129657057614139,0.133759782446507,1,101.60962677002,4.50611114501953e-05
1135,2000,379,0.0633180090864252,0.0467100033058513,0.0452418735029702,-0.0282335973930434,0.154869615565894,1,307.848386764526,6.89029693603516e-05
1136,4000,379,-0.0121475869724924,0.0335297945667061,0.0344890364897791,-0.0778659843232363,0.0535708103782515,1,716.677197694778,7.29560852050781e-05
1137,1000,380,-0.0920206848904539,0.0660372005036985,0.0649899546475412,-0.221453597877703,0.0374122280967951,1,106.674658536911,3.86238098144531e-05
1138,2000,380,0.0192025767958578,0.0474617038690521,0.0474302511686968,-0.0738223627874843,0.1122275163792,1,320.395033836365,7.72476196289062e-05
1139,4000,380,0.0247812831010531,0.0330197835382346,0.034372028343804,-0.0399374926338867,0.0895000588359929,1,463.01207447052,7.43865966796875e-05
113,4000,38,0.017679928254209,0.032723378263404,0.032881459759062,-0.0464578931420628,0.0818177496504807,1,454.48605132103,7.10487365722656e-05
1140,1000,381,0.0335106297633023,0.0669479185478458,0.0683477834435023,-0.0977072905904754,0.16472855011708,1,102.941188812256,4.05311584472656e-05
1141,2000,381,-0.0239635650413422,0.0477728282852496,0.0481111742481587,-0.117598308480431,0.0696711783977471,1,428.791410207748,8.65459442138672e-05
1142,4000,381,0.00816402094797322,0.0329124646361444,0.0335133697073494,-0.0563444097388698,0.0726724516348163,1,910.400733947754,0.000102758407592773
1143,1000,382,0.0563094006596656,0.0677411545685189,0.0678385627949394,-0.0764632622946316,0.189082063613963,1,156.823119163513,0.000143051147460938
1144,2000,382,-0.0158227255356606,0.0454898365215229,0.046843330007736,-0.104982805117845,0.0733373540465243,1,215.179616689682,5.17368316650391e-05
1145,4000,382,0.00268477227911773,0.0332651978819497,0.0339728518729799,-0.0625150155695037,0.0678845601277392,1,822.878115177155,9.94205474853516e-05
1146,1000,383,-0.0207751768006597,0.0708933275750612,0.0664235477352232,-0.15972609884778,0.11817574524646,1,148.352217435837,5.53131103515625e-05
1147,2000,383,0.072422946010732,0.0481662076024155,0.0489399428998345,-0.0219828208900023,0.166828712911466,1,212.18479847908,4.98294830322266e-05
1148,4000,383,0.0149774296483553,0.0343430979300373,0.0347867460846105,-0.0523350422945179,0.0822899015912284,1,717.25036239624,8.67843627929688e-05
1149,1000,384,-0.169463821227865,0.0678540047890615,0.0676400241875118,-0.302457670614426,-0.0364699718413044,0,111.605530977249,5.48362731933594e-05
114,1000,39,0.0469778493782411,0.0667841336962015,0.0669523335198165,-0.0839190526663138,0.177874751422796,1,191.735179901123,7.00950622558594e-05
1150,2000,384,-0.0981270491318164,0.0483417185882405,0.0479589462578296,-0.192876817564768,-0.003377280698865,0,216.53355884552,4.83989715576172e-05
1151,4000,384,0.00872996627895747,0.0334096508401352,0.0333174310367391,-0.0567529493677075,0.0742128819256224,1,648.97470998764,8.94069671630859e-05
1152,1000,385,-0.0373276558058976,0.0656266361442011,0.0660836703943271,-0.165955862648532,0.0913005510367365,1,107.818829059601,3.69548797607422e-05
1153,2000,385,-0.0881714162584941,0.0465671871154877,0.047808562850965,-0.17944310300485,0.00310027048786188,1,322.767961263657,8.82148742675781e-05
1154,4000,385,-0.0151702267150832,0.0332741690391878,0.0335579862833169,-0.0803875980318912,0.0500471446017249,1,642.791596889496,6.55651092529297e-05
1155,1000,386,-0.0119399881777029,0.0691762998018471,0.068943213435709,-0.147525535789323,0.123645559433917,1,107.894349098206,4.64916229248047e-05
1156,2000,386,0.0525219534321763,0.0483325530239027,0.0475103332760205,-0.0422098504946729,0.147253757359026,1,428.426906824112,7.96318054199219e-05
1157,4000,386,-0.0439425801495398,0.0339460309013214,0.0346973419827771,-0.11047680071613,0.0225916404170501,1,604.855183601379,5.38825988769531e-05
1158,1000,387,0.0176548149516767,0.0635644489111133,0.0624764979414214,-0.106931504914105,0.142241134817459,1,136.711934089661,6.62803649902344e-05
1159,2000,387,-0.0345751858234394,0.0457823054212707,0.0468136493790181,-0.12430850444913,0.0551581328022512,1,293.739354133606,6.58035278320312e-05
115,2000,39,-0.0659925315709038,0.0471609709881358,0.0458340988869755,-0.15842803470765,0.0264429715658423,1,223.954413175583,4.17232513427734e-05
1160,4000,387,0.0240561164974402,0.0326753886608839,0.0339301215298234,-0.0399876452778922,0.0880998782727725,1,962.825494289398,8.63075256347656e-05
1161,1000,388,-0.00768610054688729,0.067446889325007,0.0660737894213794,-0.139882003623901,0.124509802530126,1,103.726125001907,6.103515625e-05
1162,2000,388,0.0404632706325399,0.0471261742778445,0.0472474151318659,-0.0519040309520353,0.132830572217115,1,216.467550992966,5.36441802978516e-05
1163,4000,388,-0.00825815245485248,0.0334560011178363,0.0334629520163484,-0.0738319146458117,0.0573156097361067,1,640.235455036163,6.19888305664062e-05
1164,1000,389,-0.176134501109952,0.0731298741397091,0.0695119526768729,-0.319469054423782,-0.0327999477961224,0,150.392809867859,5.65052032470703e-05
1165,2000,389,0.0131543524321005,0.0456721880105672,0.0459429484307752,-0.0763631360686112,0.102671840932812,1,423.597535133362,8.392333984375e-05
1166,4000,389,0.0186799928036193,0.0327336104578249,0.0330865964085196,-0.0454778836937174,0.082837869300956,1,969.636082172394,7.43865966796875e-05
1167,1000,390,0.0340352886171189,0.0684370641709146,0.0657214310188133,-0.100101357157874,0.168171934392111,1,217.964259386063,8.51154327392578e-05
1168,2000,390,0.0148643193387098,0.0476560924011331,0.0486060818301357,-0.078541621767511,0.108270260444931,1,431.497671842575,8.70227813720703e-05
1169,4000,390,-0.019722760013152,0.033000639790123,0.0341428420510752,-0.0844040140017931,0.0449584939754891,1,963.018180608749,9.1552734375e-05
116,4000,39,-0.0411153912551378,0.0329671021773418,0.0327713496215909,-0.105730911522728,0.0235001290124521,1,482.292051315308,0.000113248825073242
1170,1000,391,-0.0264236836360953,0.0706618489866217,0.0720222353960604,-0.164920907649874,0.112073540377683,1,146.100253582001,5.31673431396484e-05
1171,2000,391,-0.140373502948994,0.048319908529577,0.048621208212629,-0.235080523666965,-0.0456664822310232,0,277.847640037537,4.60147857666016e-05
1172,4000,391,0.00174884068745969,0.0336810090552132,0.0333769254593767,-0.0642659370607583,0.0677636184356776,1,1053.87050509453,7.2479248046875e-05
1173,1000,392,-0.0538884290531637,0.069344410959093,0.0687477574545101,-0.189803474532986,0.0820266164266586,1,155.312227249146,4.67300415039062e-05
1174,2000,392,0.0456601425274506,0.0476875420587293,0.0474560418150217,-0.047807439907659,0.13912772496256,1,214.00905585289,6.866455078125e-05
1175,4000,392,0.030253134960458,0.0333494347860073,0.0331221123574593,-0.0351117572201163,0.0956180271410323,1,458.900865316391,8.74996185302734e-05
1176,1000,393,-0.0144575735615143,0.0665051277621339,0.0659576489835118,-0.144807623975297,0.115892476852268,1,202.465726137161,7.46250152587891e-05
1177,2000,393,0.0720924043184181,0.0480955394628237,0.0489230134678099,-0.0221748530287164,0.166359661665553,1,201.883155584335,7.51018524169922e-05
1178,4000,393,0.025694013125544,0.0338489783697557,0.0340930041477198,-0.0406499844791771,0.0920380107302652,1,458.309149503708,8.79764556884766e-05
1179,1000,394,0.036888082605028,0.0662266209325777,0.0678247510757982,-0.0929160944228242,0.16669225963288,1,205.418031215668,7.46250152587891e-05
117,1000,40,0.0501301186964539,0.0637677632275423,0.0661397440905552,-0.0748546972295291,0.175114934622437,1,104.770137786865,5.10215759277344e-05
1180,2000,394,-0.0339584544881583,0.0489651197218905,0.0485839117632486,-0.129930089143064,0.0620131801667472,1,271.508390426636,5.74588775634766e-05
1181,4000,394,0.0711029092776364,0.0328107134601315,0.0338682039192957,0.00679391089577862,0.135411907659494,0,430.960045337677,7.03334808349609e-05
1182,1000,395,0.0311771417594595,0.0691191596050387,0.070225504328662,-0.104296411066416,0.166650694585335,1,97.8582186698914,4.22000885009766e-05
1183,2000,395,0.0200420816282651,0.0476344373819584,0.0466910012921534,-0.0733214156403734,0.113405578896904,1,377.738513231277,8.53538513183594e-05
1184,4000,395,0.0072777083634093,0.033450233649948,0.0338754964948265,-0.0582847495904888,0.0728401663173074,1,449.676531076431,9.60826873779297e-05
1185,1000,396,0.0464365224560131,0.0666532422357293,0.0656963031712584,-0.0842038323260164,0.177076877238043,1,147.914759159088,5.79357147216797e-05
1186,2000,396,0.0384169042518391,0.047383739943628,0.0485574986192772,-0.0544552260376717,0.13128903454135,1,163.661505460739,4.02927398681641e-05
1187,4000,396,-0.0171532510627001,0.0328741519735798,0.0336416147552976,-0.0815865889309166,0.0472800868055164,1,667.172782182693,7.10487365722656e-05
1188,1000,397,0.0469449353093631,0.0664476420545668,0.0681430520120934,-0.0832924431175878,0.177182313736314,1,155.199970722198,5.31673431396484e-05
1189,2000,397,-0.0176660715478139,0.0457288181938724,0.0459605895883513,-0.107294555207804,0.0719624121121759,1,333.463275909424,5.36441802978516e-05
118,2000,40,-0.0421848120730429,0.0447892470362989,0.0442701188409214,-0.129971736264189,0.0456021121181029,1,205.754864931107,5.17368316650391e-05
1190,4000,397,0.0175830750347306,0.0328781454416406,0.0333937716974419,-0.046858090030885,0.0820242401003462,1,663.349690198898,0.000162124633789062
1191,1000,398,0.000679533828883991,0.0661089310032364,0.0642661966767829,-0.128893970937459,0.130253038595227,1,107.211497306824,5.05447387695312e-05
1192,2000,398,0.103502329320603,0.0473059673011537,0.0477462840475664,0.0107826334103421,0.196222025230865,0,223.15705871582,4.76837158203125e-05
1193,4000,398,0.0420390151834417,0.0329215269716673,0.0332543845083509,-0.0224871776810262,0.10656520804791,1,512.969243526459,7.67707824707031e-05
1194,1000,399,0.0151505572343185,0.0677890373676682,0.0661046836372889,-0.117715956006311,0.148017070474948,1,99.0950119495392,3.67164611816406e-05
1195,2000,399,0.0625925771271472,0.0476525431888261,0.0483527776466051,-0.0308064075229519,0.155991561777246,1,215.920196533203,5.53131103515625e-05
1196,4000,399,-0.0128297526727177,0.033341270481827,0.0336559755803878,-0.0781786428170987,0.0525191374716632,1,660.765482902527,5.67436218261719e-05
1197,1000,400,-0.056499285180386,0.0699258291172624,0.069464187702622,-0.19355391025022,0.0805553398894483,1,107.123699426651,6.62803649902344e-05
1198,2000,400,-0.038291565453564,0.0459650285211732,0.0468114577523875,-0.128383021355063,0.0517998904479355,1,267.383692264557,5.84125518798828e-05
1199,4000,400,-0.0589016583773509,0.032549184265844,0.0322712983547314,-0.122698059538405,0.00489474278370327,1,654.56342291832,7.74860382080078e-05
119,4000,40,0.0160709618041497,0.0332702558770219,0.033786934525786,-0.0491387397148131,0.0812806633231125,1,748.553113222122,0.00010371208190918
11,4000,4,-0.000912161685124144,0.0330601238605245,0.0334041203039525,-0.0657100044517522,0.0638856810815039,1,469.786150455475,8.48770141601562e-05
1200,1000,401,-0.0222059046019922,0.0657774233011487,0.0678034344847968,-0.151129654272244,0.106717845068259,1,107.425796985626,4.60147857666016e-05
1201,2000,401,0.0993996392679832,0.0462858765576907,0.046458106518991,0.00867932121490952,0.190119957321057,0,227.069828033447,7.98702239990234e-05
1202,4000,401,-0.00258936912534943,0.0332154309003915,0.0331276911315167,-0.0676916136901169,0.062512875439418,1,450.031433343887,6.79492950439453e-05
1203,1000,402,0.0221815675743132,0.0665692458448025,0.064621303414626,-0.1082941542815,0.152657289430126,1,130.603342533112,0.000106096267700195
1204,2000,402,0.0487094025375931,0.0489298206618278,0.0485131218499405,-0.0471930459595894,0.144611851034776,1,310.633226394653,4.88758087158203e-05
1205,4000,402,0.00492239274147506,0.0337933701038015,0.0336560599603187,-0.0613126126619759,0.071157398144926,1,707.980870723724,8.48770141601562e-05
1206,1000,403,-0.1292435033327,0.0673693274365938,0.070357536052303,-0.261287385108423,0.0028003784430243,1,208.236775875092,7.31945037841797e-05
1207,2000,403,0.00176648292719583,0.0498885125151858,0.0499330475481105,-0.0960150016025683,0.09954796745696,1,427.808237314224,8.94069671630859e-05
1208,4000,403,0.00447598076008543,0.0326714217523935,0.0335429356242036,-0.0595600058746059,0.0685119673947768,1,905.407436132431,0.000106573104858398
1209,1000,404,-4.80565381017043e-06,0.0686135288239763,0.0644414655565044,-0.134487322148804,0.134477710841183,1,108.199311256409,4.79221343994141e-05
120,1000,41,0.0607046451236903,0.0652627098714953,0.0676801725188144,-0.0672102662244403,0.188619556471821,1,151.358250379562,7.17639923095703e-05
1210,2000,404,0.0354304746946236,0.0481905398554573,0.0475429870004743,-0.0590229834220726,0.12988393281132,1,212.934268712997,6.34193420410156e-05
1211,4000,404,-0.02456945433399,0.0330717728218684,0.0333116283556536,-0.0893901290648522,0.0402512203968721,1,696.899457931519,0.000150442123413086
1212,1000,405,0.0181945879492431,0.0684001718518883,0.0673213551009967,-0.115869748880458,0.152258924778944,1,109.231215953827,6.65187835693359e-05
1213,2000,405,0.0472937829865655,0.0484991099503793,0.0495229520972269,-0.0477644725161778,0.142352038489309,1,228.018592834473,6.50882720947266e-05
1214,4000,405,-0.095095636130509,0.0338489468185871,0.0341061324427121,-0.16143957189494,-0.0287517003660783,0,908.769922018051,9.58442687988281e-05
1215,1000,406,-0.0281949965953064,0.0690166639641887,0.0647783575855032,-0.163467657965116,0.107077664774503,1,106.364179134369,4.67300415039062e-05
1216,2000,406,-0.0136996491930202,0.0462594115334259,0.0473686480175018,-0.104368095798535,0.0769687974124947,1,239.394604921341,6.27040863037109e-05
1217,4000,406,0.0243955857869205,0.0330855488813368,0.0339542915079861,-0.0404520900204996,0.0892432615943406,1,976.980500221252,9.79900360107422e-05
1218,1000,407,0.0558679680491192,0.0656155016362483,0.0667147218875278,-0.0727384151579274,0.184474351256166,1,171.2521879673,5.43594360351562e-05
1219,2000,407,-0.0525024258262269,0.0474918931600685,0.0472759714802824,-0.145586536419961,0.0405816847675075,1,320.87336063385,6.00814819335938e-05
121,2000,41,0.00574709254977242,0.0459130496734215,0.0461091193041455,-0.0842424848101338,0.0957366699096786,1,353.227916002274,9.27448272705078e-05
1220,4000,407,-0.0747392996836908,0.0329836607199844,0.0334250341345295,-0.13938727469486,-0.0100913246725214,0,454.647014141083,8.32080841064453e-05
1221,1000,408,0.0576526963451098,0.068012821597238,0.0670540336423289,-0.0756524339854767,0.190957826675696,1,101.409985542297,5.53131103515625e-05
1222,2000,408,-0.0258863896462593,0.0470936824596528,0.0463075655480059,-0.118190007267179,0.0664172279746602,1,216.376174211502,7.15255737304688e-05
1223,4000,408,0.0182387686337496,0.0325805249005591,0.0332745527577821,-0.0456190601713462,0.0820965974388455,1,467.618633747101,7.22408294677734e-05
1224,1000,409,0.0163408745808733,0.0751550856734101,0.0669987065507716,-0.13096309333901,0.163644842500757,1,147.599404573441,5.17368316650391e-05
1225,2000,409,0.0309584907717303,0.0471725020889418,0.0472200214563915,-0.0614996133225956,0.123416594866056,1,317.766403675079,6.84261322021484e-05
1226,4000,409,-0.0223574333087443,0.0339517466967272,0.033882475011728,-0.0889028568343296,0.0441879902168411,1,672.016217470169,8.82148742675781e-05
1227,1000,410,-0.0316161954698744,0.066959176997116,0.0679457285619186,-0.162856182384222,0.0996237914444729,1,212.568134069443,9.25064086914062e-05
1228,2000,410,-0.0112762409566251,0.0494741240026611,0.0481464718164318,-0.108245524001841,0.0856930420885907,1,306.73041176796,5.67436218261719e-05
1229,4000,410,0.027974558234025,0.0344113406730364,0.0344404100568849,-0.0394716694851263,0.0954207859531763,1,472.005427598953,8.65459442138672e-05
122,4000,41,0.0117167005572276,0.033404013541153,0.0338515651997024,-0.0537551659834323,0.0771885670978874,1,472.731865406036,5.98430633544922e-05
1230,1000,411,0.108176181218333,0.0665657670488945,0.0667204404503953,-0.0222927221975002,0.238645084634166,1,149.890255689621,8.32080841064453e-05
1231,2000,411,-0.0106146288692885,0.0478507158274746,0.0479521909649372,-0.104402031891139,0.0831727741525617,1,300.987355470657,5.62667846679688e-05
1232,4000,411,0.0109599564734841,0.0327828936509151,0.0331603798302787,-0.0532945150823094,0.0752144280292776,1,438.631047964096,7.70092010498047e-05
1233,1000,412,0.0441724684827624,0.0662462376266299,0.0644208135653256,-0.0856701572654321,0.174015094230957,1,106.549575328827,6.36577606201172e-05
1234,2000,412,0.0460055501430816,0.0465291969398672,0.0471864686476372,-0.0451916758590581,0.137202776145221,1,443.349263906479,8.15391540527344e-05
1235,4000,412,-0.00668482422708115,0.0329982869388315,0.033789761481786,-0.0713614666271908,0.0579918181730285,1,909.071089744568,9.96589660644531e-05
1236,1000,413,0.00582533054008067,0.0701707575681927,0.0691850532242908,-0.131709354293577,0.143360015373738,1,142.265011310577,6.31809234619141e-05
1237,2000,413,-0.0908995433535876,0.0476419187419547,0.0463680788613558,-0.184277704087819,0.00247861738064362,1,303.605778455734,5.67436218261719e-05
1238,4000,413,0.0300899188052835,0.033564521267803,0.0346003842545142,-0.0356965428796104,0.0958763804901774,1,702.500337362289,0.0001373291015625
1239,1000,414,0.187169135524021,0.0682492418161481,0.0663810539499093,0.0534006215643706,0.320937649483671,0,99.1478095054626,4.10079956054688e-05
123,1000,42,-0.0158291227567141,0.0665557322091329,0.0692546432419194,-0.146278357886615,0.114620112373186,1,102.884107351303,6.50882720947266e-05
1240,2000,414,0.011354444082929,0.0462211455875478,0.0467676042852793,-0.0792390012686646,0.101947889434523,1,308.319602012634,7.12871551513672e-05
1241,4000,414,0.02773453595908,0.0340031219978097,0.0333360698389025,-0.0389115831566271,0.0943806550747871,1,891.334825754166,0.000100851058959961
1242,1000,415,0.118486475766699,0.0673580734584157,0.0621831711965827,-0.0135353482117958,0.250508299745194,1,144.668210029602,0.000116586685180664
1243,2000,415,-0.0252419979070742,0.0488711905772928,0.0500624080547292,-0.121029531438568,0.0705455356244196,1,201.532599210739,5.17368316650391e-05
1244,4000,415,0.0358868670725064,0.0328547767228634,0.033661879143024,-0.0285084953043058,0.100282229449319,1,441.501697778702,6.84261322021484e-05
1245,1000,416,0.00883179109635937,0.0702524622991953,0.0692554049348488,-0.128863035010063,0.146526617202782,1,103.101803302765,4.81605529785156e-05
1246,2000,416,0.100004301527451,0.0470533161588689,0.0458361725723679,0.00777980185606794,0.192228801198834,0,421.615029811859,9.32216644287109e-05
1247,4000,416,0.0547727403342952,0.0337563342621373,0.0342318223536495,-0.011389674819494,0.120935155488084,1,727.561051845551,7.60555267333984e-05
1248,1000,417,-0.0495859377474823,0.0701933401071856,0.0694253346817944,-0.187164884357566,0.0879930088626015,1,107.259004354477,5.12599945068359e-05
1249,2000,417,-0.0464069559172652,0.0483047714087615,0.048306562138162,-0.141084307878438,0.0482703960439074,1,312.548895120621,0.000102519989013672
124,2000,42,0.0121189495372207,0.0483733506854095,0.0484010520486397,-0.0826928178061819,0.106930716880623,1,219.81711769104,7.2479248046875e-05
1250,4000,417,-0.0234773576330997,0.033363123133361,0.0341925693865663,-0.0888690789744873,0.041914363708288,1,464.617916584015,8.32080841064453e-05
1251,1000,418,0.0918167898883708,0.076322971541827,0.0721185692064675,-0.0577762343336101,0.241409814110352,1,103.326103448868,6.53266906738281e-05
1252,2000,418,0.0132007092641384,0.0459523203567508,0.046255648141964,-0.0768658386350931,0.10326725716337,1,415.130063056946,8.46385955810547e-05
1253,4000,418,-0.0261064986169122,0.0331992014113296,0.0333957481636722,-0.0911769333831181,0.0389639361492938,1,456.326937913895,8.20159912109375e-05
1254,1000,419,0.0255768152823737,0.066803841132447,0.0668565488306024,-0.105358713337222,0.15651234390197,1,137.375462770462,8.70227813720703e-05
1255,2000,419,0.0493573974077356,0.0464741937596319,0.0463521618369728,-0.0417320223611429,0.140446817176614,1,426.355691432953,8.53538513183594e-05
1256,4000,419,0.0279548445034248,0.0334931568256182,0.0339523775508358,-0.0376917428747869,0.0936014318816364,1,474.848366737366,7.43865966796875e-05
1257,1000,420,0.1394119793898,0.0666719544375558,0.0653127687838278,0.0087349486921903,0.270089010087409,0,79.8409552574158,5.38825988769531e-05
1258,2000,420,-0.0491735335720517,0.0478261140510922,0.0471775087260886,-0.142912717112192,0.0445656499680889,1,169.85377907753,7.96318054199219e-05
1259,4000,420,0.00953890518878899,0.0328629840962401,0.0336292058862425,-0.0548725436398415,0.0739503540174195,1,466.357781648636,9.63211059570312e-05
125,4000,42,0.0431253821120617,0.0332884199177809,0.0335305301582865,-0.0221199209267888,0.108370685150912,1,702.960896015167,0.000136375427246094
1260,1000,421,0.0903904678646506,0.0692253406778535,0.0673201592512097,-0.0452911998639422,0.226072135593243,1,139.663895606995,6.27040863037109e-05
1261,2000,421,-0.00357391091670888,0.0475984908183251,0.0484145176214763,-0.0968669529206261,0.0897191310872083,1,442.254139661789,9.67979431152344e-05
1262,4000,421,-0.0319096937260786,0.0325469982215547,0.0327616327132704,-0.0957018102403259,0.0318824227881686,1,685.33194065094,7.79628753662109e-05
1263,1000,422,-0.0779796009975257,0.064448646913855,0.0629632218736743,-0.204298948948682,0.0483397469536301,1,176.15105509758,5.55515289306641e-05
1264,2000,422,-0.033501122754949,0.048379211594427,0.0483459519502714,-0.128324377480026,0.0613221319701279,1,324.250287055969,6.103515625e-05
1265,4000,422,0.00282759103136382,0.0341372474689705,0.0340244527617159,-0.0640814140078183,0.0697365960705459,1,502.321657896042,8.15391540527344e-05
1266,1000,423,-0.0382978782756955,0.0679997078831822,0.0702638177839121,-0.171577305726732,0.0949815491753415,1,147.624880313873,7.41481781005859e-05
1267,2000,423,0.0229850999037638,0.0474477613937626,0.0494666012929794,-0.070012512428011,0.115982712235539,1,213.009024143219,5.57899475097656e-05
1268,4000,423,0.0191799819138586,0.0325103239599667,0.0326895530406429,-0.0445402530476761,0.0829002168753933,1,478.699553489685,7.39097595214844e-05
1269,1000,424,0.057396296824465,0.0667971183417556,0.0687247381321243,-0.073526055125376,0.188318648774306,1,221.028998374939,8.20159912109375e-05
126,1000,43,-0.0341452775543842,0.0697692406476111,0.0711803848519802,-0.170892989223702,0.102602434114934,1,162.618472099304,0.000104427337646484
1270,2000,424,0.0386504154752797,0.0457154582525173,0.0467682770894327,-0.0509518826996541,0.128252713650214,1,303.538924455643,0.000100612640380859
1271,4000,424,0.0784926994877898,0.033432638363607,0.0344589171975562,0.0129647282951201,0.14402067068046,0,509.423858880997,5.12599945068359e-05
1272,1000,425,0.0291382448948311,0.0686248828782082,0.0672942186021657,-0.105366525546457,0.163643015336119,1,100.196486473083,4.48226928710938e-05
1273,2000,425,0.0886194960392653,0.0457466516117092,0.0463767462327462,-0.00104394111968462,0.178282933198215,1,268.48409819603,5.31673431396484e-05
1274,4000,425,-0.0105678727822605,0.0333191887372055,0.0337888105289733,-0.0758734827071834,0.0547377371426623,1,469.178498029709,0.000106096267700195
1275,1000,426,0.0747770326081671,0.0664448499840263,0.0655871141660814,-0.0554548733605244,0.205008938576859,1,205.066675186157,8.79764556884766e-05
1276,2000,426,-0.120096505741772,0.0493468298549592,0.0486157565256472,-0.216816292257492,-0.0233767192260517,0,318.472289800644,7.29560852050781e-05
1277,4000,426,0.0158393184659996,0.0334440700081928,0.0333374962701119,-0.0497110587500583,0.0813896956820574,1,485.531837940216,6.84261322021484e-05
1278,1000,427,0.0337194883921355,0.0671909714935772,0.0655886038487515,-0.0979748157352757,0.165413792519547,1,214.731100559235,7.86781311035156e-05
1279,2000,427,0.0617497477006286,0.0469972443642115,0.0478666079053289,-0.0303648512532258,0.153864346654483,1,425.041717529297,7.10487365722656e-05
127,2000,43,0.0519077190283289,0.046864966565613,0.0472960657104527,-0.0399476154402726,0.14376305349693,1,218.070043087006,5.67436218261719e-05
1280,4000,427,0.0149087411847126,0.0333082963427281,0.0344489598179937,-0.0503755196470346,0.0801930020164597,1,702.996123313904,0.000109672546386719
1281,1000,428,0.0661794073823884,0.0675891349121709,0.0660569368550581,-0.0662952970454665,0.198654111810243,1,110.883818387985,6.81877136230469e-05
1282,2000,428,0.0187504498295043,0.0466700361566292,0.0467397463290252,-0.0727228210374888,0.110223720696497,1,199.929039001465,5.17368316650391e-05
1283,4000,428,0.00280189995010161,0.0330413141651689,0.0340640404506442,-0.0619590758136293,0.0675628757138326,1,724.74932217598,6.15119934082031e-05
1284,1000,429,-0.0257584040137731,0.0703644991713062,0.0687206813843375,-0.163672822389533,0.112156014361987,1,207.210429668427,7.65323638916016e-05
1285,2000,429,-0.0424250942340704,0.0473940106666079,0.048430873663762,-0.135317355140622,0.0504671666724811,1,306.322712659836,7.31945037841797e-05
1286,4000,429,0.0409510287328164,0.032431187350082,0.0329958608036903,-0.0226140984733444,0.104516155938977,1,928.545405864716,0.000110387802124023
1287,1000,430,0.0736470804395013,0.0682630763494241,0.0674266025225101,-0.06014854920537,0.207442710084373,1,105.842243671417,4.24385070800781e-05
1288,2000,430,0.00519505545951208,0.047431378864285,0.0471134560637294,-0.0877704471144866,0.0981605580335108,1,311.414129495621,8.63075256347656e-05
1289,4000,430,0.00279549820797707,0.0328321364100043,0.033539593978449,-0.0615554891556313,0.0671464855715854,1,501.419779062271,5.26905059814453e-05
128,4000,43,-0.00529787926052054,0.0337765040912584,0.0340516840197108,-0.0714998272793871,0.060904068758346,1,451.894443511963,6.866455078125e-05
1290,1000,431,-0.0267929558063601,0.070433204748147,0.0706532285833799,-0.164842037112728,0.111256125500008,1,216.612250089645,8.53538513183594e-05
1291,2000,431,0.00254614788056843,0.0477369649065727,0.0478928248018137,-0.091018303336314,0.0961105990974508,1,276.32914185524,7.48634338378906e-05
1292,4000,431,0.0333907750073911,0.0335492654424927,0.0347092112795561,-0.0323657852598946,0.0991473352746768,1,451.689903974533,0.000108003616333008
1293,1000,432,0.0196223524020919,0.0671761737877595,0.0678100246372497,-0.112042948221917,0.151287653026101,1,156.226168394089,7.00950622558594e-05
1294,2000,432,0.0362754579404485,0.047104934952712,0.0473556874973267,-0.0560502145668671,0.128601130447764,1,267.383610725403,5.91278076171875e-05
1295,4000,432,-0.00734068996824982,0.0333743108004128,0.0331095030193284,-0.072754339137059,0.0580729592005594,1,703.12822842598,0.0114600658416748
1296,1000,433,-0.0911736434666128,0.0688465205101568,0.0664235923879728,-0.22611282366652,0.0437655367332946,1,105.968162536621,9.22679901123047e-05
1297,2000,433,-0.0251671138164396,0.04678473270469,0.0469487472017494,-0.116865189917632,0.0665309622847528,1,321.404680013657,8.51154327392578e-05
1298,4000,433,0.0305654393246851,0.032811126896312,0.0334568419356611,-0.0337443693920864,0.0948752480414566,1,630.362312555313,5.81741333007812e-05
1299,1000,434,-0.0428688427390655,0.0641397307034378,0.0674368314239862,-0.168582714917804,0.0828450294396726,1,107.518495559692,5.62667846679688e-05
129,1000,44,0.0753932728152678,0.0660050033211449,0.0645249278191106,-0.0539765336941762,0.204763079324712,1,113.821774959564,7.46250152587891e-05
12,1000,5,-0.0589414009064465,0.0669193136428503,0.0655506857612011,-0.190103255646433,0.07222045383354,1,107.821108102798,4.88758087158203e-05
1300,2000,434,0.0460891534734023,0.0473287970889798,0.048200672286753,-0.0466752888209981,0.138853595767803,1,199.249563932419,4.91142272949219e-05
1301,4000,434,0.0546707502643573,0.0327638197318685,0.0328694225905991,-0.00954633641010491,0.118887836938819,1,447.786407470703,0.000105619430541992
1302,1000,435,-0.020130503333061,0.0692156290031017,0.0679973110792086,-0.15579313617914,0.115532129513018,1,77.7587926387787,6.12735748291016e-05
1303,2000,435,0.0322738359395812,0.0457575787738323,0.0459512479952659,-0.0574110184571301,0.121958690336293,1,302.449856758118,6.89029693603516e-05
1304,4000,435,-0.0445614721318933,0.0321421699215512,0.0321711764386371,-0.107560125178134,0.018437180914347,1,477.771470308304,9.01222229003906e-05
1305,1000,436,0.0698864499750439,0.0664132130511415,0.0677692832127266,-0.0602834476051934,0.200056347555281,1,98.2837579250336,4.52995300292969e-05
1306,2000,436,0.00416118722360499,0.0491207067703556,0.0485203531099391,-0.0921153980462919,0.100437772493502,1,205.544627666473,5.48362731933594e-05
1307,4000,436,-0.0128638200874494,0.0331764286611144,0.0340269618249894,-0.0778896202632335,0.0521619800883348,1,740.124773740768,7.53402709960938e-05
1308,1000,437,-0.0205805333659723,0.073477355436628,0.0704208330801082,-0.164596150021763,0.123435083289818,1,108.355070590973,6.00814819335938e-05
1309,2000,437,0.00149651349922006,0.0471108295284871,0.0481516882054266,-0.0908407123766147,0.0938337393750548,1,427.094654560089,0.000100135803222656
130,2000,44,-0.00491035079470164,0.0486892533616587,0.0480153909649185,-0.100341287383553,0.0905205857941495,1,275.027144908905,6.62803649902344e-05
1310,4000,437,0.0519353416534861,0.0341770980326464,0.033324503497479,-0.0150517704905009,0.118922453797473,1,506.38371348381,6.69956207275391e-05
1311,1000,438,0.116098150822075,0.0727666692975222,0.0694653002105623,-0.026524521001068,0.258720822645219,1,110.303902387619,6.12735748291016e-05
1312,2000,438,-0.00826564228555134,0.0478289516638655,0.0492896945333836,-0.102010387546728,0.0854791029756251,1,200.263529539108,7.79628753662109e-05
1313,4000,438,0.0163329881872368,0.0330225880070634,0.033066742632222,-0.0483912843066074,0.081057260681081,1,648.51399064064,6.15119934082031e-05
1314,1000,439,0.0399334398791702,0.0669480842977609,0.0667409039075192,-0.0912848053444411,0.171151685102781,1,96.5418424606323,5.14984130859375e-05
1315,2000,439,-0.0370934899470653,0.0478627799482961,0.0474179935498684,-0.130904538645726,0.056717558751595,1,324.628050804138,0.000113725662231445
1316,4000,439,0.0229603283616215,0.0339532729455564,0.0336392189709051,-0.0435880866116691,0.0895087433349121,1,608.026962518692,5.45978546142578e-05
1317,1000,440,0.00445083709870928,0.0692831506680498,0.0702349384033142,-0.131344138210668,0.140245812408087,1,144.997685432434,7.29560852050781e-05
1318,2000,440,0.0609845394281212,0.0470852372491886,0.0464085794442891,-0.0313025255802884,0.153271604436531,1,322.747366905212,0.000144481658935547
1319,4000,440,-0.0474251877359923,0.032957665084268,0.0330953071576998,-0.112022211301158,0.017171835829173,1,512.789563179016,7.74860382080078e-05
131,4000,44,0.0164938860972003,0.0333961672841232,0.0338942953530497,-0.0489626017796812,0.0819503739740818,1,941.588303804398,9.918212890625e-05
1320,1000,441,0.0299745346885261,0.0666921761547583,0.0639448746831518,-0.1007421305748,0.160691199951852,1,107.16837477684,5.36441802978516e-05
1321,2000,441,-0.0414780189396029,0.0477819534787123,0.0472725028421476,-0.135130647757879,0.0521746098786732,1,327.738040924072,0.000112056732177734
1322,4000,441,0.0374843360792659,0.0333290302076343,0.0342958714649178,-0.0278405631276972,0.102809235286229,1,458.888409376144,0.000113725662231445
1323,1000,442,0.0292067054389882,0.0678935585158592,0.0704144847775378,-0.103864669252096,0.162278080130072,1,214.711862564087,7.48634338378906e-05
1324,2000,442,0.140848560059784,0.0463729188879511,0.0465513039205377,0.0499576390394002,0.231739481080169,0,231.517455816269,4.1961669921875e-05
1325,4000,442,0.00906076348035044,0.0334354277114767,0.0337448303449251,-0.056472674834144,0.0745942017948448,1,469.645154237747,7.31945037841797e-05
1326,1000,443,0.073686355283432,0.0645396842845078,0.0651858769035139,-0.0528114259142033,0.200184136481067,1,130.512215137482,4.14848327636719e-05
1327,2000,443,-0.0242260364838326,0.0473955915953902,0.048644153892087,-0.117121396010797,0.0686693230431321,1,433.159843206406,8.94069671630859e-05
1328,4000,443,-0.017016307895162,0.0331254136878783,0.0329261693848574,-0.0819421187234036,0.0479095029330795,1,485.144086360931,8.67843627929688e-05
1329,1000,444,0.0953284548659361,0.0663140506615433,0.0679397664552445,-0.0346470844306889,0.225303994162561,1,174.975892782211,6.43730163574219e-05
132,1000,45,-0.0184187180772163,0.0660644895738444,0.0640117429501188,-0.147905117641951,0.111067681487519,1,105.663775444031,3.64780426025391e-05
1330,2000,444,0.0826432496691055,0.0470405628665466,0.0473710741663514,-0.00955625354932589,0.174842752887537,1,212.055308580399,5.91278076171875e-05
1331,4000,444,0.0194220665340115,0.0329753204296025,0.0343162225339482,-0.0452095615080094,0.0840536945760324,1,912.602665662766,0.000101089477539062
1332,1000,445,-0.0852314407409515,0.0664180448892512,0.068101058095293,-0.215410808723884,0.0449479272419807,1,215.051314353943,0.000116348266601562
1333,2000,445,-0.0384560285225926,0.0468954963115414,0.0488277879341537,-0.130371201293214,0.0534591442480284,1,437.360416889191,9.36985015869141e-05
1334,4000,445,0.0246722769763235,0.0332820022177605,0.0339416263154092,-0.0405604473704871,0.0899050013231341,1,373.515534162521,8.98838043212891e-05
1335,1000,446,0.118408823985815,0.0666838111966512,0.0677219614553515,-0.0122914459596211,0.249109093931252,1,104.056752681732,6.17504119873047e-05
1336,2000,446,0.014700391781349,0.0473841325918433,0.0478185989173675,-0.0781725080986638,0.107573291661362,1,307.133928060532,5.38825988769531e-05
1337,4000,446,-0.011812350435041,0.0339008823312261,0.0337911478536226,-0.0782580798042442,0.0546333789341621,1,447.551731348038,8.7738037109375e-05
1338,1000,447,-0.0377832116889608,0.0680992256913627,0.0686722338767864,-0.171257694044032,0.0956912706661101,1,120.803945541382,6.74724578857422e-05
1339,2000,447,-0.0131960571579011,0.0474817571442558,0.0466601499784154,-0.106260301160642,0.0798681868448402,1,434.63418841362,8.98838043212891e-05
133,2000,45,-0.0185880587737838,0.0457168673077111,0.0446562952736291,-0.108193118696898,0.0710170011493299,1,190.11595916748,5.00679016113281e-05
1340,4000,447,0.0571839152321194,0.0337650082988168,0.0335714806441239,-0.00899550103356159,0.1233633314978,1,813.502503395081,8.60691070556641e-05
1341,1000,448,0.0428997509716983,0.0697484040272252,0.0677360314186965,-0.0938071209216631,0.17960662286506,1,214.771604537964,6.103515625e-05
1342,2000,448,-0.0328433100119865,0.0479268491706509,0.0476834115495667,-0.126779934386462,0.0610933143624893,1,215.035574197769,7.03334808349609e-05
1343,4000,448,-0.0143166193319724,0.0330054178424911,0.033960492661922,-0.0790072383032549,0.0503739996393101,1,956.334755659103,9.17911529541016e-05
1344,1000,449,0.0155954717156012,0.0675573550813893,0.0681321134635222,-0.116816944243922,0.148007887675124,1,212.102447509766,7.86781311035156e-05
1345,2000,449,-5.0418919244086e-05,0.0474235504036266,0.0475555701948002,-0.0930005777103523,0.0928997398718641,1,277.998402118683,6.36577606201172e-05
1346,4000,449,0.0461012179294678,0.0335062925305079,0.0347035203304118,-0.0195711154303277,0.111773551289263,1,460.337638139725,8.94069671630859e-05
1347,1000,450,0.0645984988917056,0.0665435437250363,0.0651541753393657,-0.0658268468093656,0.195023844592777,1,105.604878664017,5.05447387695312e-05
1348,2000,450,-0.0199446671579877,0.0470999781701255,0.0473829793196724,-0.112260624371434,0.0723712900554583,1,362.568671226501,6.41345977783203e-05
1349,4000,450,0.0818955690291719,0.0327611181604776,0.0330073344923782,0.0176837774346359,0.146107360623708,0,989.992688417435,0.00011897087097168
134,4000,45,-0.00104254859227951,0.0328571230854295,0.0332520638055191,-0.0654425098397214,0.0633574126551624,1,429.473106145859,5.76972961425781e-05
1350,1000,451,-0.0388742046918227,0.0661245462241046,0.0707580892626963,-0.168478315291068,0.0907299059074223,1,106.764895677567,4.26769256591797e-05
1351,2000,451,-0.0855312371899283,0.0477766038334368,0.0475382917146741,-0.179173380703464,0.00811090632360777,1,315.993007421494,5.24520874023438e-05
1352,4000,451,0.0331662274112699,0.0323096736703858,0.0327385980471908,-0.0301607329826864,0.0964931878052261,1,442.453234910965,6.29425048828125e-05
1353,1000,452,-0.0502562118552674,0.0691378334915586,0.0668691681530415,-0.185766365498722,0.0852539417881875,1,96.7493667602539,4.43458557128906e-05
1354,2000,452,-0.0340935481986492,0.0479149035191395,0.0479336961567599,-0.128006759096163,0.0598196626988642,1,371.329999446869,7.03334808349609e-05
1355,4000,452,0.0216725547388351,0.0327175566542587,0.0333301680281089,-0.042453856303512,0.0857989657811821,1,469.016981601715,0.000113010406494141
1356,1000,453,-0.0499379382981738,0.067663647382268,0.0702721093373457,-0.182558687167419,0.0826828105710715,1,96.6874544620514,4.00543212890625e-05
1357,2000,453,0.0160203185336695,0.0460749455326999,0.0467603472521725,-0.0742865747104223,0.106327211777761,1,439.927249908447,7.51018524169922e-05
1358,4000,453,0.023562656945327,0.0341267026032688,0.0343794743555365,-0.04332568015708,0.0904509940477339,1,962.485575914383,0.000107765197753906
1359,1000,454,-0.0365184700945885,0.0631915860790268,0.064222981990164,-0.160373978809481,0.0873370386203041,1,105.751806735992,7.67707824707031e-05
135,1000,46,0.0235842689413368,0.0666328552073745,0.0668729039418879,-0.107016127265117,0.154184665147791,1,132.66477560997,4.33921813964844e-05
1360,2000,454,-0.0174813353685875,0.0492190278688347,0.049504341210963,-0.113950629991504,0.0789879592543285,1,304.230841159821,5.50746917724609e-05
1361,4000,454,-0.00294845095938829,0.0334936483273116,0.0335056713199577,-0.0685960016809191,0.0626990997621425,1,507.296930551529,7.91549682617188e-05
1362,1000,455,-0.0747745293101207,0.0671738038772379,0.0664303427145411,-0.206435184909507,0.0568861262892655,1,110.843124389648,4.43458557128906e-05
1363,2000,455,0.00356325590949254,0.0473802347266591,0.0480054894582502,-0.0893020041547593,0.0964285159737444,1,218.58784532547,6.27040863037109e-05
1364,4000,455,-0.0260501279895207,0.0328234904336222,0.0333453782326672,-0.0903841692394201,0.0382839132603788,1,943.863257169724,8.98838043212891e-05
1365,1000,456,-0.0357134004771035,0.0667558866453592,0.0659620252715851,-0.166554938302007,0.0951281373478005,1,100.268056154251,4.69684600830078e-05
1366,2000,456,0.0328949793973294,0.0491918856640166,0.0476124931726237,-0.0635211165041431,0.129311075298802,1,412.087202548981,8.98838043212891e-05
1367,4000,456,-0.0136379549685136,0.0332454304332985,0.0340696507546988,-0.0787989986177787,0.0515230886807515,1,695.768411874771,7.31945037841797e-05
1368,1000,457,0.0309216774502638,0.0644109029855922,0.0679137159413581,-0.0953236924014969,0.157167047302025,1,160.308130264282,4.64916229248047e-05
1369,2000,457,0.01650243224269,0.046772026157771,0.0471903662199327,-0.0751707390265412,0.108175603511921,1,319.078803300858,5.79357147216797e-05
136,2000,46,0.0470592698319959,0.0467467249120257,0.0470158842057686,-0.0445643109955745,0.138682850659566,1,210.303627967834,5.53131103515625e-05
1370,4000,457,0.0261024656653081,0.0331596213792278,0.0330430061742066,-0.0388903922379784,0.0910953235685946,1,680.967104196548,7.2479248046875e-05
1371,1000,458,0.086360428744137,0.0667839447220591,0.0682664077736792,-0.0445361029110989,0.217256960399373,1,107.653712272644,6.84261322021484e-05
1372,2000,458,0.0392737149846853,0.0470663270605761,0.0475784971013904,-0.0529762860540439,0.131523716023414,1,218.302082061768,5.81741333007812e-05
1373,4000,458,-0.0438716434188096,0.0334775392350293,0.0335957764404173,-0.109487620319467,0.0217443334818478,1,960.478666067123,9.48905944824219e-05
1374,1000,459,0.0870577023347653,0.0668483362560585,0.0659485093623013,-0.0439650367271093,0.21808044139664,1,133.750945091248,4.64916229248047e-05
1375,2000,459,0.0012461736985015,0.0479013886310243,0.0475629429060486,-0.0926405480183061,0.0951328954153091,1,435.563609838486,8.72611999511719e-05
1376,4000,459,0.0168416102584013,0.0332411046637099,0.033731607472223,-0.0483109548824702,0.0819941753992727,1,464.12805557251,8.24928283691406e-05
1377,1000,460,-0.0144748108494255,0.0670412237657983,0.0651700035469179,-0.14587560943039,0.116925987731539,1,149.302279472351,3.55243682861328e-05
1378,2000,460,-0.00461093435988935,0.047146379649075,0.0461130356076923,-0.0970178384720763,0.0877959697522976,1,297.943950891495,8.96453857421875e-05
1379,4000,460,0.00123373151631397,0.0329879628105151,0.0336307737028766,-0.0634226755922957,0.0658901386249236,1,955.705107450485,9.75131988525391e-05
137,4000,46,0.0510942022614653,0.0336565428679735,0.0341989450994352,-0.0148726217597628,0.117061026282693,1,505.915802001953,8.20159912109375e-05
1380,1000,461,-0.0227425747558665,0.0646599248382919,0.0643542171770616,-0.149476027438919,0.103990877927186,1,150.200037479401,7.58171081542969e-05
1381,2000,461,0.00307532076225977,0.0476331432916692,0.048187512775641,-0.0902856400894119,0.0964362816139314,1,193.011462926865,6.29425048828125e-05
1382,4000,461,0.00431384266625702,0.0327942353467716,0.0333782518412187,-0.0599628586134152,0.0685905439459293,1,648.007215261459,6.34193420410156e-05
1383,1000,462,0.0674378756800952,0.0686275998646457,0.0683582426851451,-0.0670722200546104,0.201947971414801,1,158.344676494598,5.7220458984375e-05
1384,2000,462,-0.0336706354559265,0.0460911359573733,0.0469280986412397,-0.124009261932378,0.0566679910205252,1,203.303470849991,6.60419464111328e-05
1385,4000,462,-0.00563221240075249,0.0334547726475891,0.0336783534776625,-0.0712035667900271,0.0599391419885222,1,501.396985292435,7.17639923095703e-05
1386,1000,463,0.0553246524463532,0.0672500693529036,0.0678701978678729,-0.0764854834853378,0.187134788378044,1,108.383268594742,3.67164611816406e-05
1387,2000,463,0.0195692598418546,0.0483475429919022,0.0489988884732849,-0.0751919244222737,0.114330444105983,1,301.954287528992,5.86509704589844e-05
1388,4000,463,0.043657048901625,0.0333719955727223,0.0334350102831614,-0.0217520624209108,0.109066160224161,1,481.310191392899,6.93798065185547e-05
1389,1000,464,-0.0708172939180889,0.065919163404809,0.0651299537653291,-0.200018854191515,0.0583842663553368,1,98.7509381771088,4.55379486083984e-05
138,1000,47,-0.0163579821323694,0.0709150097716172,0.0694963278869943,-0.155351401284739,0.12263543702,1,108.152189254761,6.36577606201172e-05
1390,2000,464,0.0122258369330776,0.0475389275800137,0.0482895784673054,-0.0809504611237493,0.105402134989904,1,433.183744668961,9.5367431640625e-05
1391,4000,464,-0.0107037364570066,0.032769668866788,0.0330705558712398,-0.0749322874359111,0.0535248145218979,1,454.64687538147,6.43730163574219e-05
1392,1000,465,0.0607812774930435,0.068140952172103,0.0697958557146325,-0.0727749887642783,0.194337543750365,1,212.296772480011,0.000109672546386719
1393,2000,465,0.050607376593209,0.0481080987143861,0.0492916127929738,-0.0436844968869877,0.144899250073406,1,210.954346179962,8.91685485839844e-05
1394,4000,465,-0.0159917488465058,0.0329770042229625,0.0338119396744543,-0.0806266771235122,0.0486431794305007,1,501.895911455154,7.12871551513672e-05
1395,1000,466,0.0823997402920442,0.0691192629183273,0.0680132947721969,-0.0530740150278773,0.217873495611966,1,151.449728250504,4.31537628173828e-05
1396,2000,466,0.0126593782152299,0.047560099528796,0.0474689543931324,-0.0805584168612102,0.10587717329167,1,205.08175945282,5.69820404052734e-05
1397,4000,466,0.0556536123048311,0.033883846760619,0.0343138811069562,-0.0107587273459822,0.122065951955644,1,449.593201637268,8.48770141601562e-05
1398,1000,467,0.0218502124596932,0.0674688920224849,0.0664719712867588,-0.110388815904377,0.154089240823764,1,104.977481842041,4.72068786621094e-05
1399,2000,467,-0.0129143675015332,0.0466984442042384,0.0484107594644742,-0.10444331814184,0.0786145831387741,1,424.270128011703,8.24928283691406e-05
139,2000,47,0.0538258493286247,0.0469317882097698,0.0457153414046763,-0.0381604555625242,0.145812154219774,1,359.256866693497,8.03470611572266e-05
13,2000,5,-0.0877077657837733,0.0486626277950107,0.0468608596205481,-0.183086516261994,0.00767098469444774,1,211.488928794861,5.31673431396484e-05
1400,4000,467,0.0614801257580234,0.0333382275302829,0.0337983077935034,-0.00386280020133111,0.126823051717378,1,655.301115989685,0.000109672546386719
1401,1000,468,-0.0139161607296327,0.0703126132389197,0.068161228786444,-0.151728882677915,0.12389656121865,1,107.653571605682,4.55379486083984e-05
1402,2000,468,-0.0319672232969973,0.0479778344045527,0.0473823091174994,-0.12600377872992,0.0620693321359259,1,274.289546966553,4.45842742919922e-05
1403,4000,468,-0.00640662713440086,0.0335454109653021,0.034352269190984,-0.0721556326263929,0.0593423783575912,1,479.827191829681,8.03470611572266e-05
1404,1000,469,-0.0435462443504116,0.0667270737479531,0.0637972536608644,-0.1743313088964,0.0872388201955765,1,111.04039812088,3.93390655517578e-05
1405,2000,469,0.0360844779841099,0.0477307304352591,0.0477077965905197,-0.057467753668998,0.129636709637218,1,278.195525169373,8.67843627929688e-05
1406,4000,469,0.0248323359079204,0.0326636204732659,0.0327548232333703,-0.0391883602196807,0.0888530320355216,1,677.986821889877,8.22544097900391e-05
1407,1000,470,-0.033481168253382,0.067322709388241,0.0679267232000349,-0.165433678654334,0.0984713421475704,1,96.9428610801697,3.98159027099609e-05
1408,2000,470,0.013001488170624,0.0464340251037308,0.0478656845115959,-0.0780092010326885,0.104012177373936,1,200.959179639816,5.86509704589844e-05
1409,4000,470,0.0305470846684322,0.0325532178601529,0.0341062548881184,-0.0332572223374674,0.0943513916743318,1,437.617550849915,6.866455078125e-05
140,4000,47,0.00589288405883827,0.0335174713282066,0.0347028434709932,-0.0598013597444467,0.0715871278621232,1,622.063322305679,6.22272491455078e-05
1410,1000,471,0.117487827079275,0.0655934671121147,0.0675170363983441,-0.0110753684604693,0.24605102261902,1,214.64803981781,8.22544097900391e-05
1411,2000,471,0.0661204149039127,0.0493445969176075,0.0481800357744806,-0.0305949950545981,0.162835824862423,1,221.351459026337,6.74724578857422e-05
1412,4000,471,0.0690480975019623,0.0329672697996881,0.0332954040584387,0.00443224869457365,0.133663946309351,0,504.622955083847,8.44001770019531e-05
1413,1000,472,-0.0759127778368672,0.0725806007086893,0.0644579263867409,-0.218170755225898,0.0663451995521638,1,133.286211967468,4.10079956054688e-05
1414,2000,472,0.0473779160612263,0.0472091662661678,0.0482695527706205,-0.0451520498204626,0.139907881942915,1,317.050071954727,9.10758972167969e-05
1415,4000,472,0.0257149382128301,0.0343497304789836,0.0339358609104873,-0.0416105335259777,0.0930404099516379,1,630.173469305038,8.96453857421875e-05
1416,1000,473,0.0359258066319877,0.0672531883275777,0.0651937543397637,-0.0958904424900646,0.16774205575404,1,109.847995519638,4.36305999755859e-05
1417,2000,473,-0.0197408572091887,0.0459712545865413,0.0455284958511811,-0.10984451619881,0.0703628017804322,1,211.452055454254,6.58035278320312e-05
1418,4000,473,-0.01510892501944,0.0334026962086581,0.0339212283624405,-0.0805782095884099,0.0503603595495299,1,444.534727096558,9.44137573242188e-05
1419,1000,474,0.0768746845200853,0.0684381447125774,0.0679055630042499,-0.0572640791165665,0.211013448156737,1,116.636906862259,4.57763671875e-05
141,1000,48,-0.0957567170524015,0.0657343879222406,0.0630326545097341,-0.224596117379993,0.03308268327519,1,110.657159566879,4.83989715576172e-05
1420,2000,474,0.0203892246042906,0.0489256249747377,0.04762917269273,-0.0755050003461953,0.116283449554776,1,427.210411310196,8.29696655273438e-05
1421,4000,474,0.000979536696843895,0.0334739562205665,0.0334172526932517,-0.0646294174954664,0.0665884908891542,1,444.059547424316,9.1552734375e-05
1422,1000,475,0.00587251626008144,0.0690938148281623,0.0693746200452331,-0.129551360803117,0.14129639332328,1,150.290538787842,5.19752502441406e-05
1423,2000,475,-0.0322718868609123,0.0481497010400659,0.048384527365741,-0.126645300899442,0.0621015271776169,1,422.37863612175,8.48770141601562e-05
1424,4000,475,0.0505351500534826,0.0328175709018478,0.0336518746433793,-0.0137872889141391,0.114857589021104,1,686.461965084076,8.72611999511719e-05
1425,1000,476,0.0194619517396571,0.0697662429469642,0.0694866342219608,-0.117279884436393,0.156203787915707,1,215.730003595352,8.41617584228516e-05
1426,2000,476,0.0299604320929188,0.0474827808367046,0.0476654888116209,-0.0631058183470223,0.12302668253286,1,321.68107676506,5.88893890380859e-05
1427,4000,476,-0.0542313216178334,0.0334576198015465,0.0338797279652455,-0.119808256428864,0.0113456131931978,1,893.390937328339,0.000112295150756836
1428,1000,477,0.000411013129544518,0.0667393176797825,0.0659447617069384,-0.130398049522829,0.131220075781918,1,102.35567688942,5.22136688232422e-05
1429,2000,477,0.0692979525827143,0.0482360400730447,0.0486776709824399,-0.0252446859604534,0.163840591125882,1,340.309540510178,5.340576171875e-05
142,2000,48,-0.0508741860044137,0.0468387615835542,0.0466526870918785,-0.14267815870818,0.0409297866993525,1,215.870280742645,6.55651092529297e-05
1430,4000,477,0.00276817998354668,0.033081860749899,0.0329529750384025,-0.0620722670862554,0.0676086270533487,1,465.039882421494,9.34600830078125e-05
1431,1000,478,-0.0123794258452061,0.0696976566071039,0.0710821290900876,-0.14898683279513,0.124227981104718,1,104.638899564743,5.10215759277344e-05
1432,2000,478,0.0276501237246654,0.0485069322664819,0.0483115186129089,-0.0674234635176391,0.12272371096697,1,290.772989034653,8.20159912109375e-05
1433,4000,478,0.00182866558428506,0.034241701936803,0.0350377184199538,-0.0652850702118489,0.068942401380419,1,594.197421073914,5.60283660888672e-05
1434,1000,479,0.0299707074468612,0.0686659547525132,0.0673757181837762,-0.104614563868065,0.164555978761787,1,151.019458293915,7.98702239990234e-05
1435,2000,479,0.0353019546434946,0.0477225385459604,0.0491545864088973,-0.0582342209065877,0.128838130193577,1,302.435357093811,6.98566436767578e-05
1436,4000,479,-0.00852461399929628,0.0335741710451239,0.0328706331215625,-0.0743299892477391,0.0572807612491465,1,469.272973299026,6.79492950439453e-05
1437,1000,480,-0.251787595865035,0.0684321101670343,0.0647825732290394,-0.385914531792423,-0.117660659937648,0,211.733284235001,8.03470611572266e-05
1438,2000,480,0.0223526935805556,0.0476563000456065,0.0485078099583168,-0.0710536545088331,0.115759041669944,1,198.095213413239,5.60283660888672e-05
1439,4000,480,-0.00857822998419433,0.0332782764860289,0.0337008405372527,-0.073803651896811,0.0566471919284223,1,971.542754173279,9.94205474853516e-05
143,4000,48,0.0119892387539133,0.0341690199585046,0.0339483538745398,-0.0549820403647557,0.0789605178725823,1,612.659456253052,5.57899475097656e-05
1440,1000,481,0.0488098512353519,0.0674811432724022,0.0703679231140852,-0.0834531895785564,0.18107289204926,1,99.9077727794647,5.48362731933594e-05
1441,2000,481,0.0277831200907709,0.0475163796774137,0.0482581359760994,-0.0653489840769599,0.120915224258502,1,207.530050516129,6.29425048828125e-05
1442,4000,481,0.0165607549496189,0.0323692702747527,0.0326900371573243,-0.0468830147888965,0.0800045246881342,1,713.22070646286,0.000127077102661133
1443,1000,482,0.0559172944374901,0.0696879524590557,0.060611250252329,-0.080671092382259,0.192505681257239,1,106.635393857956,4.52995300292969e-05
1444,2000,482,-0.0100050512269798,0.0495308916130207,0.0506653520574056,-0.1070855987885,0.0870754963345409,1,439.387793302536,0.000103235244750977
1445,4000,482,-0.0223857845421493,0.0328723581664566,0.0335676098300312,-0.0868156065484043,0.0420440374641057,1,690.872174263,6.96182250976562e-05
1446,1000,483,0.0736580294901222,0.0643644872465841,0.0637413334059867,-0.0524963655131827,0.199812424493427,1,107.836397647858,3.57627868652344e-05
1447,2000,483,-0.0192416285843938,0.0481896565570709,0.0475066565776391,-0.113693355436253,0.0752100982674652,1,454.341138124466,9.44137573242188e-05
1448,4000,483,0.00474588817553308,0.0328122853616604,0.0332556256461365,-0.0595661911333213,0.0690579674843875,1,437.558188915253,8.48770141601562e-05
1449,1000,484,-0.0213479511109531,0.0683123174901524,0.0685217478848394,-0.155240093391652,0.112544191169746,1,106.957963466644,5.12599945068359e-05
144,1000,49,-0.0344707584574156,0.0691366136232364,0.0639313610337136,-0.169978521158959,0.101037004244128,1,101.534788131714,4.05311584472656e-05
1450,2000,484,0.0298305469444699,0.0472846555716656,0.0472443959761378,-0.0628473779759946,0.122508471864934,1,422.564436197281,8.20159912109375e-05
1451,4000,484,0.00668293738781777,0.032813123926915,0.0332694525934245,-0.0576307855089356,0.0709966602845711,1,459.289612531662,6.12735748291016e-05
1452,1000,485,-0.00041321957784624,0.0662646324072391,0.065996299029713,-0.130291899096035,0.129465459940342,1,150.406453371048,5.38825988769531e-05
1453,2000,485,-0.0343326745312322,0.046538147280505,0.0464520078930544,-0.125547443201022,0.0568820941385576,1,337.91912484169,5.24520874023438e-05
1454,4000,485,0.00362669959905021,0.0329781178166303,0.0334050780439548,-0.0610104113215452,0.0682638105196457,1,660.86196064949,7.43865966796875e-05
1455,1000,486,-0.0641574845668504,0.0654839097881798,0.0622728727739336,-0.192505947751683,0.064190978617982,1,104.329486370087,7.91549682617188e-05
1456,2000,486,0.0544445272127449,0.0472713414635077,0.0470656929141073,-0.0382073020557302,0.14709635648122,1,324.247458696365,6.46114349365234e-05
1457,4000,486,0.00292347425977564,0.0335379885906954,0.0332694547941626,-0.0628109833779874,0.0686579318975386,1,885.894661903381,8.08238983154297e-05
1458,1000,487,0.0973558650627881,0.0702711521095573,0.064826372955124,-0.0403755930719442,0.23508732319752,1,104.596237421036,4.45842742919922e-05
1459,2000,487,0.0508054294741226,0.046297865714039,0.0458087477423133,-0.0399383873253938,0.141549246273639,1,406.6162981987,5.24520874023438e-05
145,2000,49,-0.0020583822493438,0.0469793861933212,0.0491908225120885,-0.0941379791882533,0.0900212146895658,1,206.583560228348,5.96046447753906e-05
1460,4000,487,0.0251326373701184,0.033752567191208,0.0341561243465983,-0.0410223943246492,0.0912876690648861,1,464.951596975327,8.48770141601562e-05
1461,1000,488,-0.0124203964841706,0.0669884600763939,0.0656751830872977,-0.143717778233903,0.118876985265561,1,103.972372293472,6.07967376708984e-05
1462,2000,488,-0.0930989720266982,0.047630012303397,0.047991625688419,-0.186453796141356,0.000255852087959876,1,291.978379249573,7.84397125244141e-05
1463,4000,488,-0.0467063871489861,0.032358954346721,0.0332375065103788,-0.110129937668559,0.016717163370587,1,586.647797822952,7.39097595214844e-05
1464,1000,489,0.0267399812952124,0.0670277360643837,0.066516736538895,-0.10463438139098,0.158114343981405,1,104.517992973328,6.17504119873047e-05
1465,2000,489,0.0368389680362198,0.047817154421342,0.0476552822070779,-0.0568826546296106,0.13056059070205,1,318.944574117661,7.60555267333984e-05
1466,4000,489,0.0675583514564521,0.032734625842984,0.033349239634266,0.00339848480420335,0.131718218108701,0,708.566107988358,7.72476196289062e-05
1467,1000,490,-0.103174079512933,0.0654764823398006,0.0635780547547129,-0.231507984898943,0.0251598258730759,1,221.519708156586,8.48770141601562e-05
1468,2000,490,-0.0994461882479073,0.0482596575075198,0.0478009206853482,-0.194035116962646,-0.00485725953316836,0,275.035739421844,9.1552734375e-05
1469,4000,490,-0.0498595754617033,0.0338094230033212,0.0342295851471281,-0.116126044548213,0.0164068936248061,1,923.468636035919,9.96589660644531e-05
146,4000,49,-0.0678597996028507,0.0333537659864152,0.0341299934961199,-0.133233180936224,-0.00248641826947701,0,464.369031906128,6.53266906738281e-05
1470,1000,491,0.0641422616465833,0.0673853979543171,0.0666424752547569,-0.0679331183438782,0.196217641637045,1,202.854012966156,8.41617584228516e-05
1471,2000,491,-0.0200673156085224,0.0465488653776525,0.0448823823115649,-0.111303091748721,0.0711684605316764,1,228.662220954895,6.31809234619141e-05
1472,4000,491,-0.0326250790474451,0.0334906017132605,0.0335073342785459,-0.0982666584054357,0.0330165003105455,1,682.657210111618,0.000104427337646484
1473,1000,492,0.0787036410992375,0.07010427658216,0.0679460691850652,-0.0587007410017961,0.216108023200271,1,154.984943151474,9.48905944824219e-05
1474,2000,492,0.0147828498411303,0.0483131847301088,0.0475684077911527,-0.0799109922298829,0.109476691912143,1,199.70166349411,4.79221343994141e-05
1475,4000,492,-0.0217953219696304,0.0331123643091635,0.0330546734259651,-0.0866955560155908,0.04310491207633,1,988.074146747589,9.96589660644531e-05
1476,1000,493,0.0115199847108998,0.0679723095842538,0.0663746649254461,-0.121705742074238,0.144745711496037,1,157.445764303207,7.91549682617188e-05
1477,2000,493,-0.0667838694407292,0.0476257463508776,0.0476805174896538,-0.160130332288449,0.0265625934069909,1,211.813962459564,8.15391540527344e-05
1478,4000,493,0.0124255111333025,0.0332512246706583,0.033310563152085,-0.0527468892211878,0.0775979114877929,1,647.053895235062,8.03470611572266e-05
1479,1000,494,0.0342710909067083,0.0683754749178204,0.0663624677098491,-0.0997448399322196,0.168287021745636,1,202.489782094955,6.53266906738281e-05
147,1000,50,-0.0139653077505478,0.0639191523375102,0.0642713512136968,-0.139246846332068,0.111316230830972,1,106.618821144104,4.43458557128906e-05
1480,2000,494,0.0382165175957151,0.0481180335902739,0.0481643680672555,-0.0560948282412218,0.132527863432652,1,269.537074565887,8.29696655273438e-05
1481,4000,494,-0.00868016278263613,0.0339166747373064,0.034461404965119,-0.0751568452677566,0.0577965197024843,1,478.038476228714,0.000107765197753906
1482,1000,495,0.041217396757959,0.0702158058414317,0.0683566776466071,-0.0964055826912472,0.178840376207165,1,103.64931678772,4.93526458740234e-05
1483,2000,495,0.0118712084587677,0.047075586856087,0.0478022258639924,-0.0803969417791628,0.104139358696698,1,441.603517055511,8.03470611572266e-05
1484,4000,495,0.0331003655599852,0.0334976211242881,0.0333512206717343,-0.0325549718436195,0.0987557029635899,1,511.594712495804,6.60419464111328e-05
1485,1000,496,0.0429502777823567,0.0661119800290839,0.0673709306632662,-0.0866292030746477,0.172529758639361,1,146.900727033615,5.38825988769531e-05
1486,2000,496,0.137626919250337,0.0487399003921602,0.0479610042464647,0.0420967144817025,0.233157124018971,0,204.683204650879,6.12735748291016e-05
1487,4000,496,0.0289986416046009,0.0331564392416718,0.0333887325294002,-0.0359879793090759,0.0939852625182777,1,443.885663986206,7.31945037841797e-05
1488,1000,497,0.00140073991215959,0.0669930896446471,0.0671615450647431,-0.129905715791349,0.132707195615668,1,225.483204603195,9.25064086914062e-05
1489,2000,497,0.0253588368150913,0.0489360693054782,0.0493795436227419,-0.070555859023646,0.121273532653829,1,293.496004343033,7.20024108886719e-05
148,2000,50,0.0288200357440215,0.0462977495817879,0.0463643809178321,-0.0619235534362828,0.119563624924326,1,229.025988340378,7.05718994140625e-05
1490,4000,497,0.0510052240203504,0.0335577159465886,0.0334687985634742,-0.0147678992349633,0.116778347275664,1,504.114229202271,7.53402709960938e-05
1491,1000,498,-0.0381944348867334,0.0655032613845132,0.0641983706311702,-0.166580827200379,0.0901919574269125,1,131.174639463425,5.26905059814453e-05
1492,2000,498,-0.0586881319865911,0.0474717604587087,0.0464221832897578,-0.15173278248566,0.034356518512478,1,213.134606361389,5.19752502441406e-05
1493,4000,498,0.0206906213336911,0.0329758257155017,0.0333755428562181,-0.0439419970686923,0.0853232397360744,1,473.53782916069,7.60555267333984e-05
1494,1000,499,0.0931229385360703,0.0677917698293358,0.068152920492689,-0.0397489303294278,0.225994807401568,1,145.163886785507,5.31673431396484e-05
1495,2000,499,-0.0244661125898477,0.04662726457113,0.0481701367602432,-0.115855551149263,0.0669233259695671,1,299.933730840683,0.00398492813110352
1496,4000,499,0.00999282214647064,0.0328363977556511,0.0330495673793827,-0.0543665174546056,0.0743521617475469,1,479.114231824875,8.27312469482422e-05
1497,1000,500,0.0863988119043306,0.066870959835447,0.0654883573073985,-0.0446682693731455,0.217465893181807,1,106.058695793152,6.07967376708984e-05
1498,2000,500,0.0192878650143317,0.0474775665117218,0.0490607880539366,-0.0737681653486429,0.112343895377306,1,212.750849246979,5.48362731933594e-05
1499,4000,500,-0.0342903842078163,0.0335512244913,0.0340362092734625,-0.100050784210764,0.0314700157951317,1,671.253814697266,9.22679901123047e-05
149,4000,50,-0.0446061776522058,0.0332718465714722,0.0334842038064332,-0.109818996932291,0.0206066416278796,1,469.393819332123,8.53538513183594e-05
14,4000,5,-0.0340435487532438,0.0329622406313919,0.0337408604739399,-0.0986495403907719,0.0305624428842844,1,475.383654356003,8.86917114257812e-05
1500,1000,501,0.0467593831915563,0.0667960335711202,0.0708626959194686,-0.0841608426078393,0.177679608990952,1,211.167086601257,9.75131988525391e-05
1501,2000,501,0.00988080576740811,0.0473721879608563,0.047404492670038,-0.0829686826358702,0.102730294170686,1,214.050462007523,7.55786895751953e-05
1502,4000,501,0.0221257815052712,0.0328363572363405,0.0332015200647338,-0.0422334786779561,0.0864850416884985,1,478.211970567703,6.36577606201172e-05
1503,1000,502,-0.0588707078566639,0.0674787147633974,0.0660318018411598,-0.191128988792923,0.073387573079595,1,147.872213602066,5.12599945068359e-05
1504,2000,502,0.00370279032863488,0.0478618083287779,0.0492670395342919,-0.0901063539957698,0.0975119346530396,1,214.544895648956,6.72340393066406e-05
1505,4000,502,0.0715053542918316,0.0331588039172657,0.0333923005799363,0.00651409861399095,0.136496609969672,0,454.351073741913,0.000116586685180664
1506,1000,503,-0.0136994779510178,0.0690000983910992,0.0687936741442231,-0.148939670797572,0.121540714895537,1,102.293471097946,4.48226928710938e-05
1507,2000,503,-0.0840270521292933,0.0472515350092574,0.0462558514915801,-0.176640060747438,0.00858595648885123,1,202.172781229019,5.38825988769531e-05
1508,4000,503,-0.00946322169677931,0.0333071193557317,0.0333595113845887,-0.0747451756340134,0.0558187322404548,1,494.876039266586,5.50746917724609e-05
1509,1000,504,0.0984917942133739,0.064471754479761,0.0648006264379878,-0.0278728445669577,0.224856432993705,1,160.058507919312,6.103515625e-05
150,1000,51,0.0516358283698984,0.0688966172686051,0.068020535726389,-0.0834015414765677,0.186673198216364,1,107.444645404816,4.67300415039062e-05
1510,2000,504,-0.037368964027106,0.0491034097773264,0.0490616690904994,-0.133611647190666,0.0588737191364537,1,206.843676805496,4.86373901367188e-05
1511,4000,504,-0.0202547981939995,0.0323393409516136,0.032971553842769,-0.0836399064591622,0.0431303100711632,1,610.892057657242,7.34329223632812e-05
1512,1000,505,-0.0258344202228451,0.0668246879179281,0.0663959237281075,-0.156810808541984,0.105141968096294,1,144.535311937332,5.05447387695312e-05
1513,2000,505,-0.0457620576960166,0.0472815253233354,0.0468149773802053,-0.138433847329754,0.0469097319377208,1,214.917407274246,6.34193420410156e-05
1514,4000,505,0.0200055085954764,0.0332789769913917,0.0341137234123255,-0.0452212863076514,0.0852323034986042,1,644.964414596558,6.36577606201172e-05
1515,1000,506,0.0119641074400443,0.067334731309601,0.0638751939998418,-0.120011965926774,0.143940180806862,1,102.738721132278,4.31537628173828e-05
1516,2000,506,0.0240958261606737,0.0468063569633711,0.0467242003897742,-0.0676446334875337,0.115836285808881,1,211.686583995819,6.4849853515625e-05
1517,4000,506,0.0227659558506065,0.0327927794990287,0.0334710284786819,-0.0415078919674897,0.0870398036687027,1,509.037471532822,6.12735748291016e-05
1518,1000,507,0.0736996405197937,0.0687402906670852,0.0667934796171283,-0.0610313291876932,0.208430610227281,1,105.993187189102,4.43458557128906e-05
1519,2000,507,0.0367511293743008,0.0460762443614492,0.0465287789101292,-0.0535583095741395,0.127060568322741,1,214.99251294136,7.31945037841797e-05
151,2000,51,-0.000332818452864108,0.0461408655099975,0.0468753446078536,-0.0907689148524592,0.090103277946731,1,205.092643499374,8.05854797363281e-05
1520,4000,507,0.018657085907871,0.0323172054953198,0.0334179575308036,-0.0446846368629559,0.0819988086786979,1,450.746671199799,7.96318054199219e-05
1521,1000,508,-0.0103733148016236,0.0664592540653785,0.0652606428754964,-0.140633452769765,0.119886823166518,1,78.2406861782074,3.57627868652344e-05
1522,2000,508,0.05597776594751,0.0479610424316128,0.0476225015700848,-0.038025877218451,0.149981409113471,1,204.376083850861,5.10215759277344e-05
1523,4000,508,-0.0198194026444355,0.0332739274961306,0.0332972533171226,-0.0850363005368515,0.0453974952479804,1,461.957548379898,0.000112771987915039
1524,1000,509,0.00607290265378013,0.0712121707936578,0.0695525793830302,-0.133502952101789,0.145648757409349,1,213.666368722916,5.88893890380859e-05
1525,2000,509,0.0536814404801531,0.0473842877554854,0.0479566306176345,-0.0391917635205984,0.146554644480904,1,317.686176538467,7.22408294677734e-05
1526,4000,509,0.0258960712448024,0.0334964613236637,0.0333861678256055,-0.0397569929495784,0.0915491354391833,1,504.382702827454,6.72340393066406e-05
1527,1000,510,0.0481901861606327,0.068087846046352,0.0643704352699795,-0.0852619920902173,0.181642364411483,1,97.8598432540894,4.22000885009766e-05
1528,2000,510,0.0398040668694275,0.0464959639777601,0.0471364475951957,-0.0513280225269823,0.130936156265837,1,305.162462711334,6.74724578857422e-05
1529,4000,510,0.0252657360598932,0.0331321516080653,0.0332133956766519,-0.0396732810919148,0.0902047532117012,1,1004.73691391945,0.000113964080810547
152,4000,51,0.00687540463742519,0.0335024100311204,0.0328292230718751,-0.0587893190235709,0.0725401282984212,1,603.563644170761,5.53131103515625e-05
1530,1000,511,-0.126939799017477,0.0707657371594171,0.0708637572500635,-0.265640643849934,0.0117610458149805,1,210.356738567352,0.000115633010864258
1531,2000,511,-0.032533816067121,0.0483127543383131,0.0480709789516535,-0.127226814570215,0.0621591824359726,1,366.10397195816,8.48770141601562e-05
1532,4000,511,-0.0500987701148244,0.0329805788000415,0.0330621681046208,-0.114740704562906,0.0145431643332568,1,644.340814828873,9.5367431640625e-05
1533,1000,512,-0.0594902817926149,0.0678591597304292,0.0667781557618161,-0.192494234864256,0.0735136712790264,1,108.152654409409,5.81741333007812e-05
1534,2000,512,-0.0979765056901307,0.0470775126269621,0.0464885951921365,-0.190248430438976,-0.00570458094128501,0,323.058179616928,5.98430633544922e-05
1535,4000,512,0.0111144430065788,0.03298968957566,0.0333174794010299,-0.0535453485617148,0.0757742345748724,1,706.667242288589,8.20159912109375e-05
1536,1000,513,0.0375594400354283,0.0700915339107778,0.0665688331718733,-0.0998199664296962,0.174938846500553,1,211.691664457321,5.65052032470703e-05
1537,2000,513,0.0164788105767284,0.0487585370720973,0.0485403071720798,-0.0790879220845822,0.112045543238039,1,234.114009618759,6.60419464111328e-05
1538,4000,513,-0.0136755858048698,0.0330679656763361,0.0341188409178659,-0.0784887985304885,0.051137626920749,1,670.950609207153,0.000130891799926758
1539,1000,514,-0.08315666155355,0.0719178108826478,0.0717381986018325,-0.22411557088354,0.0578022477764397,1,143.898015975952,5.50746917724609e-05
153,1000,52,0.0894895722793854,0.0695936082171387,0.0683987191858812,-0.0469138998262064,0.225893044384977,1,132.328617095947,4.79221343994141e-05
1540,2000,514,-0.0208242922094837,0.0475095395898742,0.0469936196688558,-0.113942989805637,0.0722944053866697,1,206.989556789398,5.14984130859375e-05
1541,4000,514,0.042196143048432,0.0329240509119471,0.0337075105968247,-0.0223349967389843,0.106727282835848,1,448.690633058548,7.70092010498047e-05
1542,1000,515,-0.0690101792818372,0.067235006079977,0.0652026379034923,-0.200790791198592,0.0627704326349178,1,152.488328695297,5.53131103515625e-05
1543,2000,515,0.00953681207820748,0.046624498732611,0.0475894163538655,-0.0818472054377102,0.100920829594125,1,316.834948539734,5.81741333007812e-05
1544,4000,515,0.0198371103109978,0.0327130440861398,0.0329336886752222,-0.0442804560978363,0.0839546767198319,1,486.36269569397,8.03470611572266e-05
1545,1000,516,0.111509665724682,0.0665451810036454,0.0660782803716818,-0.0189188890424629,0.241938220491827,1,212.110679864883,6.60419464111328e-05
1546,2000,516,0.00835042298184334,0.0467183685429903,0.0471246609590922,-0.0832175793624177,0.0999184253261044,1,214.188858509064,7.27176666259766e-05
1547,4000,516,0.0481084303482549,0.0329072397346243,0.0335210940207518,-0.0163897595316088,0.112606620228119,1,670.911939382553,8.13007354736328e-05
1548,1000,517,-0.00556947351113903,0.0658543486940463,0.0683012361688519,-0.13464399695147,0.123505049929192,1,168.475551366806,7.60555267333984e-05
1549,2000,517,-0.0357332422731043,0.0455484308199633,0.0468551123615209,-0.125008166680232,0.0535416821340238,1,269.482390165329,4.88758087158203e-05
154,2000,52,0.0170690337484792,0.048109195041374,0.0466689068599039,-0.0772249885326139,0.111363056029572,1,325.78520321846,0.000140905380249023
1550,4000,517,0.0258387771080482,0.0329367172128822,0.0327466987224683,-0.0387171886292008,0.0903947428452972,1,483.704175710678,0.000110626220703125
1551,1000,518,0.0450240254980744,0.0696327031893585,0.0672269806902103,-0.0914560727530683,0.181504123749217,1,94.7738239765167,3.62396240234375e-05
1552,2000,518,-0.00767552074307991,0.0455050968584103,0.0462684738153547,-0.0968655105855641,0.0815144690994043,1,321.85135436058,7.39097595214844e-05
1553,4000,518,-0.00171595309115438,0.0345535272460629,0.0341262720842846,-0.0694408664934378,0.066008960311129,1,681.649684667587,7.39097595214844e-05
1554,1000,519,-0.125521536845434,0.065248181396687,0.0643297741585856,-0.25340797238294,0.00236489869207307,1,110.238819360733,6.05583190917969e-05
1555,2000,519,-0.0197516845745261,0.0482189517183795,0.0497209441777229,-0.11426082994255,0.0747574607934977,1,273.999620199203,7.67707824707031e-05
1556,4000,519,0.006092974797827,0.0337520955028696,0.0338022251753328,-0.0600611323877973,0.0722470819834513,1,702.106199026108,0.000104904174804688
1557,1000,520,-0.0297993446370183,0.0666273062139256,0.066243911094949,-0.160388864816313,0.100790175542276,1,210.431744813919,8.48770141601562e-05
1558,2000,520,-0.0407326316223199,0.0478381006188584,0.0473859050988902,-0.134495308835282,0.0530300455906426,1,437.026849031448,0.000109672546386719
1559,4000,520,-0.038688579077694,0.0335901540303073,0.0339613288368928,-0.104525280977096,0.0271481228217083,1,504.753938436508,7.10487365722656e-05
155,4000,52,0.000577859735768049,0.0331772861290022,0.0345581779225348,-0.0644496210770763,0.0656053405486123,1,713.980057239532,8.86917114257812e-05
1560,1000,521,0.0371314439570744,0.0700538226874404,0.0677416108209329,-0.100174048510309,0.174436936424458,1,131.703006267548,5.19752502441406e-05
1561,2000,521,-0.00863088254526409,0.0492593490305565,0.0507072925781903,-0.105179206645155,0.0879174415546266,1,228.92778968811,7.51018524169922e-05
1562,4000,521,0.0472894588856961,0.034384237606232,0.0345450275422245,-0.0201036468225186,0.114682564593911,1,457.866797208786,0.000159025192260742
1563,1000,522,-0.00349267073459154,0.0689012494427589,0.0665867372712193,-0.138539119642399,0.131553778173216,1,220.66792011261,7.84397125244141e-05
1564,2000,522,0.0221628505841661,0.0483787464217405,0.0468748477617483,-0.0726594924024453,0.116985193570777,1,436.616552829742,9.41753387451172e-05
1565,4000,522,0.0276235022483878,0.0330193570195162,0.0337405688778645,-0.037094437509864,0.0923414420066396,1,901.329179763794,9.01222229003906e-05
1566,1000,523,-0.0174451051965358,0.0697704625143937,0.0679402533595584,-0.154195211724747,0.119305001331676,1,106.225236177444,4.67300415039062e-05
1567,2000,523,0.0272247559705938,0.0463430644901785,0.0471382072096928,-0.0636076504301561,0.118057162371344,1,331.688075780869,8.36849212646484e-05
1568,4000,523,-0.0117530309036508,0.0332641764210597,0.0333846509487663,-0.0769508166889278,0.0534447548816263,1,992.772013187408,9.82284545898438e-05
1569,1000,524,0.0789783381133221,0.0676236643017646,0.0680196094762235,-0.0535640439181364,0.211520720144781,1,211.728844404221,6.96182250976562e-05
156,1000,53,-0.0922337531542043,0.0686973715120807,0.065862596084076,-0.226880601317882,0.0424130950094739,1,152.859024763107,9.10758972167969e-05
1570,2000,524,-0.0304898710859901,0.0505160530884367,0.0495401397597384,-0.129501335139326,0.0685215929673459,1,454.112718582153,7.77244567871094e-05
1571,4000,524,-0.00536062236335054,0.0339278345238196,0.0339947629563233,-0.0718591780300369,0.0611379333033358,1,374.443836927414,6.05583190917969e-05
1572,1000,525,0.0207428227925541,0.0665584604424541,0.069291469143547,-0.109711759674656,0.151197405259764,1,104.710432529449,4.05311584472656e-05
1573,2000,525,-0.00167231388654039,0.0475394613690924,0.0484543300455249,-0.0948496581699616,0.0915050303968808,1,216.954701900482,5.53131103515625e-05
1574,4000,525,0.00269160011384622,0.03393950976117,0.0344298026550877,-0.0638298390180469,0.0692130392457393,1,439.304736375809,7.74860382080078e-05
1575,1000,526,0.000349014098547765,0.0668785844184817,0.0655042075496963,-0.130733011361676,0.131431039558772,1,204.69412946701,7.74860382080078e-05
1576,2000,526,0.0137329135689148,0.0479214316194062,0.0479786608084912,-0.0801930924051215,0.107658919542951,1,313.577817678452,0.000105381011962891
1577,4000,526,-0.00720867245199104,0.0329528132596175,0.0330768690033494,-0.0717961864408413,0.0573788415368592,1,697.993617773056,5.93662261962891e-05
1578,1000,527,-0.184178072755472,0.0640684013448474,0.0623328882627624,-0.309752139391373,-0.0586040061195713,0,146.093092679977,6.00814819335938e-05
1579,2000,527,-0.00314637887036123,0.0466426349109691,0.0473948517125457,-0.0945659432958606,0.0882731855551382,1,224.933344602585,7.27176666259766e-05
157,2000,53,0.032608749666204,0.0466216786154975,0.047603078211352,-0.0587697404201712,0.123987239752579,1,320.055694818497,6.93798065185547e-05
1580,4000,527,0.0192228341468113,0.0332472733260678,0.0332808427263075,-0.0459418215722816,0.0843874898659041,1,960.542271852493,0.000100374221801758
1581,1000,528,-0.0296195536882651,0.0671283815522752,0.0673184987451534,-0.161191181530724,0.101952074154194,1,211.659252405167,8.55922698974609e-05
1582,2000,528,0.015256925254693,0.0486043354610571,0.0475906322616417,-0.0800075722489789,0.110521422758365,1,165.300289869308,6.07967376708984e-05
1583,4000,528,-0.001336361800861,0.0333055727202704,0.0341649207952861,-0.0666152843325909,0.0639425607308689,1,911.282118797302,8.89301300048828e-05
1584,1000,529,0.00688376067886378,0.0671897588146551,0.0665756118664297,-0.12480816659786,0.138575687955588,1,213.700093269348,7.74860382080078e-05
1585,2000,529,0.0611076892707379,0.0481017357865883,0.0472438745453809,-0.0331717128709751,0.155387091412451,1,420.055820226669,7.03334808349609e-05
1586,4000,529,0.0433893090656983,0.0331796833623968,0.0330800099096986,-0.0216428703245996,0.108421488455996,1,702.955662965775,8.34465026855469e-05
1587,1000,530,0.0459472353060009,0.0674046852821705,0.0662535890680726,-0.0861659478470532,0.178060418459055,1,156.833008050919,6.89029693603516e-05
1588,2000,530,-0.0258368234887778,0.0477347702232237,0.0473825105139982,-0.119396973126296,0.0677233261487406,1,336.971502304077,7.98702239990234e-05
1589,4000,530,-0.0240860837502218,0.0332829909081476,0.0338586227474867,-0.089320745930191,0.0411485784297474,1,443.918698787689,7.03334808349609e-05
158,4000,53,0.0364777290482163,0.0331737664261999,0.034168555241954,-0.0285428531471355,0.101498311243568,1,709.555966377258,0.000164031982421875
1590,1000,531,-0.0222508052427814,0.0672274359915685,0.0681957245323397,-0.154016579786256,0.109514969300693,1,99.6293818950653,6.24656677246094e-05
1591,2000,531,-0.0379013335326821,0.0496189520964195,0.0485394901922649,-0.135154479641664,0.0593518125763002,1,303.96395277977,5.26905059814453e-05
1592,4000,531,-0.0414588828693975,0.0325510206443247,0.0329286553036796,-0.105258883332274,0.0223411175934789,1,463.317123889923,8.0108642578125e-05
1593,1000,532,-0.0625868323913143,0.0674219456234724,0.0646317779170309,-0.19473384581332,0.0695601810306917,1,143.473346948624,7.12871551513672e-05
1594,2000,532,0.0645494288995762,0.0482475372179208,0.0486513566324038,-0.0300157440475485,0.159114601846701,1,273.87456703186,5.81741333007812e-05
1595,4000,532,0.0425852161775915,0.0334919823174481,0.0335596283182115,-0.0230590691646068,0.10822950151979,1,630.425176382065,5.88893890380859e-05
1596,1000,533,0.142756128184203,0.0629902049009842,0.0638804810268705,0.0192953265782743,0.266216929790133,0,100.951946020126,5.53131103515625e-05
1597,2000,533,0.0214063947664609,0.0480691707208715,0.0471798703799656,-0.0728091798464472,0.115621969379369,1,459.99584031105,8.17775726318359e-05
1598,4000,533,0.0340133237665447,0.0332058488032112,0.0337894105050823,-0.0310701398877492,0.0990967874208386,1,607.884829044342,7.46250152587891e-05
1599,1000,534,-0.0547292647696595,0.0686701490632203,0.0684123598583715,-0.189322756933571,0.0798642273942522,1,131.150645971298,5.48362731933594e-05
159,1000,54,-0.0539990305817686,0.066604619500368,0.0687828486861512,-0.18454408480249,0.0765460236389527,1,107.52966594696,5.03063201904297e-05
15,1000,6,-0.0471648146936933,0.065713957745727,0.0665764303529508,-0.175964171875318,0.0816345424879316,1,211.864573001862,7.17639923095703e-05
1600,2000,534,-0.0213223616286444,0.0470568056011188,0.0467701098863379,-0.113553700606837,0.0709089773495483,1,312.031725883484,5.67436218261719e-05
1601,4000,534,-0.0669565612153311,0.0331685498641378,0.0336120124344298,-0.131966918949041,-0.00194620348162106,0,614.300441503525,8.22544097900391e-05
1602,1000,535,-0.0261093609242357,0.0714691558770804,0.0717189646748283,-0.166188906443313,0.113970184594842,1,148.476693153381,4.93526458740234e-05
1603,2000,535,0.0209899101544946,0.0476896237755349,0.048304180121849,-0.0724817524455537,0.114461572754543,1,223.222038269043,8.22544097900391e-05
1604,4000,535,0.0464882114221887,0.0336210516844659,0.0338258403023279,-0.0194090498793644,0.112385472723742,1,913.761204957962,9.17911529541016e-05
1605,1000,536,0.0791941271478689,0.0641878846819967,0.063909300151189,-0.0466141268288446,0.205002381124582,1,139.029344558716,7.08103179931641e-05
1606,2000,536,0.0106983889622835,0.0475267648600335,0.0480730858934405,-0.0824540701633821,0.103850848087949,1,199.495580196381,6.12735748291016e-05
1607,4000,536,-0.0148105957317591,0.0333498575949534,0.0332468399362798,-0.0801763166178678,0.0505551251543496,1,457.989793300629,0.000109672546386719
1608,1000,537,-0.0885448293934488,0.0687517680058033,0.0678420023769157,-0.223298294684823,0.0462086358979257,1,223.268350124359,8.79764556884766e-05
1609,2000,537,0.0262909758719495,0.0472046527066099,0.046727482340364,-0.0662301434330059,0.118812095176905,1,433.994778394699,8.15391540527344e-05
160,2000,54,0.0388850104514035,0.0485648447910501,0.0479710247705912,-0.0563020853390548,0.134072106241862,1,220.607970714569,5.53131103515625e-05
1610,4000,537,0.0241342646161544,0.0330327539179823,0.0335469954688418,-0.040609933063091,0.0888784622953998,1,623.241458892822,9.34600830078125e-05
1611,1000,538,0.0604820102760669,0.0658702853816674,0.0646277144426003,-0.0686237490720012,0.189587769624135,1,136.721635580063,6.79492950439453e-05
1612,2000,538,-0.00834329498108109,0.0481529817929653,0.0494060444829225,-0.102723139295293,0.0860365493331309,1,296.871134281158,5.76972961425781e-05
1613,4000,538,-0.0120969657432774,0.0339623754470495,0.0336284051821234,-0.0786632216194945,0.0544692901329396,1,656.893856287003,8.94069671630859e-05
1614,1000,539,-0.0541475930921253,0.0685174526597841,0.0692843357173413,-0.188441800305302,0.0801466141210515,1,210.317322731018,7.77244567871094e-05
1615,2000,539,-0.00836301925635334,0.0475070326885197,0.0483102012504646,-0.101476803325852,0.0847507648131452,1,220.213996887207,6.74724578857422e-05
1616,4000,539,0.0321772239170048,0.0339301386593769,0.0349338364130838,-0.0343258478553739,0.0986802956893835,1,695.002395868301,6.103515625e-05
1617,1000,540,0.0724054758834845,0.0638959153888543,0.0642906447855175,-0.0528305182786699,0.197641470045639,1,110.236199378967,6.07967376708984e-05
1618,2000,540,0.0572501449862221,0.0469539910917577,0.0453828247867543,-0.034779677553623,0.149279967526067,1,214.412975311279,4.72068786621094e-05
1619,4000,540,0.00985003842785834,0.0330293859783541,0.0335474690779417,-0.0548875580897156,0.0745876349454323,1,712.134740829468,0.000110626220703125
161,4000,54,-0.0391138114841511,0.0332082632022124,0.0335385635918381,-0.104202007360487,0.0259743843921851,1,506.344066381454,7.00950622558594e-05
1620,1000,541,0.0634444136182396,0.0699929550672633,0.07018052062921,-0.0737417783135965,0.200630605550076,1,106.721627950668,5.24520874023438e-05
1621,2000,541,-0.00696125237898818,0.0471766808083597,0.0486475187269474,-0.0994275467633731,0.0855050420053968,1,215.340156555176,6.96182250976562e-05
1622,4000,541,0.00945701636755552,0.0333552412186902,0.0338657418950796,-0.0559192564210772,0.0748332891561882,1,468.483513593674,0.00491976737976074
1623,1000,542,0.052879884832877,0.0682506754123926,0.0720232715061761,-0.0808914389754124,0.186651208641166,1,107.767142534256,5.36441802978516e-05
1624,2000,542,-0.0151668377206506,0.0450733276769804,0.0451713164765891,-0.103510559967532,0.0731768845262311,1,298.587574005127,5.65052032470703e-05
1625,4000,542,0.0063925952148299,0.0330316432311245,0.0331494997407233,-0.0583494255181742,0.071134615947834,1,681.315010786057,0.000104665756225586
1626,1000,543,0.00215292724380592,0.0708997787985579,0.0655444364866042,-0.136810639201368,0.141116493688979,1,153.926684379578,5.00679016113281e-05
1627,2000,543,0.0188749822064569,0.0473885155443623,0.0474065711860333,-0.0740065082604931,0.111756472673407,1,222.877506017685,4.00543212890625e-05
1628,4000,543,-0.0321626336465626,0.0335576877172738,0.0335352653387298,-0.0979357015724193,0.033610434279294,1,491.963129281998,8.74996185302734e-05
1629,1000,544,0.0964278150688544,0.0690325843151081,0.0684602684034639,-0.0388760501887575,0.231731680326466,1,211.679981470108,7.55786895751953e-05
162,1000,55,-0.0315756449290192,0.0686937070192323,0.0670778578795309,-0.166215310686715,0.103064020828676,1,101.907038450241,4.48226928710938e-05
1630,2000,544,-0.0234480078471184,0.0461741504338383,0.0463413438930742,-0.113949342697441,0.0670533270032046,1,435.205671072006,8.86917114257812e-05
1631,4000,544,-0.0106798115563093,0.0331907385103837,0.0331763885617165,-0.0757336590366613,0.0543740359240428,1,716.291523218155,7.48634338378906e-05
1632,1000,545,0.0203953794066604,0.06549425944898,0.0662223898992503,-0.107973369113341,0.148764127926661,1,105.34029841423,6.43730163574219e-05
1633,2000,545,-0.0802355745304486,0.0470936289179112,0.0474422121745776,-0.172539087209555,0.0120679381486573,1,439.151497364044,9.29832458496094e-05
1634,4000,545,-0.0617794714091372,0.0328962761506999,0.0334094719213464,-0.126256172664509,0.00269722984623457,1,485.267067193985,7.00950622558594e-05
1635,1000,546,0.164155834700683,0.0680631987781158,0.0674892196930732,0.0307519650955756,0.29755970430579,0,130.765714168549,6.60419464111328e-05
1636,2000,546,0.00419875251604922,0.0462698924693348,0.0474498141986742,-0.086490236723847,0.0948877417559455,1,204.063017606735,5.74588775634766e-05
1637,4000,546,0.0584871947189127,0.0330387525235445,0.0329922586946851,-0.0062687602272346,0.12324314966506,1,685.744569778442,0.000123739242553711
1638,1000,547,0.185445988963885,0.0666325484325296,0.0634396930617949,0.0548461940361269,0.316045783891643,0,102.496420145035,4.83989715576172e-05
1639,2000,547,-0.0659559251883305,0.0470265490072827,0.0455745895729029,-0.158127961242605,0.0262161108659435,1,413.440115690231,8.17775726318359e-05
163,2000,55,-0.0680244718344349,0.047615026642079,0.0475678746568301,-0.16134992405291,0.0253009803840399,1,213.952410459518,8.17775726318359e-05
1640,4000,547,-0.0225654337166632,0.0327140492298064,0.0332275248281222,-0.0866849702070837,0.0415541027737573,1,741.83206820488,8.70227813720703e-05
1641,1000,548,0.019217201725443,0.0685722597046125,0.0684066913347816,-0.115184427295598,0.153618830746483,1,150.891954421997,5.65052032470703e-05
1642,2000,548,-0.0892645151227006,0.0491364893288076,0.0502284281427677,-0.185572034207164,0.00704300396176226,1,411.269910335541,8.84532928466797e-05
1643,4000,548,0.0493532831541021,0.0335839781725397,0.0343720266617299,-0.0164713140640757,0.11517788037228,1,944.43816113472,9.03606414794922e-05
1644,1000,549,0.0118965726966263,0.0651012834170274,0.0643346472587846,-0.115701942800747,0.139495088194,1,212.9601521492,9.98973846435547e-05
1645,2000,549,-0.09210270136849,0.0491517342309543,0.048634725737614,-0.18844010046116,0.00423469772418036,1,197.443576574326,5.10215759277344e-05
1646,4000,549,-0.00678689915909221,0.03296221767539,0.0330156000735115,-0.0713928458028566,0.0578190474846722,1,505.409246444702,7.60555267333984e-05
1647,1000,550,0.0126027208980692,0.0698913347484679,0.0694617796161942,-0.124384295208928,0.149589737005066,1,149.933214664459,5.340576171875e-05
1648,2000,550,0.0560567926738699,0.0480841471696642,0.0485910053212077,-0.0381881357786719,0.150301721126412,1,201.616908550262,5.31673431396484e-05
1649,4000,550,-0.0391363435734134,0.0325466095937054,0.0329425839144672,-0.102927698377076,0.0246550112302491,1,970.905824422836,8.34465026855469e-05
164,4000,55,-0.0224117384920036,0.0332348728828473,0.0339489726157811,-0.0875520893423843,0.0427286123583771,1,659.516376018524,7.27176666259766e-05
1650,1000,551,0.017582267276301,0.0695677147661269,0.0684788479304035,-0.118770453665308,0.15393498821791,1,194.854470729828,5.45978546142578e-05
1651,2000,551,-0.0159233390627553,0.0464202008320419,0.0470370551550532,-0.106906932693557,0.0750602545680468,1,207.549172639847,5.41210174560547e-05
1652,4000,551,0.0780472532981165,0.0327291127490769,0.033129367976603,0.0138981923099259,0.142196314286307,0,707.120005130768,0.00011444091796875
1653,1000,552,-0.0379438741291721,0.0666463667487972,0.0640381558533336,-0.168570752956815,0.0926830046984704,1,107.227640151978,7.98702239990234e-05
1654,2000,552,0.07868016761958,0.0483954971464165,0.0489948980966501,-0.0161750067873962,0.173535342026556,1,295.45800948143,0.000137805938720703
1655,4000,552,-0.00151289240439959,0.0337094590883035,0.034168759692094,-0.0675834322174744,0.0645576474086753,1,467.714353561401,8.10623168945312e-05
1656,1000,553,-0.10567513313317,0.0677736781308427,0.066812331388063,-0.238511542269622,0.0271612760032812,1,80.1471164226532,3.38554382324219e-05
1657,2000,553,0.0241533178312986,0.0487414974818936,0.0482088933885798,-0.0713800172332128,0.11968665289581,1,221.622278690338,8.10623168945312e-05
1658,4000,553,-0.0504078091232081,0.0331273730922189,0.033720411340237,-0.115337460383957,0.0145218421375409,1,503.13653755188,7.10487365722656e-05
1659,1000,554,-0.0139250566301965,0.0690149409684599,0.0677900915527136,-0.149194340928378,0.121344227667985,1,137.837737083435,6.03199005126953e-05
165,1000,56,0.164508532573373,0.0635475578258383,0.0632962504171754,0.0399553192347296,0.289061745912016,0,135.13808631897,4.33921813964844e-05
1660,2000,554,-0.0058174085683704,0.0472001729850653,0.0473625522760959,-0.0983297476190983,0.0866949304823575,1,350.955726146698,6.36577606201172e-05
1661,4000,554,-0.0653239799473888,0.0329475410480681,0.0335082193243131,-0.129901160401602,-0.000746799493175451,0,886.915739297867,9.82284545898438e-05
1662,1000,555,-0.000359324447888256,0.0706813176598603,0.0691324540350666,-0.138894707061215,0.138176058165438,1,141.20009469986,5.19752502441406e-05
1663,2000,555,0.0218207054959748,0.0472515348817711,0.0482051858991158,-0.0707923028722965,0.114433713864246,1,302.270145654678,8.94069671630859e-05
1664,4000,555,0.0172382999018096,0.0331009223809115,0.0333283900311568,-0.0476395079647769,0.0821161077683961,1,657.936428070068,0.000157356262207031
1665,1000,556,0.0770727709908194,0.0644953642110313,0.064133296040537,-0.049338142862802,0.203483684844441,1,130.975424051285,4.86373901367188e-05
1666,2000,556,-0.0313192109299889,0.0491333817862129,0.0501576197926524,-0.127620639230966,0.0649822173709885,1,209.689819574356,7.55786895751953e-05
1667,4000,556,-0.0230137529415196,0.0328390938955831,0.033494814334617,-0.0873783769768624,0.0413508710938232,1,643.759318828583,7.2479248046875e-05
1668,1000,557,-0.111564811401665,0.0701991039421606,0.0697907700366557,-0.2491550551283,0.0260254323249694,1,205.104983091354,8.27312469482422e-05
1669,2000,557,-0.0208590719996613,0.0464746768049313,0.0475273376646349,-0.111949438537327,0.0702312945380041,1,411.822067022324,8.86917114257812e-05
166,2000,56,-0.00557125600273034,0.0474571370912495,0.0482761290659949,-0.0985872447015793,0.0874447326961187,1,376.3953332901,9.27448272705078e-05
1670,4000,557,0.00352257599957699,0.0334548263678736,0.0336709362105306,-0.0620488836814554,0.0690940356806093,1,735.59357881546,5.98430633544922e-05
1671,1000,558,0.0537038329398582,0.0704188506814068,0.0692747243534908,-0.0843171143956991,0.191724780275415,1,112.874126672745,8.22544097900391e-05
1672,2000,558,0.0687835895496646,0.0468487718099848,0.0462233671550949,-0.0230400031979057,0.160607182297235,1,223.155509233475,5.86509704589844e-05
1673,4000,558,0.00611054683545581,0.0325764943080575,0.0322769973219342,-0.0577393820083369,0.0699604756792486,1,649.06211400032,8.24928283691406e-05
1674,1000,559,0.0779734916165885,0.0692880783093152,0.0658206206740355,-0.0578311418696693,0.213778125102846,1,203.710507631302,5.22136688232422e-05
1675,2000,559,-0.014259556284839,0.047738094995324,0.0491922234694074,-0.107826222475674,0.079307109905996,1,213.406316995621,7.93933868408203e-05
1676,4000,559,-0.017396313882473,0.0332515488089237,0.034017103604606,-0.0825693495479635,0.0477767217830175,1,492.577639341354,6.22272491455078e-05
1677,1000,560,0.0689232120412626,0.065293885066788,0.0656289226485618,-0.0590528026896419,0.196899226772167,1,109.760321855545,3.57627868652344e-05
1678,2000,560,-0.0724078390580526,0.0474008997874297,0.0484649530916855,-0.165313602641415,0.0204979245253096,1,223.53854393959,5.36441802978516e-05
1679,4000,560,-0.0479222809407358,0.0333459678272762,0.0337663391002894,-0.113280377882197,0.0174358160007255,1,650.285382032394,7.84397125244141e-05
167,4000,56,0.00921215518772401,0.033498119716929,0.0337074396312182,-0.0564441594574569,0.0748684698329049,1,666.955543041229,0.000144720077514648
1680,1000,561,0.0748593536805714,0.0662218281903525,0.065533175887638,-0.0549354295725196,0.204654136933662,1,111.392595291138,6.55651092529297e-05
1681,2000,561,-0.0317653012436579,0.0481535294844753,0.0480182352527231,-0.12614621903323,0.0626156165459137,1,279.093206644058,4.79221343994141e-05
1682,4000,561,-0.0027335941007634,0.0340790479342582,0.0341715929452778,-0.0695285280519096,0.0640613398503828,1,469.234150409698,7.65323638916016e-05
1683,1000,562,0.108939938242452,0.0639710918908709,0.0633485983685878,-0.016443401863655,0.234323278348559,1,203.786517858505,9.03606414794922e-05
1684,2000,562,0.0555298137613393,0.0453656155270169,0.0481620676115859,-0.033386792671614,0.144446420194292,1,226.042593240738,0.000236988067626953
1685,4000,562,0.0111042868358351,0.0334610606672851,0.0337708391191237,-0.0544793920720438,0.0766879657437139,1,723.424537181854,6.24656677246094e-05
1686,1000,563,-0.0588398064687393,0.066796746742327,0.0692551537854961,-0.1897614300837,0.0720818171462216,1,151.862614631653,7.98702239990234e-05
1687,2000,563,-0.0170641113295049,0.0485623117863132,0.0478779334000136,-0.112246242430679,0.078118019771669,1,202.292230367661,6.72340393066406e-05
1688,4000,563,-0.0122400118040858,0.0330917777141681,0.0340000517984362,-0.0770998961238552,0.0526198725156836,1,462.488192558289,8.27312469482422e-05
1689,1000,564,0.0904457512138912,0.0660096312563176,0.067785552454187,-0.0389331260484914,0.219824628476274,1,154.675221443176,7.12871551513672e-05
168,1000,57,-0.0228349552048804,0.0669261521592424,0.0656886039840941,-0.154010213436996,0.108340303027235,1,102.51793050766,4.9591064453125e-05
1690,2000,564,0.0353645471098531,0.0470915556082144,0.0474322373744228,-0.0569349018822471,0.127663996101953,1,237.837349891663,7.20024108886719e-05
1691,4000,564,0.0378230648881547,0.0324906845149599,0.0335159696619401,-0.0258586767611667,0.101504806537476,1,459.948854207993,7.36713409423828e-05
1692,1000,565,-0.0305747171131042,0.0699584452987331,0.0687334878408309,-0.167693269898621,0.106543835672413,1,169.956594705582,5.24520874023438e-05
1693,2000,565,-0.0582083423267163,0.0469915348896401,0.047427100598289,-0.150311750710411,0.0338950660569784,1,428.549698591232,9.46521759033203e-05
1694,4000,565,-0.0114434698016896,0.0323247785078581,0.0327003026706153,-0.0748000356770915,0.0519130960737123,1,919.759264469147,8.82148742675781e-05
1695,1000,566,0.0713406660468761,0.0660014497528248,0.0676105131791288,-0.0580221754686606,0.200703507562413,1,216.883960962296,8.08238983154297e-05
1696,2000,566,-0.0321646829142886,0.0462015890714575,0.0474217841986624,-0.122719797494345,0.0583904316657681,1,325.588697195053,6.03199005126953e-05
1697,4000,566,0.0366490318393947,0.0332149237196073,0.0335890397626273,-0.0284522186510355,0.101750282329825,1,889.029387950897,9.84668731689453e-05
1698,1000,567,0.000292778391965198,0.066642155639993,0.0654467851853218,-0.130325846662421,0.130911403446352,1,155.744436740875,9.72747802734375e-05
1699,2000,567,0.0669010474143611,0.0479431008570131,0.0468843428507579,-0.0270674302653846,0.160869525094107,1,318.420279026031,8.58306884765625e-05
169,2000,57,-0.0345528576996655,0.0483473394428506,0.0491916070345691,-0.129313643007653,0.0602079276083217,1,392.570040225983,7.17639923095703e-05
16,2000,6,-0.0553500220862131,0.0463311726352447,0.0469201061998752,-0.146159120451293,0.0354590762788664,1,211.193273067474,8.7738037109375e-05
1700,4000,567,0.051785597923795,0.0331717408845324,0.0340103431196656,-0.0132310142098885,0.116802210057478,1,456.434128046036,7.36713409423828e-05
1701,1000,568,-0.0547466423527523,0.0686882815454172,0.0664982445960805,-0.18937567418177,0.0798823894762655,1,207.784411907196,7.67707824707031e-05
1702,2000,568,0.0570998995247245,0.0477981021369207,0.0461814918105178,-0.0365843806636401,0.150784179713089,1,229.055476427078,5.26905059814453e-05
1703,4000,568,0.0281386585663843,0.0338543024795495,0.0342021376074587,-0.0382157742935328,0.0944930914263014,1,438.926285266876,8.44001770019531e-05
1704,1000,569,0.0970019876469624,0.0714939355499042,0.0688443255723408,-0.0431261260308498,0.237130101324775,1,209.121712446213,7.12871551513672e-05
1705,2000,569,-0.0379794493015489,0.0467951265211442,0.04758063283529,-0.129697897282992,0.0537389986798937,1,164.886247396469,4.10079956054688e-05
1706,4000,569,0.0203442267820511,0.0320269782471488,0.0324460878348593,-0.0424286505823605,0.0831171041464627,1,690.756343364716,8.20159912109375e-05
1707,1000,570,0.0705786331006166,0.0689252581849974,0.0693115232659175,-0.0645148729419784,0.205672139143212,1,221.490936517715,9.41753387451172e-05
1708,2000,570,0.0310742180727863,0.0459059326041013,0.0463618975828398,-0.0589014098312523,0.121049845976825,1,295.754293441772,6.67572021484375e-05
1709,4000,570,-0.0142715820767617,0.0323805964304386,0.0324993328130661,-0.0777375510804212,0.0491943869268979,1,718.681069612503,0.000104904174804688
170,4000,57,-0.0101838832272884,0.0328693639149424,0.0328221785841424,-0.0746078365005754,0.0542400700459986,1,480.733289957047,9.1552734375e-05
1710,1000,571,0.0901069104695218,0.0690591218936946,0.0712008940313426,-0.0452489684421195,0.225462789381163,1,218.825649499893,9.08374786376953e-05
1711,2000,571,0.0569561828463229,0.04767968440966,0.0490913674846392,-0.0364959985966107,0.150408364289256,1,301.167560100555,6.29425048828125e-05
1712,4000,571,-0.0284776883369623,0.032620043005422,0.033300972798002,-0.0924129726275893,0.0354575959536647,1,807.082696676254,7.62939453125e-05
1713,1000,572,0.0741598300825653,0.0678031306351324,0.0678997203268484,-0.0587343059622943,0.207053966127425,1,153.36052775383,4.69684600830078e-05
1714,2000,572,0.0536953456292361,0.0486025106962047,0.0493897857730081,-0.0415655753353251,0.148956266593797,1,283.466905355453,6.38961791992188e-05
1715,4000,572,0.00754479404353893,0.0328191336200964,0.0337927579843215,-0.0567807078518499,0.0718702959389278,1,821.622666120529,9.89437103271484e-05
1716,1000,573,0.066132716709745,0.0657671582798596,0.0664692863177898,-0.0627709135187798,0.19503634693827,1,97.2737507820129,5.60283660888672e-05
1717,2000,573,-0.024743168109607,0.049533248183129,0.0492529136088466,-0.12182833454854,0.0723419983293258,1,449.631038188934,9.29832458496094e-05
1718,4000,573,-0.0377312464704107,0.0332558131564564,0.0337477917197572,-0.102912640257065,0.0274501473162439,1,662.460781097412,9.25064086914062e-05
1719,1000,574,0.0795750683094694,0.0689521336332913,0.0706810533321249,-0.0555711136117817,0.21472125023072,1,145.955178022385,5.43594360351562e-05
171,1000,58,-0.0995172303796291,0.0701861469557896,0.0673573957190755,-0.237082078412977,0.0380476176537184,1,195.300325632095,8.67843627929688e-05
1720,2000,574,0.0242345204826001,0.0465431329898389,0.0467847496138726,-0.0669900201774841,0.115459061142684,1,212.147619485855,6.41345977783203e-05
1721,4000,574,-0.0217296485249081,0.0334103703850503,0.033482342337437,-0.0872139744796067,0.0437546774297906,1,492.841980934143,8.22544097900391e-05
1722,1000,575,-0.043924209325737,0.0725014925574649,0.0682841910747981,-0.186027134738368,0.0981787160868942,1,105.298269271851,4.33921813964844e-05
1723,2000,575,0.0360001834451754,0.0481027358243992,0.0473917406896649,-0.058281178770647,0.130281545660998,1,218.144115686417,5.88893890380859e-05
1724,4000,575,-0.0397008569194096,0.0327880160503362,0.0335110665471507,-0.103965368378068,0.0245636545392493,1,441.505793333054,7.22408294677734e-05
1725,1000,576,0.0377402379798657,0.0636503225378078,0.0661305656695233,-0.0870143941942375,0.162494870153969,1,217.732357978821,7.2479248046875e-05
1726,2000,576,-0.049372452310723,0.0467734761526233,0.0468680270532937,-0.141048465569865,0.0423035609484187,1,258.855375528336,7.08103179931641e-05
1727,4000,576,0.00976812102806195,0.0335997435120508,0.03416332446712,-0.0560873762555577,0.0756236183116816,1,622.273371219635,5.79357147216797e-05
1728,1000,577,0.00177892992356848,0.0671629950690361,0.0655659137257202,-0.129860540411742,0.133418400258879,1,207.008814811707,8.58306884765625e-05
1729,2000,577,-0.0143727453358432,0.0468255373567952,0.0468402765718736,-0.106150798555162,0.0774053078834754,1,213.292930603027,6.43730163574219e-05
172,2000,58,0.00613472743318098,0.0452991931228409,0.0455982554276356,-0.0826516910875871,0.0949211459539491,1,404.231271028519,7.12871551513672e-05
1730,4000,577,0.0155997467719788,0.0333470301107113,0.033346197573329,-0.0497604322450152,0.0809599257889729,1,707.820979118347,7.29560852050781e-05
1731,1000,578,0.0757933968006584,0.0709625291636579,0.0652927417529841,-0.0632931603601111,0.214879953961428,1,153.289887905121,5.12599945068359e-05
1732,2000,578,0.0138378956284747,0.0482140813552258,0.04766159092602,-0.0806617038277678,0.108337495084717,1,423.524257183075,7.98702239990234e-05
1733,4000,578,-0.0107402057617458,0.0333145795481826,0.0340319670960493,-0.0760367816761836,0.054556370152692,1,965.447130680084,9.918212890625e-05
1734,1000,579,-0.0081464691927178,0.0673661423318336,0.0673503756469371,-0.140184108163112,0.123891169777676,1,158.801392316818,8.0108642578125e-05
1735,2000,579,0.0534357268388818,0.0489630114423333,0.0472174284748587,-0.0425317755880915,0.149403229265855,1,439.652472496033,7.48634338378906e-05
1736,4000,579,0.0612456556394123,0.0328379964276599,0.032749950229242,-0.00311681735880106,0.125608128637626,1,706.921050310135,0.000137567520141602
1737,1000,580,-0.0523500404249265,0.0661819887277092,0.0630102518656646,-0.182066738331237,0.0773666574813835,1,105.8590695858,3.83853912353516e-05
1738,2000,580,0.0290290882556931,0.0469580487845708,0.0468389876524609,-0.0630086873620657,0.121066863873452,1,314.267025709152,0.000117301940917969
1739,4000,580,-0.00156739106109955,0.032396424966024,0.0336076574204381,-0.0650643839945066,0.0619296018723075,1,637.299638032913,7.51018524169922e-05
173,4000,58,0.0154253445386668,0.0337565728224753,0.0342210278979894,-0.0507375381933849,0.0815882272707184,1,510.2348279953,7.67707824707031e-05
1740,1000,581,0.035914635315573,0.0740126695226796,0.0704442184173094,-0.109150196948879,0.180979467580025,1,140.653172969818,6.866455078125e-05
1741,2000,581,0.108418564263845,0.0473286529904977,0.0481438260522897,0.0156544044024692,0.20118272412522,0,224.026656389236,5.14984130859375e-05
1742,4000,581,0.068244819859298,0.033073817236296,0.0337658648098532,0.00342013807615787,0.133069501642438,0,604.239351987839,6.22272491455078e-05
1743,1000,582,-0.0149626616141734,0.0684064508207963,0.0690218702407763,-0.149039305222934,0.119113981994587,1,100.78431892395,6.27040863037109e-05
1744,2000,582,-0.0119203534444858,0.0477087600094462,0.047151194049866,-0.105429523063,0.0815888161740288,1,407.846876621246,8.22544097900391e-05
1745,4000,582,-0.00351505487959287,0.0342994775637062,0.0347184776204012,-0.070742030904457,0.0637119211452713,1,674.069713354111,0.0001220703125
1746,1000,583,-0.0325365640033029,0.067333742319729,0.0679453925163956,-0.164510698949972,0.099437570943366,1,146.865803956985,5.45978546142578e-05
1747,2000,583,-0.0587699910522863,0.0497634114031597,0.0480027284575614,-0.156306277402479,0.0387662952979067,1,219.674151659012,8.89301300048828e-05
1748,4000,583,0.0189001343834115,0.0323617459522363,0.033659527343656,-0.0445288876829717,0.0823291564497946,1,507.977398633957,7.60555267333984e-05
1749,1000,584,0.0229193789287498,0.0665667919713837,0.0656439991166092,-0.107551533335162,0.153390291192662,1,148.086399078369,5.36441802978516e-05
174,1000,59,-0.0924285960361923,0.0636055487594225,0.0641982096871749,-0.21709547160466,0.0322382795322758,1,108.274650812149,4.86373901367188e-05
1750,2000,584,-0.0379565158143593,0.046510210900101,0.0469801217266905,-0.129116529178557,0.0532034975498387,1,365.208198547363,6.55651092529297e-05
1751,4000,584,0.0347749686538923,0.0334130079107139,0.0329121691166368,-0.030714526851107,0.100264464158892,1,483.008094072342,0.000103950500488281
1752,1000,585,0.0632608483215241,0.0641262137230234,0.0663736317517975,-0.0624265305756018,0.18894822721865,1,152.36073589325,6.72340393066406e-05
1753,2000,585,0.0244448790393682,0.0484425440016133,0.0481071561894053,-0.0705025072037939,0.11939226528253,1,228.001055240631,5.76972961425781e-05
1754,4000,585,0.00832631203490742,0.0328924254105066,0.0333502833134294,-0.0561428417696856,0.0727954658395004,1,508.738049268723,8.94069671630859e-05
1755,1000,586,0.00490108184492472,0.0660372051425338,0.0629017926636601,-0.124531840234441,0.134334003924291,1,104.956424713135,3.91006469726562e-05
1756,2000,586,0.0785826872833783,0.0478350571169142,0.0473419955232021,-0.0151740246657736,0.17233939923253,1,166.328826904297,4.98294830322266e-05
1757,4000,586,0.00778978851941653,0.0340235603086013,0.0339230624984502,-0.0588963896854419,0.074475966724275,1,498.782609224319,9.25064086914062e-05
1758,1000,587,-0.191571275187343,0.0687869092806466,0.0672254553361356,-0.326393617377411,-0.0567489329972757,0,124.499185085297,3.52859497070312e-05
1759,2000,587,0.00534105503036008,0.0475358256186173,0.047217428541122,-0.0878291631821299,0.0985112732428501,1,435.106074094772,0.000110626220703125
175,2000,59,-0.04946461481787,0.0473867340085987,0.0474525382608052,-0.142342613474723,0.0434133838389835,1,209.494580745697,5.74588775634766e-05
1760,4000,587,-0.0325829520125899,0.0327300812115029,0.0335368033042047,-0.0967339111871355,0.0315680071619558,1,615.461458206177,9.03606414794922e-05
1761,1000,588,0.0954417401014395,0.0699757017071437,0.0666676124029677,-0.0417106352445622,0.232594115447441,1,135.133138656616,5.340576171875e-05
1762,2000,588,-0.0871534576509802,0.0467678343202823,0.0475733935015936,-0.178818412918734,0.00451149761677315,1,411.683492183685,8.10623168945312e-05
1763,4000,588,-0.00123404408873747,0.0326384330132184,0.0337862202105755,-0.0652053727946455,0.0627372846171706,1,659.173756837845,0.000103473663330078
1764,1000,589,-0.0142909752758068,0.0695691408693929,0.0670807031520065,-0.150646491379817,0.122064540828203,1,155.005216360092,0.000114202499389648
1765,2000,589,-0.0539255225009626,0.0481105804947801,0.0482320415586958,-0.148222260270732,0.0403712152688064,1,437.79776763916,9.17911529541016e-05
1766,4000,589,0.0905204361452193,0.0337817089776444,0.0345680896165994,0.0243082865490362,0.156732585741402,0,947.286025524139,8.67843627929688e-05
1767,1000,590,0.0694862458821113,0.0663727201332375,0.0673221625017273,-0.0606042855790342,0.199576777343257,1,193.372482299805,5.93662261962891e-05
1768,2000,590,0.0555122357785814,0.0465275873736042,0.0478763747380003,-0.0356818354736829,0.146706307030846,1,293.697816610336,5.96046447753906e-05
1769,4000,590,-0.00216039284256325,0.0333753032594379,0.0340864249452697,-0.0675759872310616,0.0632552015459351,1,451.032918453217,7.43865966796875e-05
176,4000,59,0.017593359777718,0.0331136200813244,0.033387788627472,-0.0473093355816778,0.0824960551371137,1,487.614664793015,7.55786895751953e-05
1770,1000,591,0.0457603541994931,0.0693344078837009,0.0675221777257643,-0.0901350852525607,0.181655793651547,1,218.252257108688,8.7738037109375e-05
1771,2000,591,0.0274551672690006,0.0480673667003212,0.047872315509556,-0.0667568714636289,0.12166720600163,1,273.116663217545,5.05447387695312e-05
1772,4000,591,-0.01150878036552,0.0342808135562161,0.0355973632944495,-0.0786991749357035,0.0556816142046634,1,892.804463148117,0.000111579895019531
1773,1000,592,-0.0370494969243068,0.0696781113944104,0.0702517210157954,-0.173618595257351,0.0995196014087376,1,153.810600042343,6.50882720947266e-05
1774,2000,592,-0.100645665040347,0.0470989597429886,0.0467859831204331,-0.192959626136604,-0.00833170394408891,0,207.987849473953,5.76972961425781e-05
1775,4000,592,-0.0273752760708321,0.0334995781605898,0.0334068857751572,-0.0930344492655881,0.0382838971239239,1,447.592377901077,7.36713409423828e-05
1776,1000,593,0.0794521267992533,0.0695770690112384,0.0668488064229425,-0.056918928462774,0.215823182061281,1,101.157868385315,4.76837158203125e-05
1777,2000,593,-0.0335105148919707,0.0461293768476609,0.0470090872772087,-0.123924093513386,0.0569030637294448,1,200.672988176346,7.27176666259766e-05
1778,4000,593,0.0156114564022899,0.0334771550912168,0.0338972844779909,-0.0500037675764951,0.0812266803810749,1,444.58980512619,0.000106573104858398
1779,1000,594,0.056161070698416,0.0734839240712408,0.066191101205575,-0.0878674204812159,0.200189561878048,1,148.75593662262,4.22000885009766e-05
177,1000,60,0.0446846972458918,0.0717545319647162,0.0734205455295865,-0.095954185404952,0.185323579896736,1,110.368444442749,4.38690185546875e-05
1780,2000,594,-0.0115835209617788,0.0478680730119901,0.0483300255105296,-0.105404944065279,0.0822379021417217,1,300.260953426361,4.55379486083984e-05
1781,4000,594,-0.0636980394194155,0.0340625956176404,0.0344588205938923,-0.130460726829991,0.00306464799115974,1,504.312618255615,6.60419464111328e-05
1782,1000,595,0.0478369093960815,0.0691201061010074,0.0679279122385616,-0.0876384985618931,0.183312317354056,1,217.656348705292,7.84397125244141e-05
1783,2000,595,0.0263777722601725,0.0464618845894429,0.0455134256802789,-0.0646875215351356,0.117443066055481,1,199.331693887711,5.55515289306641e-05
1784,4000,595,-0.010348774350804,0.0331417291955284,0.0339112091640593,-0.0753065635740396,0.0546090148724317,1,907.039978265762,9.75131988525391e-05
1785,1000,596,0.0232221645336704,0.0722358165830188,0.0714999652556578,-0.118360035969046,0.164804365036387,1,206.865894794464,8.82148742675781e-05
1786,2000,596,-0.0347669499911719,0.0464454620421652,0.0472203703397331,-0.125800055593816,0.056266155611472,1,224.577363967896,5.48362731933594e-05
1787,4000,596,0.00184798650622466,0.0323342178452565,0.032659089013501,-0.0615270804704781,0.0652230534829274,1,490.415827989578,7.15255737304688e-05
1788,1000,597,-0.0500566075876963,0.0673493291173093,0.0673014074895517,-0.182061292657623,0.08194807748223,1,163.398697376251,5.31673431396484e-05
1789,2000,597,0.0272948086003252,0.049233037287752,0.0491157107940009,-0.0692019444836687,0.123791561684319,1,296.595735788345,5.38825988769531e-05
178,2000,60,-0.0409846670069313,0.047619418428128,0.0478579049384845,-0.134318727126062,0.0523493931121996,1,211.932823419571,8.96453857421875e-05
1790,4000,597,-0.033105033046492,0.0325786381414474,0.0336882394862402,-0.0969591638037289,0.0307490977107448,1,500.341232061386,7.65323638916016e-05
1791,1000,598,-0.105176133724417,0.0649906168538944,0.0636845542728518,-0.23255774275805,0.0222054753092161,1,104.536933422089,4.12464141845703e-05
1792,2000,598,-0.0235254412120422,0.0495764394965519,0.048809173129031,-0.120695262625284,0.0736443802011996,1,443.721241235733,8.53538513183594e-05
1793,4000,598,0.0431688804146286,0.0328756924578966,0.0329450910775188,-0.0212674768028487,0.107605237632106,1,475.820125102997,6.36577606201172e-05
1794,1000,599,-0.0279191638589946,0.0683656296962536,0.0644976594439014,-0.161915798063652,0.106077470345662,1,130.414493083954,4.33921813964844e-05
1795,2000,599,0.0487690600207642,0.0466960932340799,0.0471354905089933,-0.0427552827180325,0.140293402759561,1,269.42059969902,5.22136688232422e-05
1796,4000,599,-0.0486080910690335,0.0329734366503662,0.0335437901196389,-0.113236026903751,0.0160198447656843,1,613.800462961197,6.67572021484375e-05
1797,1000,600,-0.0668547463142285,0.0709806539928209,0.0699860994100355,-0.205976828140158,0.0722673355117006,1,107.770528793335,4.62532043457031e-05
1798,2000,600,0.044675377002587,0.0469114929103496,0.0473468724329311,-0.0472711491016982,0.136621903106872,1,287.266471147537,6.53266906738281e-05
1799,4000,600,0.00491979499232099,0.0333323252849373,0.0344679642175605,-0.060411562566156,0.070251152550798,1,497.603314161301,6.36577606201172e-05
179,4000,60,-0.0575824862245235,0.0338404935859031,0.0337405833053822,-0.123909853652894,0.00874488120384662,1,432.183658599854,8.46385955810547e-05
17,4000,6,-0.0201183585825736,0.0330411801076019,0.0337825726810979,-0.0848790715934734,0.0446423544283261,1,464.497654438019,8.41617584228516e-05
1800,1000,601,-0.0230128361461937,0.0684491896992481,0.0667006704496783,-0.15717324795672,0.111147575664333,1,110.591373920441,6.60419464111328e-05
1801,2000,601,0.0205080136160704,0.0466391317899994,0.047072365940773,-0.0709046846923284,0.111920711924469,1,422.411982059479,9.89437103271484e-05
1802,4000,601,0.0199090918315495,0.0341101094078681,0.0353024020303785,-0.046946722607872,0.0867649062709709,1,1004.71872234344,0.000104427337646484
1803,1000,602,0.195168905308002,0.0739975047353911,0.0702795070274791,0.0501337960266355,0.340204014589368,0,153.294610500336,6.12735748291016e-05
1804,2000,602,0.0230767171565223,0.0464912704729721,0.0467493356050211,-0.0680461729705029,0.114199607283548,1,201.979304790497,5.22136688232422e-05
1805,4000,602,0.0179167654570793,0.0341310984901781,0.0351443739955784,-0.0489801875836697,0.0848137184978283,1,681.027795791626,0.00011444091796875
1806,1000,603,-0.0879570899741838,0.0674611046714797,0.0688472187583693,-0.220180855130284,0.0442666751819165,1,145.632562160492,5.88893890380859e-05
1807,2000,603,-0.0403887802607468,0.0484187338998569,0.0500133700098886,-0.135289498704466,0.0545119381829728,1,222.767893314362,4.86373901367188e-05
1808,4000,603,0.0128788209339577,0.0329232721941546,0.0337280139480439,-0.0516507925665853,0.0774084344345007,1,665.915009021759,7.79628753662109e-05
1809,1000,604,-0.000906799247916887,0.0674985187143877,0.0651952031234043,-0.133203895928117,0.131390297432283,1,106.798928499222,5.65052032470703e-05
180,1000,61,0.160705786236277,0.068125478533233,0.0678936005015666,0.0271798483111405,0.294231724161414,0,104.57377743721,5.62667846679688e-05
1810,2000,604,0.0302340523173068,0.046514093268032,0.0489515175990264,-0.0609335704880358,0.121401675122649,1,302.422962427139,7.86781311035156e-05
1811,4000,604,-0.0205270250349313,0.0326145213209532,0.0329213405996011,-0.0844514868239996,0.043397436754137,1,488.758498668671,9.75131988525391e-05
1812,1000,605,-0.0579886250968037,0.0676706391330015,0.0655667974734235,-0.190623077797487,0.0746458276038793,1,207.221665620804,9.17911529541016e-05
1813,2000,605,0.0127952109067807,0.0475138967233383,0.0488559431766065,-0.0803320266709625,0.105922448484524,1,203.935185909271,5.96046447753906e-05
1814,4000,605,-0.0140679328183306,0.0334736574751946,0.0344341622242229,-0.079676301469712,0.0515404358330509,1,512.365850448608,7.27176666259766e-05
1815,1000,606,-0.0433287588101468,0.0657984569097051,0.0656401515358566,-0.172293734353169,0.0856362167328751,1,215.9197909832,7.58171081542969e-05
1816,2000,606,-0.0345401841693265,0.0470425160793485,0.0469188995312347,-0.12674351568485,0.0576631473461966,1,286.737003564835,8.53538513183594e-05
1817,4000,606,0.0789776138546784,0.0328687724531346,0.0337221098709556,0.0145548198465346,0.143400407862822,0,705.297074079514,0.000122308731079102
1818,1000,607,-0.0272920725928766,0.0654522833862957,0.0644963559044011,-0.155578548030016,0.100994402844263,1,107.544093132019,0.000111103057861328
1819,2000,607,-0.0288613525722336,0.0471810299015284,0.0463134388624385,-0.121336171179229,0.0636134660347621,1,223.403904438019,5.60283660888672e-05
181,2000,61,-0.0165271623298454,0.0490764086545612,0.0477298424786529,-0.112716923292785,0.0796625986330946,1,222.614541530609,7.12871551513672e-05
1820,4000,607,-0.0574917021499977,0.0338995139807002,0.0348896661036751,-0.12393474955217,0.00895134525217468,1,607.280688285828,8.08238983154297e-05
1821,1000,608,0.0643990366195482,0.0644777839075388,0.0633358367683785,-0.0619774198392278,0.190775493078324,1,155.772500514984,7.22408294677734e-05
1822,2000,608,-0.013988870524594,0.0474605590314167,0.0465009357219349,-0.107011566226171,0.0790338251769826,1,201.1157310009,6.00814819335938e-05
1823,4000,608,-0.037976013590527,0.0329874148093001,0.0328174785464813,-0.102631346616755,0.0266793194357013,1,677.025398015976,0.000183820724487305
1824,1000,609,-0.0363944947231219,0.0643957839177653,0.0663231889629302,-0.162610231201942,0.0898212417556982,1,217.667800188065,7.98702239990234e-05
1825,2000,609,0.0647065146143284,0.0496045811524242,0.0485486036630744,-0.0325184644444231,0.16193149367308,1,445.43782544136,9.05990600585938e-05
1826,4000,609,-0.0441748049485015,0.0329617573590696,0.0330411867123731,-0.108779849372278,0.020430239475275,1,987.456081390381,0.000118732452392578
1827,1000,610,-0.0540170077779105,0.0677538332533615,0.068132851532953,-0.186814520954499,0.078780505398678,1,210.28019952774,0.000104904174804688
1828,2000,610,0.00189566511438637,0.04823147254036,0.0491575848219796,-0.0926380210647193,0.096429351293492,1,272.613544225693,4.91142272949219e-05
1829,4000,610,0.000349335528405786,0.0340155806377373,0.0348324207342182,-0.0663212025215594,0.067019873578371,1,496.147640943527,4.55379486083984e-05
182,4000,61,0.0331190824720687,0.0334761151906196,0.0337216768383008,-0.0324941033015457,0.0987322682456832,1,491.149859189987,5.93662261962891e-05
1830,1000,611,-0.030978007165862,0.0681151764875539,0.0654927683059189,-0.164483753081468,0.102527738749744,1,100.847747087479,3.88622283935547e-05
1831,2000,611,0.0215328776673842,0.0481325361337146,0.0467720581020268,-0.0728068931546964,0.115872648489465,1,227.62370967865,5.340576171875e-05
1832,4000,611,0.035232682929166,0.0328825209692096,0.0330321043270978,-0.0292170581704849,0.0996824240288168,1,439.808325767517,6.96182250976562e-05
1833,1000,612,0.00552016700164162,0.0662204357596088,0.0641368609830199,-0.124271887087192,0.135312221090475,1,101.943073987961,5.03063201904297e-05
1834,2000,612,0.0155870919933909,0.0471440595419473,0.047912453715817,-0.0768152647088258,0.107989448695608,1,199.55917096138,7.17639923095703e-05
1835,4000,612,0.00863037545005801,0.0342398023166388,0.0349924824182028,-0.058479637090554,0.07574038799067,1,709.872948169708,7.03334808349609e-05
1836,1000,613,0.103722761001054,0.0727477046325964,0.0679475949957046,-0.0388627400788348,0.246308262080943,1,198.869476079941,6.29425048828125e-05
1837,2000,613,-0.0589474209711619,0.0502547518764006,0.0504999179159225,-0.157446734648907,0.0395518927065833,1,421.452337265015,8.60691070556641e-05
1838,4000,613,-0.0403957597232156,0.0338315215475733,0.0333114711869226,-0.106705541956459,0.0259140225100281,1,445.595077514648,6.81877136230469e-05
1839,1000,614,-0.0924457282041159,0.0687306990383898,0.0655256898014769,-0.22715789831936,0.0422664419111282,1,156.296361446381,4.9591064453125e-05
183,1000,62,0.0458097195078163,0.0676891289155998,0.0658096232144829,-0.0868609731667593,0.178480412182392,1,177.111947059631,9.56058502197266e-05
1840,2000,614,0.00242529616357534,0.047083087672025,0.0466906422033161,-0.0898575556735936,0.0947081480007442,1,276.121109008789,4.79221343994141e-05
1841,4000,614,0.0451882518593077,0.0332793541647172,0.0337889035125336,-0.020039282303538,0.110415786022153,1,482.763209342957,8.51154327392578e-05
1842,1000,615,0.0578363409142399,0.0679343609010028,0.0687002896415909,-0.0753150064517255,0.190987688280205,1,79.6626346111298,6.65187835693359e-05
1843,2000,615,0.00996796476893467,0.0479538828054974,0.0479402519589877,-0.0840216455298402,0.10395757506771,1,448.720098972321,8.72611999511719e-05
1844,4000,615,0.0368114562628155,0.0329903819938609,0.0339683527069149,-0.0278496924451519,0.101472604970783,1,490.451951265335,6.96182250976562e-05
1845,1000,616,0.0883313040256844,0.0661545085718315,0.0656977045651803,-0.0413315327751053,0.217994140826474,1,139.851413965225,7.98702239990234e-05
1846,2000,616,-0.0575444872680296,0.0486321138304017,0.0491248950598264,-0.152863430375617,0.0377744558395577,1,303.299142122269,7.55786895751953e-05
1847,4000,616,-0.0140063333655591,0.0321017389552648,0.0332189881647996,-0.076925741717878,0.0489130749867599,1,480.266038894653,7.20024108886719e-05
1848,1000,617,0.0594305002705388,0.0716723807006605,0.0701024751608616,-0.0810473659027557,0.199908366443833,1,157.399168491364,6.00814819335938e-05
1849,2000,617,-0.0578949809818841,0.0473772816852305,0.0482116166032246,-0.150754453084936,0.0349644911211677,1,412.888264417648,7.72476196289062e-05
184,2000,62,-0.0381087889566234,0.0473226408376697,0.0457087733746203,-0.130861164998456,0.0546435870852091,1,216.942403078079,6.15119934082031e-05
1850,4000,617,0.0164170039595352,0.0329032733309471,0.0331564956092604,-0.0480734117691211,0.0809074196881914,1,952.623733758926,8.05854797363281e-05
1851,1000,618,0.00978668948130679,0.0658233496561464,0.0658089657292662,-0.11922707584474,0.138800454807354,1,106.817566394806,6.67572021484375e-05
1852,2000,618,0.0690313374097829,0.0485167733917391,0.0482779911765239,-0.0260615384380258,0.164124213257592,1,276.535419225693,4.69684600830078e-05
1853,4000,618,0.0209290969373341,0.0332396262985847,0.0335056513121257,-0.0442205706078919,0.0860787644825601,1,461.084982156754,7.00950622558594e-05
1854,1000,619,0.00136490360787065,0.0683770063291895,0.0692765734981977,-0.132654028797341,0.135383836013082,1,100.442392587662,4.1961669921875e-05
1855,2000,619,0.0455388622399418,0.0474356375701265,0.0469273380055602,-0.0474349873975062,0.13851271187739,1,422.274396419525,7.27176666259766e-05
1856,4000,619,0.00930807402703882,0.0335505965785695,0.0344875334493263,-0.0564510952669574,0.075067243321035,1,986.31377363205,0.000103235244750977
1857,1000,620,-0.0993991429646277,0.0700702581182808,0.0674693487675406,-0.236736848876458,0.0379385629472027,1,145.560237884521,5.74588775634766e-05
1858,2000,620,-0.0304906318166912,0.0473398803706809,0.0475183592322268,-0.123276797343226,0.0622955337098434,1,431.979700088501,8.34465026855469e-05
1859,4000,620,-0.00531452268527808,0.0330237296593142,0.0338761695526351,-0.0700410328175338,0.0594119874469777,1,650.044506072998,0.000109195709228516
185,4000,62,-0.00652572285759803,0.0327986882322612,0.0329829090188646,-0.07081115179283,0.057759706077634,1,1003.66665053368,9.5367431640625e-05
1860,1000,621,0.0621071283795479,0.0669046440322278,0.0681800221433245,-0.0690259739236185,0.193240230682714,1,105.809939622879,4.26769256591797e-05
1861,2000,621,0.0167630426075433,0.050067375091834,0.0501875985490449,-0.0813690125724513,0.114895097787538,1,307.59639954567,6.27040863037109e-05
1862,4000,621,0.00572059088147759,0.033627389379327,0.033890612739099,-0.0601890923020033,0.0716302740649585,1,461.784970760345,0.0121595859527588
1863,1000,622,0.0151141306032343,0.0695959355445824,0.0670263367405926,-0.121293903064147,0.151522164270616,1,106.674680948257,4.14848327636719e-05
1864,2000,622,0.0920228065169631,0.0471593918418999,0.0481931283461023,-0.000409601493160758,0.184455214527087,1,429.11577630043,9.10758972167969e-05
1865,4000,622,0.0238334754346579,0.0338364061395444,0.0344740563609811,-0.0424858805988491,0.0901528314681649,1,459.261798858643,7.55786895751953e-05
1866,1000,623,0.0637303816385792,0.0659020629010259,0.0646143983447053,-0.0654376616474315,0.19289842492459,1,156.388079404831,6.62803649902344e-05
1867,2000,623,-0.0209023483412303,0.0492170269526341,0.0479698941876525,-0.117367721168393,0.0755630244859326,1,297.486636400223,6.91413879394531e-05
1868,4000,623,-0.0336353971353575,0.0323522661756967,0.0324938183505222,-0.097045838839723,0.0297750445690081,1,652.926919460297,6.93798065185547e-05
1869,1000,624,-0.0503543813067862,0.0690772755848462,0.0718079316215397,-0.185745841453085,0.0850370788395124,1,107.30299115181,6.00814819335938e-05
186,1000,63,0.012016550874554,0.070642503057496,0.0680849162010925,-0.126442755118138,0.150475856867246,1,118.987401008606,3.814697265625e-05
1870,2000,624,0.0528582487781596,0.0475400479595336,0.0476290162921033,-0.0403202452225261,0.146036742778845,1,307.300769090652,0.000120878219604492
1871,4000,624,-0.0218994612878406,0.0328760947524753,0.0330585377279633,-0.0863366070026922,0.0425376844270111,1,788.519259929657,6.98566436767578e-05
1872,1000,625,-0.0116531206015634,0.0686968934139246,0.065070868023533,-0.146299031692856,0.122992790489729,1,109.684243440628,6.43730163574219e-05
1873,2000,625,0.00325924012675414,0.0469120896945622,0.0463599083517003,-0.0886884556745877,0.095206935928096,1,216.899495363235,5.67436218261719e-05
1874,4000,625,-0.0034107775708526,0.03289441102013,0.0339273806347608,-0.0678838231703075,0.0610622680286023,1,570.332635164261,8.94069671630859e-05
1875,1000,626,0.0471769949656995,0.0655883941296929,0.0646194500557083,-0.0813762575284986,0.175730247459898,1,157.610191583633,6.03199005126953e-05
1876,2000,626,0.0254614764919699,0.0466246682729795,0.0462879355088488,-0.0659228733230698,0.11684582630701,1,214.561333656311,7.36713409423828e-05
1877,4000,626,-0.00394497127172448,0.0324611407940344,0.0324896778043854,-0.0675688072280318,0.0596788646845829,1,482.026287555695,7.27176666259766e-05
1878,1000,627,-0.0660430436997311,0.0675214278153664,0.0685146895573778,-0.198385042217849,0.0662989548183872,1,180.332633495331,7.67707824707031e-05
1879,2000,627,-0.0287918477505022,0.0472331366039241,0.0479617578383616,-0.121368795494193,0.063785099993189,1,196.782442092896,5.41210174560547e-05
187,2000,63,0.0126948928541455,0.0482969176342337,0.0482259116440831,-0.0819670657089525,0.107356851417244,1,216.390909433365,5.26905059814453e-05
1880,4000,627,0.0284667786762881,0.0335382764633561,0.0341710233833161,-0.0372682431918899,0.094201800544466,1,714.221405506134,8.55922698974609e-05
1881,1000,628,-0.013886774096198,0.0730794113469618,0.0680809891160334,-0.157122420336243,0.129348872143847,1,109.809700489044,4.67300415039062e-05
1882,2000,628,0.0858570256890414,0.047728192811037,0.0481833788857774,-0.00769023222059116,0.179404283598674,1,214.898153066635,4.76837158203125e-05
1883,4000,628,0.0182295585317823,0.0330471022951963,0.0333674809937292,-0.0465427619668025,0.083001879030367,1,973.151998758316,0.000118255615234375
1884,1000,629,0.169202563450369,0.0637662282531165,0.0626577416712295,0.044220756074261,0.294184370826477,0,211.585251331329,7.84397125244141e-05
1885,2000,629,0.0391251007010431,0.0470690258556318,0.0480648410503036,-0.0531301899759952,0.131380391378081,1,435.482733488083,0.000103235244750977
1886,4000,629,-0.0199133066142892,0.033731945840476,0.0339657098258836,-0.0860279204616222,0.0462013072330438,1,900.79971909523,0.000101089477539062
1887,1000,630,0.0431782843154515,0.0686329422566255,0.0698425483867971,-0.0913422825075345,0.177698851138438,1,107.949571847916,4.98294830322266e-05
1888,2000,630,-0.0197457684758723,0.0475425848824901,0.0475371061682346,-0.112929234845553,0.0734376978938082,1,286.171607017517,5.57899475097656e-05
1889,4000,630,0.0777915501457994,0.0334517132547076,0.0340523269420205,0.0122261921665725,0.143356908125026,0,881.176842451096,9.22679901123047e-05
188,4000,63,0.0190542158301288,0.0327164102124031,0.0327987393626776,-0.0450699481861813,0.0831783798464389,1,898.991681337357,9.41753387451172e-05
1890,1000,631,0.122337033267185,0.0686486988312584,0.070473931587064,-0.0122144164420819,0.256888482976451,1,96.8897697925568,3.814697265625e-05
1891,2000,631,-0.0437880206234701,0.0464588120767552,0.0476586040562574,-0.13484729229391,0.0472712510469701,1,436.73642039299,6.24656677246094e-05
1892,4000,631,0.0335109403886259,0.0328499621022256,0.0334489443973743,-0.0308749853317362,0.0978968661089881,1,969.588580131531,9.70363616943359e-05
1893,1000,632,-0.00993050409106424,0.0711348966715639,0.0711246886672034,-0.14935490156733,0.129493893385201,1,103.798941612244,4.50611114501953e-05
1894,2000,632,0.0599397908377021,0.0458284282315856,0.0475688089920777,-0.0298839284962057,0.14976351017161,1,434.231683254242,8.86917114257812e-05
1895,4000,632,-0.0138027875762997,0.0334016445134013,0.033497623054538,-0.0792700108225663,0.0516644356699669,1,677.441266059875,7.39097595214844e-05
1896,1000,633,-0.0511403591177121,0.0668479552234702,0.0659775625624965,-0.182162351355714,0.0798816331202896,1,101.41340970993,4.86373901367188e-05
1897,2000,633,-0.0394403018316604,0.0494830775439093,0.0467067665701978,-0.136427133817723,0.0575465301544019,1,323.562580823898,6.34193420410156e-05
1898,4000,633,0.0277406222736865,0.0340923333626747,0.0341303669761419,-0.0390803511171559,0.0945615956645288,1,466.552478313446,9.48905944824219e-05
1899,1000,634,-0.0225636579624664,0.068824399549401,0.0668367415685849,-0.157459481079292,0.112332165154359,1,165.689063310623,6.4849853515625e-05
189,1000,64,-0.00292054087756232,0.0674731675930306,0.067384362434184,-0.135167949359902,0.129326867604778,1,207.982164621353,8.48770141601562e-05
18,1000,7,0.040851439803127,0.065215253958628,0.0684093415794148,-0.086970457955784,0.168673337562038,1,98.9588346481323,5.65052032470703e-05
1900,2000,634,-0.00865643936454345,0.0464526530628852,0.0449664585330212,-0.0997036393677984,0.0823907606387115,1,310.611930370331,7.46250152587891e-05
1901,4000,634,-0.0324847336840975,0.0337055902853487,0.0337018498296874,-0.098547690643381,0.033578223275186,1,664.324323654175,7.05718994140625e-05
1902,1000,635,-0.0424633001701858,0.0674212772016182,0.0681752181305059,-0.174609003485357,0.0896824031449859,1,151.261779546738,6.60419464111328e-05
1903,2000,635,-0.0278021129351966,0.0471265596512995,0.0471981441150054,-0.120170169851744,0.0645659439813504,1,204.478188037872,5.55515289306641e-05
1904,4000,635,-0.0793737344342581,0.0334455426515979,0.0337105120428982,-0.14492699803139,-0.0138204708371262,0,456.989742994308,7.58171081542969e-05
1905,1000,636,0.0792561052971923,0.0666191832033123,0.0681354890588155,-0.0513174937812998,0.209829704375684,1,106.543722867966,4.41074371337891e-05
1906,2000,636,-0.0420323945032274,0.0474529886919797,0.047376326250585,-0.135040252339508,0.0509754633330528,1,225.496844053268,5.98430633544922e-05
1907,4000,636,-0.0367563212776408,0.0340696827673216,0.0343719001573936,-0.103532899501591,0.0300202569463095,1,698.638733863831,0.000123023986816406
1908,1000,637,0.0193438668150532,0.0715847170789667,0.0667647797917076,-0.120962178659721,0.159649912289828,1,113.020866394043,3.74317169189453e-05
1909,2000,637,-0.0588699117878936,0.0467241493180411,0.0465245803349037,-0.150449244451254,0.032709420875467,1,422.890149354935,8.05854797363281e-05
190,2000,64,0.0179455521919884,0.0478349856321898,0.0481427636107942,-0.0758110196471035,0.11170212403108,1,195.775735378265,8.03470611572266e-05
1910,4000,637,0.0137234749937737,0.0324470034300727,0.0330839329359315,-0.0498726517291688,0.0773196017167163,1,628.836202859879,7.22408294677734e-05
1911,1000,638,-0.0135578871427661,0.0687560168703075,0.0672134253497494,-0.148319680208569,0.121203905923037,1,211.216054916382,8.98838043212891e-05
1912,2000,638,0.00713263592459671,0.047206799597241,0.046448048406428,-0.0853926912859957,0.0996579631351891,1,201.709114313126,5.19752502441406e-05
1913,4000,638,-0.00191262811918873,0.0339926366960331,0.0337777798863102,-0.0685381960434137,0.0647129398050362,1,648.715395212173,8.46385955810547e-05
1914,1000,639,0.0624004042638765,0.0638466458996841,0.0657917184003977,-0.0627390216995043,0.187539830227257,1,98.0091414451599,5.14984130859375e-05
1915,2000,639,0.0323755343250007,0.045734510167459,0.0466166629944608,-0.057264105603219,0.12201517425322,1,223.006741762161,4.76837158203125e-05
1916,4000,639,0.00519129683406732,0.0327523040276399,0.0330561142997089,-0.0590032190601069,0.0693858127282415,1,443.336364507675,6.79492950439453e-05
1917,1000,640,0.0426242623980627,0.0682709665581258,0.0677635390318455,-0.0911868320558638,0.176435356851989,1,210.231922626495,8.0108642578125e-05
1918,2000,640,0.0415671107748563,0.0479276894649969,0.0490328102263988,-0.0523711605765377,0.13550538212625,1,277.694330215454,7.74860382080078e-05
1919,4000,640,-0.0198175132582789,0.0325263748183897,0.0329695555016007,-0.0835692079023228,0.043934181385765,1,631.42431807518,0.000107049942016602
191,4000,64,-0.0309210321696891,0.0328581925922401,0.0335007341774434,-0.0953230896504797,0.0334810253111015,1,457.846897602081,7.15255737304688e-05
1920,1000,641,0.143580851671184,0.0683793940253739,0.0719505113832108,0.00955723938145081,0.277604463960916,0,105.974259376526,4.10079956054688e-05
1921,2000,641,0.0390293713116533,0.0474743547405847,0.0479484451465732,-0.0540203639798928,0.132079106603199,1,316.22643661499,0.000117063522338867
1922,4000,641,0.0198446085986331,0.0330695892529819,0.0334796742670927,-0.0449717863372115,0.0846610035344777,1,608.755613803864,5.93662261962891e-05
1923,1000,642,-0.0213927883749237,0.0662473062088151,0.0641106762782539,-0.151237508544201,0.108451931794354,1,131.959808826447,5.07831573486328e-05
1924,2000,642,0.00964712560667556,0.0458077639191588,0.0486014758863174,-0.0801360916748757,0.0994303428882268,1,214.189462423325,6.19888305664062e-05
1925,4000,642,-0.0127813986220926,0.0332111552863069,0.0335386583839348,-0.0778752629832542,0.052312465739069,1,703.92404294014,7.89165496826172e-05
1926,1000,643,-0.0423699563506662,0.0684089133658857,0.0678535631740143,-0.176451426547802,0.0917115138464697,1,211.048413515091,0.000100135803222656
1927,2000,643,0.00206755949327438,0.0500369434041681,0.0479285543504879,-0.0960048495788951,0.100139968565444,1,445.971400976181,9.10758972167969e-05
1928,4000,643,0.0310365660993642,0.0337645068545451,0.034352788910009,-0.0351418673355441,0.0972149995342725,1,496.791150331497,7.82012939453125e-05
1929,1000,644,0.0398006705070801,0.0677491861327043,0.0631159901990494,-0.0929877343130204,0.172589075327181,1,96.7901766300201,4.24385070800781e-05
192,1000,65,-0.110637972741349,0.0678309703419357,0.0672753711076907,-0.243586674611543,0.0223107291288452,1,107.565511226654,4.00543212890625e-05
1930,2000,644,0.0438262774151065,0.0485474576633826,0.0481635651832819,-0.0513267396051234,0.138979294435336,1,213.367175579071,5.24520874023438e-05
1931,4000,644,0.0286185997593342,0.0331480425489101,0.0337781758368234,-0.0363515636365296,0.093588763155198,1,645.178335905075,7.79628753662109e-05
1932,1000,645,0.0847210125732075,0.0695494834198775,0.0659913932414244,-0.0515959749297523,0.221038000076167,1,140.562042713165,6.29425048828125e-05
1933,2000,645,0.000986478602319834,0.0473834520627811,0.0470442398547118,-0.0918850874407311,0.0938580446453707,1,199.402800798416,7.10487365722656e-05
1934,4000,645,-0.0406775822974569,0.0336320574618385,0.0343617750460476,-0.10659641492266,0.0252412503277467,1,600.837057352066,6.74724578857422e-05
1935,1000,646,0.0515737089127596,0.0714154768040472,0.0697001354432157,-0.0884006256231729,0.191548043448692,1,147.673154115677,4.43458557128906e-05
1936,2000,646,-0.0713829915857663,0.0464797045633049,0.0465464087147425,-0.162483212529844,0.0197172293583113,1,200.609008073807,7.77244567871094e-05
1937,4000,646,0.0360683474693673,0.0344212257893439,0.0350405347989346,-0.0313972550777468,0.103533950016481,1,463.542749881744,6.67572021484375e-05
1938,1000,647,0.112339583248991,0.0678144023909117,0.0704565112008751,-0.0205766454371958,0.245255811935178,1,109.205818653107,5.84125518798828e-05
1939,2000,647,0.0221711787928939,0.0465036105256379,0.0479760360471313,-0.0689758978373564,0.113318255423144,1,305.513003587723,5.48362731933594e-05
193,2000,65,0.0522822130617894,0.0479813507623644,0.048720224647422,-0.0417612344324449,0.146325660556024,1,211.321189641953,5.14984130859375e-05
1940,4000,647,-0.0223632364383556,0.0327503725137444,0.0332861507393785,-0.0865539665652946,0.0418274936885834,1,508.076722145081,7.96318054199219e-05
1941,1000,648,0.0456936306142391,0.0665253682099326,0.0652371982381216,-0.0846960910772288,0.176083352305707,1,111.144131422043,5.76972961425781e-05
1942,2000,648,0.0467301761466344,0.0473013655888888,0.047850015835543,-0.0459805004075875,0.139440852700856,1,212.584766864777,5.31673431396484e-05
1943,4000,648,-0.00896521195316102,0.0329052787334761,0.033219389360271,-0.0734595582707742,0.0555291343644521,1,510.769531488419,6.53266906738281e-05
1944,1000,649,0.0304962499392626,0.0711666934127543,0.0676971189170438,-0.108990469149736,0.169982969028261,1,157.710847139359,5.67436218261719e-05
1945,2000,649,0.00391283863915181,0.0485632352500112,0.0490169818099227,-0.0912711024508702,0.0990967797291738,1,319.966751813889,5.67436218261719e-05
1946,4000,649,0.0370366976227955,0.0339175449915402,0.0338388828493083,-0.0294416905606232,0.103515085806214,1,974.403525114059,0.000101804733276367
1947,1000,650,0.133136789719175,0.0664911125986605,0.0637779794773712,0.00281420902580046,0.26345937041255,0,101.485388994217,4.48226928710938e-05
1948,2000,650,-0.0263534201541414,0.04685368971654,0.046503638086977,-0.11818665199856,0.0654798116902771,1,299.833936929703,5.03063201904297e-05
1949,4000,650,0.0323098656338944,0.0332221518066758,0.0337929424695488,-0.0328055519071902,0.097425283174979,1,932.738167285919,7.74860382080078e-05
194,4000,65,0.0377914365821886,0.0336643276316999,0.0349360050941113,-0.0281906455759433,0.10377351874032,1,728.293645381927,8.7738037109375e-05
1950,1000,651,0.0815969977542539,0.0710008058243154,0.0686847966585406,-0.0575645816614043,0.220758577169912,1,130.45990896225,5.65052032470703e-05
1951,2000,651,0.0220478939308726,0.0469952245669132,0.047244579312949,-0.0700627462202774,0.114158534082023,1,417.532965421677,0.000100851058959961
1952,4000,651,-0.0757061361014472,0.0329503425026332,0.0329699084696921,-0.140288807406608,-0.0111234647962861,0,692.825732707977,7.2479248046875e-05
1953,1000,652,-0.0405380091898968,0.0656189737342017,0.0671625764398804,-0.169151197708932,0.0880751793291384,1,102.507143497467,3.86238098144531e-05
1954,2000,652,0.0649401106759878,0.0476593047367239,0.0489335949609009,-0.0284721266079911,0.158352347959967,1,270.78653883934,5.340576171875e-05
1955,4000,652,0.0324412067587367,0.0326380997562367,0.0337926163762489,-0.0315294687634873,0.0964118822809607,1,598.522435903549,6.38961791992188e-05
1956,1000,653,-0.0596466039930585,0.0699384508032254,0.0692532128399036,-0.19672596756738,0.0774327595812634,1,158.219341516495,5.10215759277344e-05
1957,2000,653,-0.00540458136379427,0.0451863956519481,0.0454650884580102,-0.0939699168416126,0.083160754114024,1,267.692205190659,5.17368316650391e-05
1958,4000,653,0.0122842211228651,0.0336181801387278,0.0342650640399342,-0.0536074119490414,0.0781758541947716,1,598.736944198608,6.27040863037109e-05
1959,1000,654,0.0643910189644992,0.0677033898393165,0.0661324257533112,-0.0683076251205613,0.19708966304956,1,131.994973659515,4.88758087158203e-05
195,1000,66,0.0259862258467281,0.0651662575580732,0.0636265805593873,-0.101739638967095,0.153712090660551,1,131.874153614044,6.46114349365234e-05
1960,2000,654,-0.037324345820536,0.0486244984617462,0.0487313316253373,-0.132628362805558,0.0579796711644865,1,267.422923564911,5.340576171875e-05
1961,4000,654,0.00955306420268114,0.0332713016727578,0.0337118444072204,-0.0556586870759241,0.0747648154812864,1,700.66454577446,8.08238983154297e-05
1962,1000,655,0.0271746248133176,0.0685936967953059,0.0651280188978304,-0.107269020905482,0.161618270532117,1,123.654260396957,6.65187835693359e-05
1963,2000,655,0.0962538817906862,0.0475667766602886,0.0472711156292435,0.00302299953652051,0.189484764044852,0,447.224760770798,8.392333984375e-05
1964,4000,655,0.0561120576458865,0.0340995195585255,0.0345907749177012,-0.0107230006888235,0.122947115980597,1,472.642060995102,7.62939453125e-05
1965,1000,656,-0.0144579463001014,0.0657434031909529,0.066377770693155,-0.143315016554369,0.114399123954166,1,148.625867605209,7.65323638916016e-05
1966,2000,656,-0.0477925222080918,0.0488634931432203,0.0482660721589678,-0.143564968768804,0.04797992435262,1,208.110753774643,5.7220458984375e-05
1967,4000,656,0.0060783108679469,0.0338262262864744,0.0341877941970661,-0.0602210926535428,0.0723777143894366,1,438.767850637436,9.94205474853516e-05
1968,1000,657,0.028257172699044,0.0703288046423618,0.0670137673557557,-0.109587284399985,0.166101629798073,1,214.699548244476,7.55786895751953e-05
1969,2000,657,0.0437176533211252,0.0482729722223155,0.0478506765894948,-0.0508973722346133,0.138332678876864,1,441.148221492767,0.000100135803222656
196,2000,66,0.0125933964922136,0.0468928485554317,0.0474062652594939,-0.0793165866764325,0.10450337966086,1,218.230565071106,5.31673431396484e-05
1970,4000,657,0.0287546447673989,0.033903218648027,0.0338615404591579,-0.0376956637827339,0.0952049533175318,1,449.583769083023,7.43865966796875e-05
1971,1000,658,-0.0195388457531971,0.0710474620115711,0.0681167053140708,-0.158791871295877,0.119714179789482,1,106.489897251129,7.03334808349609e-05
1972,2000,658,-0.0138691499657319,0.0475059231658038,0.0480363370672123,-0.106980759370707,0.0792424594392434,1,306.50761961937,6.58035278320312e-05
1973,4000,658,0.0196681172157476,0.0335079873024623,0.0334500934996296,-0.0460075378970785,0.0853437723285737,1,637.050575494766,9.10758972167969e-05
1974,1000,659,0.0615676711255935,0.0699386561301654,0.0691740282192891,-0.0755120948895307,0.198647437140718,1,213.175397396088,7.43865966796875e-05
1975,2000,659,0.127030597627452,0.0473799064979086,0.0476765091218855,0.0341659808915514,0.219895214363353,0,381.313352823257,0.0033116340637207
1976,4000,659,0.010125592219993,0.0329950416350887,0.0334553108545666,-0.0545446893847809,0.0747958738247669,1,462.8271484375,8.44001770019531e-05
1977,1000,660,0.0827623556026089,0.0669299190777164,0.0640598116088571,-0.0484202857897152,0.213944996994933,1,149.977102518082,5.48362731933594e-05
1978,2000,660,-0.0495108352954114,0.045506922318265,0.0460738835813148,-0.138704403039211,0.039682732448388,1,319.800061225891,5.41210174560547e-05
1979,4000,660,-0.0231133374072969,0.0333893209866434,0.0336984394195486,-0.088556406541118,0.0423297317265242,1,710.492567300797,7.70092010498047e-05
197,4000,66,0.0327150376825125,0.033056750787438,0.0337736767398464,-0.032076193860866,0.097506269225891,1,453.957983493805,8.05854797363281e-05
1980,1000,661,-0.0705580483277738,0.0718223858950031,0.0682812964948042,-0.21132992468198,0.0702138280264323,1,221.887734889984,0.000107765197753906
1981,2000,661,-0.0810515019202901,0.0483311986002369,0.0479264860571071,-0.175780651176754,0.0136776473361742,1,226.132980823517,7.70092010498047e-05
1982,4000,661,-0.0552578099547655,0.0338039637629663,0.0334255015586723,-0.121513578930179,0.0109979590206485,1,706.907959699631,7.2479248046875e-05
1983,1000,662,-0.0148217639805904,0.0656736598563368,0.0650361509985263,-0.143542137299011,0.11389860933783,1,105.211668491364,6.31809234619141e-05
1984,2000,662,0.0199431761070013,0.0466240436898086,0.0473392387428822,-0.0714399495250237,0.111326301739026,1,275.859324455261,4.9591064453125e-05
1985,4000,662,0.0228090752043754,0.0342484507486415,0.033871038342783,-0.0443178882629619,0.0899360386717127,1,616.15337061882,6.05583190917969e-05
1986,1000,663,-0.0215765545176935,0.0676513288336247,0.0690158404576285,-0.154173159031598,0.111020049996211,1,105.676328420639,8.36849212646484e-05
1987,2000,663,0.0462641421456807,0.0477798859497495,0.0473457056396616,-0.0473844343158283,0.13991271860719,1,220.267189264297,5.65052032470703e-05
1988,4000,663,0.0176056878030438,0.0343393834586467,0.0348837914990694,-0.0496995037759037,0.0849108793819914,1,438.65956735611,6.69956207275391e-05
1989,1000,664,0.019446865517862,0.0712702264390992,0.0706968574653065,-0.120242778302772,0.159136509338496,1,98.1304881572723,5.340576171875e-05
198,1000,67,-0.160821265441693,0.066850627699487,0.0651474422339583,-0.291848495732687,-0.0297940351506981,0,134.730982065201,4.88758087158203e-05
1990,2000,664,-0.0188350992596494,0.0469640429863315,0.0480199487145372,-0.110884623512859,0.0732144249935604,1,451.558879852295,9.27448272705078e-05
1991,4000,664,-0.00210494043656634,0.0330271511571139,0.0336319631433084,-0.0668381567045096,0.0626282758313769,1,954.014657497406,0.000107288360595703
1992,1000,665,-0.0045525639264207,0.0628070499293415,0.0626089605252957,-0.12765438178793,0.118549253935089,1,157.342372894287,5.31673431396484e-05
1993,2000,665,-0.0566792508804547,0.0472036015268863,0.0473236673614167,-0.149198309873152,0.0358398081122425,1,336.833770751953,5.81741333007812e-05
1994,4000,665,-0.0106277056468594,0.0331638612645018,0.0335997646799446,-0.075628873725283,0.0543734624315641,1,484.258215904236,9.41753387451172e-05
1995,1000,666,-0.0104592677570854,0.0689346267546432,0.0666550617166721,-0.145571136196186,0.124652600682015,1,132.178749084473,4.91142272949219e-05
1996,2000,666,-0.0430293095819707,0.0478922130421198,0.0474020141128143,-0.136898047144525,0.0508394279805841,1,215.698023319244,7.55786895751953e-05
1997,4000,666,-0.0112489726804459,0.0330626212110694,0.0327911376073228,-0.076051710254142,0.0535537648932502,1,489.054390907288,8.44001770019531e-05
1998,1000,667,-0.0405859807037446,0.0726946036175642,0.0705054453338374,-0.18306740379417,0.101895442386681,1,108.954387903214,5.19752502441406e-05
1999,2000,667,-0.0222415004347531,0.0472033195519573,0.048761375464103,-0.114760006756589,0.0702770058870832,1,207.173453330994,4.9591064453125e-05
199,2000,67,-0.00212173764519354,0.0465219254862957,0.0460055719962634,-0.093304711598333,0.0890612363079459,1,214.769217252731,9.32216644287109e-05
19,2000,7,0.0644036786364989,0.0473770899839153,0.0488086820595381,-0.0284554177319751,0.157262775004973,1,306.285869121552,9.29832458496094e-05
1,2000,1,-0.0616131119015731,0.0490117539477857,0.0490510414477498,-0.157676149639233,0.0344499258360869,1,202.09939455986,5.60283660888672e-05
2000,4000,667,-0.000347207190721342,0.0341602119078085,0.0346283066014473,-0.067301222530026,0.0666068081485833,1,608.117015361786,5.91278076171875e-05
2001,1000,668,-0.0338779633199908,0.0682613285312168,0.0665484016579492,-0.167670167241176,0.0999142406011941,1,149.979975938797,0.000101804733276367
2002,2000,668,0.0368036658830908,0.04572397118889,0.0458472765202849,-0.0528153176471336,0.126422649413315,1,319.429158210754,5.10215759277344e-05
2003,4000,668,-0.0198590210389609,0.0330862904094846,0.0335186894071935,-0.0847081502415506,0.0449901081636288,1,449.426104545593,6.62803649902344e-05
2004,1000,669,0.0175566347332407,0.066363843582052,0.0657141018309261,-0.112516498687581,0.147629768154063,1,157.520668268204,5.62667846679688e-05
2005,2000,669,-0.0481963581377938,0.0486694405185371,0.0492431800735057,-0.143588461554126,0.047195745278539,1,229.595158338547,7.00950622558594e-05
2006,4000,669,-0.00424618603896581,0.0330313070489129,0.0344554659390208,-0.0689875478548352,0.0604951757769035,1,890.677089929581,9.41753387451172e-05
2007,1000,670,0.00216561084908126,0.0682949253786261,0.0656708205334835,-0.131692442893026,0.136023664591188,1,104.011300086975,5.81741333007812e-05
2008,2000,670,-0.0547297689200137,0.0467645154456229,0.0481077278613736,-0.146388219193435,0.0369286813534072,1,280.823353052139,5.7220458984375e-05
2009,4000,670,0.0574020451250552,0.0334143880957849,0.0334242130661281,-0.00809015554268318,0.122894245792793,1,582.162866592407,7.70092010498047e-05
200,4000,67,0.01766432718147,0.0334492643683564,0.0337536707591629,-0.0478962309805084,0.0832248853434485,1,676.008672475815,7.84397125244141e-05
2010,1000,671,-0.0260348273376421,0.0687325189075328,0.0701652275461499,-0.160750564396406,0.108680909721122,1,194.543705463409,6.38961791992188e-05
2011,2000,671,-0.0795105419204965,0.046061022267764,0.0470451189871401,-0.169790145565314,0.0107690617243209,1,207.140649795532,5.53131103515625e-05
2012,4000,671,0.0188702688453194,0.0330943467645433,0.0336486493700872,-0.0459946508131855,0.0837351885038244,1,603.509296417236,6.79492950439453e-05
2013,1000,672,0.0921881096498947,0.0696178014148858,0.0702816052584716,-0.0442627811232815,0.228639000423071,1,142.120770215988,8.96453857421875e-05
2014,2000,672,0.10235953624316,0.0482834511242735,0.0495153667635842,0.00772397203958396,0.196995100446736,0,226.783342599869,5.86509704589844e-05
2015,4000,672,-0.0263920586213222,0.0336915564623454,0.0345291764681215,-0.0924275092875192,0.0396433920448747,1,707.064430475235,9.20295715332031e-05
2016,1000,673,0.0126398120719551,0.0682032693896434,0.0674426323085788,-0.121038595931746,0.146318220075656,1,214.865823745728,9.48905944824219e-05
2017,2000,673,0.0617586795342265,0.0496099242741989,0.0485472650620879,-0.0354767720432033,0.158994131111656,1,210.690133571625,6.41345977783203e-05
2018,4000,673,-0.0588106768260213,0.0334322055075663,0.0347727671664124,-0.124337799620851,0.00671644596880862,1,809.586584806442,8.29696655273438e-05
2019,1000,674,0.0404046135489832,0.0672485565249764,0.0676417724279326,-0.0914025572399706,0.172211784337937,1,104.338245868683,5.14984130859375e-05
201,1000,68,-0.0170945609398595,0.070015390456458,0.0670081496491065,-0.154324726234517,0.120135604354798,1,180.932796239853,8.72611999511719e-05
2020,2000,674,-0.0167801099462192,0.0495971822485002,0.0485684255980743,-0.11399058715328,0.0804303672608411,1,325.452834129333,5.84125518798828e-05
2021,4000,674,0.00192832070470587,0.0323243851002018,0.0331229608706279,-0.0614274740916897,0.0652841155011015,1,691.953365325928,9.89437103271484e-05
2022,1000,675,0.065713338726987,0.0656947783858768,0.0652787105577678,-0.0630484269093315,0.194475104363305,1,205.321493387222,9.03606414794922e-05
2023,2000,675,-0.0507059197991684,0.0469385040974311,0.0473011212315084,-0.142705387830133,0.0412935482317966,1,323.733919143677,6.62803649902344e-05
2024,4000,675,0.00255660315012976,0.0333212558838589,0.0337311409716442,-0.0627530583822338,0.0678662646824933,1,692.793295860291,7.96318054199219e-05
2025,1000,676,-0.0611198747184216,0.0676410721517689,0.0663856802415295,-0.193696376135889,0.0714566266990454,1,108.308871746063,4.91142272949219e-05
2026,2000,676,0.0304108568166609,0.0461260664693473,0.0464929615301614,-0.0599962334632598,0.120817947096582,1,205.666641950607,5.79357147216797e-05
2027,4000,676,0.034705082247153,0.0331209968473091,0.0339390096103452,-0.0302120715735727,0.0996222360678788,1,687.734197378159,7.08103179931641e-05
2028,1000,677,0.00968272581094984,0.0692542940333552,0.068323154597207,-0.126055690494426,0.145421142116326,1,153.729210853577,6.27040863037109e-05
2029,2000,677,-0.0374025536176134,0.0479659224094083,0.04884124930671,-0.131415761540054,0.0566106543048269,1,326.393295764923,7.22408294677734e-05
202,2000,68,-0.00431142673204854,0.0460118926942698,0.0474237033445048,-0.0944947364128173,0.0858718829487202,1,215.77864575386,7.20024108886719e-05
2030,4000,677,0.00349256235023386,0.0335372731980811,0.0339767942341735,-0.062240493118005,0.0692256178184727,1,608.56319642067,6.41345977783203e-05
2031,1000,678,-0.0215380412092697,0.0683809513274549,0.0666718930152971,-0.155564705811081,0.112488623392542,1,207.706828355789,8.48770141601562e-05
2032,2000,678,0.0861010371326787,0.0479324117789844,0.0478646427575536,-0.00784648995413072,0.180048564219488,1,300.134318351746,9.25064086914062e-05
2033,4000,678,0.0588464626680953,0.0338926036533838,0.0343605820233778,-0.00758304049253693,0.125275965828728,1,912.024477243423,9.34600830078125e-05
2034,1000,679,-0.0519628352446411,0.0673706609705748,0.0662472560617799,-0.184009330746968,0.0800836602576855,1,204.28427195549,9.17911529541016e-05
2035,2000,679,0.0458624588551722,0.0474580602147063,0.0479442887476053,-0.0471553391656522,0.138880256875997,1,284.503069877625,4.98294830322266e-05
2036,4000,679,-0.0219062364943679,0.0332079733594829,0.0333869687400973,-0.0869938642789543,0.0431813912902186,1,466.554930210114,0.000107765197753906
2037,1000,680,-0.0461912751729359,0.0678932540816166,0.0677555167811372,-0.179262053172904,0.0868795028270326,1,106.621959924698,6.19888305664062e-05
2038,2000,680,0.0256430132420614,0.0468736610747884,0.046808934709121,-0.0662293624645239,0.117515388948647,1,220.047918796539,5.00679016113281e-05
2039,4000,680,0.00891450018086875,0.0337138546182701,0.0337099493310427,-0.0571646548709406,0.0749936552326781,1,940.475035190582,9.77516174316406e-05
203,4000,68,0.0606723685861776,0.0333802140089352,0.0328275869766845,-0.00475285087133546,0.126097588043691,1,511.216717720032,5.98430633544922e-05
2040,1000,681,-0.0546269388483934,0.0674152112159772,0.0681501394227046,-0.186760752831709,0.0775068751349219,1,149.459320783615,4.43458557128906e-05
2041,2000,681,-0.046307258216413,0.048025150978372,0.0459692241993474,-0.140436554134022,0.0478220377011961,1,195.483155727386,5.26905059814453e-05
2042,4000,681,0.00758114517073101,0.034018361148867,0.0342940830302473,-0.0590948426810482,0.0742571330225103,1,473.631085395813,9.96589660644531e-05
2043,1000,682,-0.00533113870838531,0.0668276704329998,0.0664585723207346,-0.136313372757065,0.125651095340294,1,130.533984661102,4.14848327636719e-05
2044,2000,682,-0.0135484793405948,0.0460715468893545,0.0464077087032726,-0.10384871124373,0.07675175256254,1,216.257625579834,8.22544097900391e-05
2045,4000,682,-0.0332563876192933,0.0323372307661652,0.032820262398051,-0.096637359920977,0.0301245846823904,1,472.487275123596,7.55786895751953e-05
2046,1000,683,-0.0647951585912993,0.0684484801759563,0.0649755729804567,-0.198954179736174,0.0693638625535752,1,133.514765501022,4.05311584472656e-05
2047,2000,683,-0.0177070949883499,0.045736858082777,0.0467915246647447,-0.107351336830593,0.0719371468538931,1,239.186564445496,5.74588775634766e-05
2048,4000,683,0.0260678353800898,0.0336176140574951,0.0342490497007392,-0.0398226881726006,0.0919583589327801,1,694.584056615829,0.000109195709228516
2049,1000,684,0.0573390272664945,0.0650057130352858,0.0670142509363452,-0.0700721702826657,0.184750224815655,1,106.93794465065,5.22136688232422e-05
204,1000,69,-0.00889521403148675,0.065679671981506,0.0654857286255299,-0.137627371115238,0.119836943052265,1,100.632750034332,4.69684600830078e-05
2050,2000,684,-0.0390480053715022,0.0480622443650505,0.0492795000650074,-0.133250004327001,0.0551539935839968,1,339.184843063354,6.81877136230469e-05
2051,4000,684,-0.0137515802101975,0.0335086026733427,0.0345101235608169,-0.0794284414499492,0.0519252810295542,1,666.898293733597,9.1552734375e-05
2052,1000,685,0.0464690907912151,0.0706311684967034,0.0715410237803844,-0.0919679994623235,0.184906181044754,1,104.877412080765,3.83853912353516e-05
2053,2000,685,-0.00753213954906011,0.0465776095494935,0.0471483091504079,-0.0988242542660674,0.0837599751679471,1,220.97954750061,4.81605529785156e-05
2054,4000,685,0.00756454310691593,0.0332520754666827,0.0339616641457696,-0.0576095248077822,0.0727386110216141,1,507.602393388748,5.91278076171875e-05
2055,1000,686,-0.0774645178871114,0.0677883408386402,0.0686547613890256,-0.210329665930846,0.0554006301566234,1,97.6040480136871,4.57763671875e-05
2056,2000,686,0.030866656213661,0.048659193489284,0.0495530907365377,-0.0645053630253356,0.126238675452658,1,209.010960817337,6.03199005126953e-05
2057,4000,686,-0.0037008816831304,0.0330977387389268,0.0340586471444395,-0.068572449611427,0.0611706862451662,1,510.851359605789,7.67707824707031e-05
2058,1000,687,-0.0280465349497472,0.0711246080458779,0.0696247311320728,-0.167450766719668,0.111357696820174,1,107.857842445374,5.17368316650391e-05
2059,2000,687,-0.0434930369312685,0.0460125164408206,0.0476108619924871,-0.133677569155277,0.0466914952927399,1,196.421039581299,5.19752502441406e-05
205,2000,69,-0.0132759046884396,0.0487605279605004,0.0489861464222523,-0.10884653949102,0.0822947301141411,1,207.334424972534,6.72340393066406e-05
2060,4000,687,0.0237505336191415,0.032968606028096,0.0338274362779268,-0.0408679341959266,0.0883690014342096,1,655.045257568359,7.2479248046875e-05
2061,1000,688,0.0324703276572617,0.0715633676381281,0.0694240696019066,-0.107793872913469,0.172734528227993,1,105.63631939888,5.81741333007812e-05
2062,2000,688,0.012209685444468,0.0491088238798796,0.0484784622855916,-0.084043609360096,0.108462980249032,1,270.58384680748,4.79221343994141e-05
2063,4000,688,-0.0260361003441072,0.0323313916815529,0.0328604241739942,-0.0894056280399509,0.0373334273517365,1,465.438930988312,9.5367431640625e-05
2064,1000,689,-0.117102362366091,0.0688750639694505,0.064435472293707,-0.252097487746214,0.0178927630140317,1,106.403647661209,5.38825988769531e-05
2065,2000,689,-0.00831386121776268,0.0456100535376388,0.0457068441348741,-0.0977095661515347,0.0810818437160093,1,217.501029729843,5.03063201904297e-05
2066,4000,689,0.00052212425506157,0.0331772517465236,0.0331180354990403,-0.0645052891681247,0.0655495376782478,1,467.620224714279,6.07967376708984e-05
2067,1000,690,0.0837593383296484,0.0687109773852713,0.0665704693315993,-0.0509141773454835,0.21843285400478,1,95.5920338630676,4.05311584472656e-05
2068,2000,690,-0.00255118044040122,0.0456748618336736,0.0465223286810601,-0.0920739096344014,0.086971548753599,1,260.133833885193,5.45978546142578e-05
2069,4000,690,-0.0100206807703209,0.0330959606681992,0.033322405948137,-0.0748887636799914,0.0548474021393496,1,913.654544591904,0.000100135803222656
206,4000,69,-0.0189080011317537,0.0327020216101333,0.0338534892620248,-0.0830039634876149,0.0451879612241075,1,916.596157550812,0.000102519989013672
2070,1000,691,-0.0597937686863941,0.0725982200834748,0.0658538328232142,-0.202086280050005,0.0824987426772166,1,222.880978822708,8.51154327392578e-05
2071,2000,691,-0.0725427911260858,0.0479626955572503,0.0478262005494658,-0.166549674418296,0.0214640921661248,1,303.471067905426,6.60419464111328e-05
2072,4000,691,0.0247308896744129,0.0338144711789607,0.034286239576552,-0.0415454738363501,0.0910072531851759,1,658.848936796188,0.000100374221801758
2073,1000,692,0.106584127853293,0.0679149405831638,0.0660697059938903,-0.0265291556897085,0.239697411396294,1,148.060895681381,6.34193420410156e-05
2074,2000,692,0.015194042633798,0.0454999621873694,0.0460496538250591,-0.0739858832534461,0.104373968521042,1,455.199810266495,8.65459442138672e-05
2075,4000,692,-0.0324970856575365,0.0336358157886481,0.0338122608334831,-0.0984232846032867,0.0334291132882138,1,599.308716058731,7.31945037841797e-05
2076,1000,693,9.04809332858705e-05,0.0689914655998525,0.068847222526895,-0.135132791642425,0.135313753508997,1,221.937640666962,8.392333984375e-05
2077,2000,693,-0.0298548462770845,0.04752474521029,0.0483905352378023,-0.123003346889253,0.0632936543350838,1,205.638848781586,8.03470611572266e-05
2078,4000,693,0.00195199868103055,0.0330917418318718,0.0337616719812862,-0.0629078153094383,0.0668118126714994,1,486.723055839539,7.34329223632812e-05
2079,1000,694,-0.107884016828433,0.0691183675097146,0.0690664940202956,-0.243356017147474,0.0275879834906076,1,222.106020689011,7.82012939453125e-05
207,1000,70,0.0382534871521253,0.0679793249107775,0.0676140010150365,-0.0949859896729986,0.171492963977249,1,130.736907958984,5.36441802978516e-05
2080,2000,694,0.0201120479586014,0.0472228943524835,0.0471390181255715,-0.0724448249722662,0.112668920889469,1,202.482270240784,7.58171081542969e-05
2081,4000,694,0.000617617033999718,0.0331133862210586,0.0341470163976712,-0.0642846199592752,0.0655198540272746,1,440.851873874664,7.46250152587891e-05
2082,1000,695,0.0129862552537939,0.064393880959244,0.0655988821201356,-0.113225751426324,0.139198261933912,1,103.982934236526,4.43458557128906e-05
2083,2000,695,0.0294095859291355,0.0465447873238311,0.0484698433926919,-0.0618181972255735,0.120637369083844,1,320.210783004761,6.4849853515625e-05
2084,4000,695,-0.00885967052772874,0.0341135992241894,0.0345806272982132,-0.07572232500714,0.0580029839516826,1,438.47442150116,7.41481781005859e-05
2085,1000,696,-0.0413704664832114,0.0675542821245332,0.0687481879375661,-0.173776859447296,0.0910359264808737,1,136.879917383194,5.29289245605469e-05
2086,2000,696,0.0558113077655664,0.0467582848914691,0.0481735391775198,-0.035834930621713,0.147457546152846,1,311.337930440903,7.79628753662109e-05
2087,4000,696,-0.00125336166533575,0.0339823006232667,0.035048570309021,-0.0678586708869384,0.0653519475562669,1,668.330397844315,8.15391540527344e-05
2088,1000,697,-0.115866931365169,0.0668450791572389,0.0661264796667524,-0.246883286513358,0.0151494237830189,1,126.66823387146,7.41481781005859e-05
2089,2000,697,0.0334637213718088,0.0481117695622593,0.0482289975662054,-0.0608353469702194,0.127762789713837,1,437.325335502625,8.08238983154297e-05
208,2000,70,-0.0356975647121233,0.0492160546057357,0.0501264757759029,-0.132161031739365,0.0607659023151186,1,229.782123565674,6.43730163574219e-05
2090,4000,697,-0.00131025206357585,0.0329492994920144,0.0338062848084991,-0.0658908790679241,0.0632703749407724,1,952.316972017288,9.79900360107422e-05
2091,1000,698,-0.159132688551973,0.0698020863579696,0.0654998133003449,-0.295944777813594,-0.0223205992903526,0,207.287332773209,5.86509704589844e-05
2092,2000,698,-0.00481119897750651,0.0492465319104016,0.0490333753112054,-0.101334401521894,0.0917120035668806,1,316.624446153641,6.53266906738281e-05
2093,4000,698,-0.0216177577096203,0.0333151317778255,0.0347184810024464,-0.0869154159941583,0.0436799005749177,1,654.263023614883,8.44001770019531e-05
2094,1000,699,0.0104104748713607,0.0657281869950833,0.0700296642755832,-0.118416771639003,0.139237721381724,1,206.852941274643,7.15255737304688e-05
2095,2000,699,0.0784291561878974,0.0482396377272247,0.0478062489424849,-0.016120533757463,0.172978846133258,1,275.221939325333,5.65052032470703e-05
2096,4000,699,0.0569466895487006,0.0332815997881116,0.0343831949326358,-0.00828524603599823,0.122178625133399,1,614.722764015198,7.03334808349609e-05
2097,1000,700,-0.118703623425659,0.0717277315958595,0.0671968850597559,-0.259289977353544,0.0218827305022255,1,145.604477643967,4.10079956054688e-05
2098,2000,700,-0.0293674056689097,0.0474629485225574,0.04739410232696,-0.122394784773122,0.0636599734353029,1,273.021429300308,5.36441802978516e-05
2099,4000,700,-0.0106451357385548,0.0334207154302397,0.0338095326028152,-0.0761497379818245,0.054859466504715,1,501.720742464066,6.22272491455078e-05
209,4000,70,-0.0161464102294115,0.0341856458986394,0.0337830400131745,-0.0831502761907447,0.0508574557319216,1,450.384434461594,7.91549682617188e-05
20,4000,7,0.0190880748403512,0.0333617864423603,0.0337199897764804,-0.046301026586675,0.0844771762673773,1,694.778840780258,0.000100374221801758
2100,1000,701,0.0324990417846974,0.0688489333776463,0.0664644256097167,-0.102444867635489,0.167442951204884,1,111.364122390747,3.88622283935547e-05
2101,2000,701,-0.011718275141262,0.0448274044803655,0.0455675442453419,-0.0995799879227783,0.0761434376402544,1,323.343113422394,5.53131103515625e-05
2102,4000,701,0.0202796206203173,0.0322352123423505,0.0330238738310501,-0.0429013955706898,0.0834606368113243,1,636.105224847794,6.65187835693359e-05
2103,1000,702,-0.0110515197698527,0.0720991718536745,0.06608784083552,-0.152365896603055,0.130262857063349,1,133.666480064392,5.38825988769531e-05
2104,2000,702,0.0217987967654057,0.0481835230971626,0.047441573390723,-0.072640908505033,0.116238502035844,1,215.5140812397,6.96182250976562e-05
2105,4000,702,-0.00842005737998063,0.0330898686331134,0.0340510688119017,-0.0732761999008828,0.0564360851409216,1,698.940704345703,8.34465026855469e-05
2106,1000,703,-0.0110396407736379,0.0692109539645256,0.0692488075318957,-0.146693110544108,0.124613828996832,1,104.162816762924,5.14984130859375e-05
2107,2000,703,0.0647198441941635,0.0486565654759301,0.0478537676153804,-0.0306470241386596,0.160086712526987,1,290.713067054749,6.03199005126953e-05
2108,4000,703,0.0485228948152765,0.0338612468061276,0.0337008521946721,-0.0178451489247337,0.114890938555287,1,491.164770841599,7.36713409423828e-05
2109,1000,704,-0.0431793410855048,0.0692309358996427,0.0706421007330581,-0.178871975448805,0.0925132932777948,1,103.196956157684,6.15119934082031e-05
210,1000,71,-0.0414967715752211,0.0683345678641585,0.0703171587038237,-0.175432524588972,0.0924389814385295,1,108.159933805466,4.10079956054688e-05
2110,2000,704,0.0452480223840546,0.046716166319973,0.0492634293536806,-0.0463156636030925,0.136811708371202,1,423.415006399155,8.84532928466797e-05
2111,4000,704,0.00405776571998162,0.0332549265837218,0.033522113195544,-0.0611218903841132,0.0692374218240764,1,593.455829620361,6.62803649902344e-05
2112,1000,705,-0.18691535693296,0.0691287313542078,0.0676053594450155,-0.322407670387208,-0.0514230434787132,0,161.040783643723,8.05854797363281e-05
2113,2000,705,0.0608520117700792,0.0455605522036414,0.0459163600163391,-0.0284466705490579,0.150150694089216,1,316.209465742111,8.27312469482422e-05
2114,4000,705,0.030513042893446,0.0333258915116298,0.0341467185125537,-0.0348057044693483,0.0958317902562403,1,509.635732412338,5.98430633544922e-05
2115,1000,706,-0.0381247985619928,0.0676941126473285,0.0678894665111786,-0.170805259350757,0.0945556622267711,1,100.140375137329,6.38961791992188e-05
2116,2000,706,0.00820920895257299,0.0457674781876054,0.046961065978731,-0.0814950482951336,0.0979134662002796,1,325.940413475037,9.51290130615234e-05
2117,4000,706,-0.0336307606073604,0.0326825886599704,0.0330819898482573,-0.0976886343809023,0.0304271131661816,1,930.150302886963,0.000106573104858398
2118,1000,707,-0.027090226382028,0.0690229452908498,0.0695598979632831,-0.162375199152094,0.108194746388038,1,211.53422665596,0.000113248825073242
2119,2000,707,0.0497485471376958,0.047010337036396,0.0468090833454868,-0.0423917134536403,0.141888807729032,1,434.385066270828,9.48905944824219e-05
211,2000,71,0.0408564670163641,0.047227583259678,0.0471219734525769,-0.0517095961726047,0.133422530205333,1,209.839299440384,5.38825988769531e-05
2120,4000,707,0.0433043531321219,0.0339271649377454,0.0341869703594024,-0.0231928901458591,0.109801596410103,1,669.314025878906,7.34329223632812e-05
2121,1000,708,-0.0349733874697398,0.0695539410778683,0.068759818982158,-0.171299111982362,0.101352337042882,1,105.737469434738,4.14848327636719e-05
2122,2000,708,-0.0622051277311906,0.0475537358066872,0.0479843889773583,-0.155410449912298,0.0310001944499163,1,209.373239040375,8.53538513183594e-05
2123,4000,708,-0.0261790597918214,0.0324688099938829,0.0331531207620123,-0.0898179273798319,0.0374598077961892,1,484.698677301407,8.55922698974609e-05
2124,1000,709,0.123119665114481,0.0674704428334158,0.069660358826785,-0.00912240283901383,0.255361733067976,1,103.530155420303,7.51018524169922e-05
2125,2000,709,-0.0115417094703663,0.04857438173622,0.0474812581656074,-0.106747497673357,0.0836640787326249,1,324.041528224945,6.05583190917969e-05
2126,4000,709,-0.0102565990912533,0.0332653800882937,0.033750443074334,-0.0754567440643089,0.0549435458818023,1,462.755610227585,8.60691070556641e-05
2127,1000,710,0.0189622269433923,0.0723492157826429,0.0717529487311823,-0.122842235990588,0.160766689877372,1,115.139991521835,5.03063201904297e-05
2128,2000,710,-0.0128110700286351,0.0469889807547991,0.0474219569071872,-0.104909472308041,0.0792873322507712,1,210.47816824913,5.38825988769531e-05
2129,4000,710,-0.0630315833036888,0.033619336191391,0.0342642919590148,-0.128925482238815,0.00286231563143755,1,609.071838617325,5.57899475097656e-05
212,4000,71,0.019641005345656,0.0337527632460201,0.0344639991430613,-0.0465144106165435,0.0857964213078554,1,468.607560873032,7.91549682617188e-05
2130,1000,711,-0.0444303366876472,0.0679939479063333,0.0676141169904167,-0.17769847458406,0.088837801208766,1,105.396659612656,4.05311584472656e-05
2131,2000,711,0.0440083015282746,0.0472766566736633,0.0464162611800356,-0.0486539455521054,0.136670548608655,1,277.722276926041,5.60283660888672e-05
2132,4000,711,-0.0131558276183512,0.0324371723770864,0.0326572722775483,-0.0767326854774405,0.0504210302407381,1,663.735435724258,7.2479248046875e-05
2133,1000,712,-0.0364076087274681,0.0696307633176544,0.0713389000081628,-0.172883904830071,0.100068687375135,1,205.184457540512,9.63211059570312e-05
2134,2000,712,0.0120588333061464,0.0486397944560032,0.0498742968198551,-0.0832751638276199,0.107392830439913,1,216.672728776932,5.48362731933594e-05
2135,4000,712,0.0472330605698196,0.0333026438511723,0.0340346657308946,-0.0180401213784781,0.112506242518117,1,479.730104923248,7.77244567871094e-05
2136,1000,713,0.0636876836374256,0.0656126455290126,0.066139201007218,-0.064913101599439,0.19228846887429,1,146.465152263641,5.76972961425781e-05
2137,2000,713,-0.0553334304459649,0.0476334992903917,0.0463366702390641,-0.148695089055133,0.0380282281632028,1,426.929910182953,0.000100612640380859
2138,4000,713,-0.0133991607294901,0.033080346333243,0.0324774076944811,-0.0782366395426464,0.0514383180836662,1,471.686573266983,7.17639923095703e-05
2139,1000,714,0.0120738167275735,0.0691255166900739,0.0689980643034498,-0.123412195984971,0.147559829440118,1,210.137104511261,7.60555267333984e-05
213,1000,72,-0.101589841659227,0.0680107269360085,0.0685137469200306,-0.234890866453803,0.03171118313535,1,104.46421790123,5.19752502441406e-05
2140,2000,714,0.0140637996176784,0.0484125073589945,0.0486933884507843,-0.0808247148059508,0.108952314041308,1,281.543120145798,7.93933868408203e-05
2141,4000,714,-0.020960219243786,0.0330241008278639,0.0328232510597724,-0.0856874568663993,0.0437670183788274,1,982.041575431824,0.000111103057861328
2142,1000,715,0.23690397168816,0.0665759198008938,0.0664754538977549,0.106415168878409,0.367392774497912,0,107.963153839111,6.93798065185547e-05
2143,2000,715,0.0453153532085563,0.0464338798506853,0.0464049139172853,-0.045695051298787,0.136325757715899,1,205.278360366821,5.84125518798828e-05
2144,4000,715,0.0160767284571021,0.0334135354390385,0.0340332863948434,-0.0494138010034134,0.0815672579176175,1,605.242692470551,5.60283660888672e-05
2145,1000,716,-0.0537565752407266,0.0698267752430772,0.0658422569719119,-0.190617054717158,0.0831039042357048,1,162.342444658279,5.86509704589844e-05
2146,2000,716,-0.0222147186349937,0.0464706769849182,0.0464931540570793,-0.113297245525433,0.0688678082554458,1,307.4885160923,0.000110864639282227
2147,4000,716,-0.002983405610722,0.0334297492088261,0.0339490129808602,-0.0685057140600212,0.0625389028385772,1,505.226166248322,7.67707824707031e-05
2148,1000,717,0.158399399624662,0.0644613163689264,0.0622099834496082,0.0320552195415667,0.284743579707758,0,242.49077796936,5.79357147216797e-05
2149,2000,717,0.0487084639148778,0.0483216772177156,0.0485921791880567,-0.0460020234318448,0.1434189512616,1,226.057806968689,4.00543212890625e-05
214,2000,72,-0.137184261753317,0.0465734602343088,0.0457535101576327,-0.228468243812562,-0.0459002796940714,0,209.556004047394,6.4849853515625e-05
2150,4000,717,0.0232990897394074,0.0331224694919034,0.0340244985934071,-0.0416209504647232,0.0882191299435381,1,685.38481426239,7.53402709960938e-05
2151,1000,718,0.0384506055481657,0.0658952665755664,0.0656794260621679,-0.0907041169399445,0.167605328036276,1,208.183654308319,8.03470611572266e-05
2152,2000,718,0.0461373687915189,0.0467303601560167,0.0474437250979427,-0.0454541371142738,0.137728874697312,1,205.406444072723,4.81605529785156e-05
2153,4000,718,0.0138165352174386,0.0336705128818903,0.0339437277576313,-0.0521776700310663,0.0798107404659436,1,438.525578975677,6.96182250976562e-05
2154,1000,719,0.0889892054457531,0.0683903562710318,0.066006808471278,-0.0450558928454692,0.223034303736975,1,102.16295838356,4.48226928710938e-05
2155,2000,719,0.0291175701351266,0.0475564445753537,0.0474077748438489,-0.0640930612325666,0.12232820150282,1,204.961052179337,6.03199005126953e-05
2156,4000,719,0.0143996730409453,0.0330718936457963,0.0327382539050639,-0.0504212385048155,0.079220584586706,1,821.604972600937,9.72747802734375e-05
2157,1000,720,-0.0639543475752231,0.0645059684751991,0.0651622163355044,-0.190386045786613,0.0624773506361671,1,103.577374458313,4.1961669921875e-05
2158,2000,720,0.046614531029,0.0475571428076868,0.0485136910420163,-0.0465974688740662,0.139826530932066,1,304.643679618835,5.29289245605469e-05
2159,4000,720,0.0192826274594151,0.0336130322373534,0.0343097116031764,-0.0465989157257976,0.0851641706446278,1,715.924874544144,6.12735748291016e-05
215,4000,72,-0.0182603646315637,0.0334346311014514,0.0339537696900358,-0.0837922415904084,0.0472715123272811,1,462.850178718567,8.24928283691406e-05
2160,1000,721,-0.0386252272288722,0.0678601377399534,0.0680932665795325,-0.171631097199181,0.0943806427414365,1,107.416621685028,4.76837158203125e-05
2161,2000,721,-0.00551323443168193,0.0485248828342613,0.0495538434278777,-0.100622004786834,0.0895955359234702,1,373.070821046829,6.19888305664062e-05
2162,4000,721,-0.0440182122949352,0.0317014280672102,0.0324081060914146,-0.106153011306667,0.0181165867167967,1,969.619287729263,9.60826873779297e-05
2163,1000,722,0.0681679052610839,0.0636453872769882,0.0643796984363601,-0.0565770538018129,0.192912864323981,1,215.783441543579,6.98566436767578e-05
2164,2000,722,0.0117829884614679,0.0464671254428959,0.046999683483744,-0.079292577406608,0.102858554329544,1,215.382989645004,5.19752502441406e-05
2165,4000,722,0.00458950791716695,0.0334403316858301,0.0342964048225886,-0.06095354218706,0.0701325580213939,1,644.939353227615,6.24656677246094e-05
2166,1000,723,0.122778090036338,0.0687029082970436,0.0677129833051287,-0.0118796102258672,0.257435790298544,1,213.903729915619,0.000113487243652344
2167,2000,723,-0.0478794344137308,0.0485717399739416,0.047189503245655,-0.143080044762656,0.0473211759351947,1,433.810807943344,0.000104665756225586
2168,4000,723,-0.0283703495390539,0.0331527409308145,0.0336108810925932,-0.0933497217634503,0.0366090226853425,1,469.229428291321,7.43865966796875e-05
2169,1000,724,-0.0337549102959091,0.066414073151547,0.0665332981212766,-0.163926493672941,0.0964166730811231,1,128.546533346176,6.31809234619141e-05
216,1000,73,0.0697038940413604,0.0669337884172491,0.0653257658210199,-0.0614863312564479,0.200894119339169,1,107.809354782104,3.40938568115234e-05
2170,2000,724,0.0190977449330938,0.0472600883838131,0.047442665897992,-0.0735320282991799,0.111727518165367,1,442.347593545914,0.000111818313598633
2171,4000,724,0.00952645931391225,0.034296384887656,0.0338537617418581,-0.0576944550658935,0.076747373693718,1,481.124820947647,6.72340393066406e-05
2172,1000,725,-0.0503149268253441,0.0667131452210254,0.0666195013207914,-0.181072691458554,0.0804428378078657,1,96.0987508296967,4.29153442382812e-05
2173,2000,725,-0.0891246832749662,0.0486167335677076,0.0481810819531687,-0.184413481067673,0.00616411451774065,1,209.004713535309,5.67436218261719e-05
2174,4000,725,-0.0464134230028334,0.0336728845430737,0.0335842698664954,-0.112412276707258,0.0195854307015911,1,815.590019702911,8.15391540527344e-05
2175,1000,726,0.076682717864257,0.0706380819680062,0.0692961144859666,-0.0617679227930353,0.215133358521549,1,108.255852937698,6.31809234619141e-05
2176,2000,726,0.00243160511911687,0.0461654237274755,0.0477552370257372,-0.0880526253867351,0.0929158356249688,1,200.167055368423,5.31673431396484e-05
2177,4000,726,-0.00845053133308447,0.0329917634409026,0.0337008877441725,-0.0731143876772536,0.0562133250110846,1,683.092009305954,7.39097595214844e-05
2178,1000,727,0.0348864865435225,0.0672189284838483,0.0658682325259917,-0.0968626132848203,0.166635586371865,1,133.983514785767,4.22000885009766e-05
2179,2000,727,-0.0353431696411971,0.046821909272581,0.0470325521792233,-0.127114111815456,0.0564277725330616,1,304.105839967728,9.29832458496094e-05
217,2000,73,0.0650741594669903,0.048415694230149,0.0484711184248079,-0.0298206012241018,0.159968920158082,1,210.867622375488,6.103515625e-05
2180,4000,727,0.00760236718030968,0.0323783498842853,0.0329850635824027,-0.0558591985928895,0.0710639329535089,1,601.242328166962,8.05854797363281e-05
2181,1000,728,0.0150121436363301,0.0669722590856281,0.0693521828359816,-0.116253484171501,0.146277771444161,1,167.586728811264,5.45978546142578e-05
2182,2000,728,-0.0034456038384317,0.048081857769588,0.0490291934598808,-0.0976860450668241,0.0907948373899607,1,208.90770816803,5.24520874023438e-05
2183,4000,728,0.0332301973475236,0.0330719430814059,0.0334592174378947,-0.0315908110920319,0.0980512057870791,1,623.274473667145,6.91413879394531e-05
2184,1000,729,-0.0314466331825466,0.0664990717316028,0.0671769945416273,-0.161784813776488,0.0988915474113949,1,131.549189567566,5.67436218261719e-05
2185,2000,729,-0.0679649849364918,0.0478642077698086,0.048282661897479,-0.161778832165317,0.025848862292333,1,465.306015014648,0.000128030776977539
2186,4000,729,0.021869280765454,0.0327507769599627,0.0338585168927428,-0.0423222420760729,0.0860608036069808,1,710.60061955452,8.74996185302734e-05
2187,1000,730,0.0901479163353649,0.0683068867215018,0.0670106744486468,-0.0437335816387786,0.224029414309508,1,138.36141204834,5.55515289306641e-05
2188,2000,730,-0.0682783912161723,0.0478979650160158,0.045892768119991,-0.162158402647563,0.0256016202152186,1,456.876961231232,7.12871551513672e-05
2189,4000,730,-0.0576471499676772,0.0327039404037492,0.033695851177739,-0.121746873159026,0.00645257322367115,1,452.441563129425,6.19888305664062e-05
218,4000,73,0.0299167656116841,0.0329037472291455,0.0339320726931409,-0.034574578957441,0.0944081101808092,1,481.790533542633,9.63211059570312e-05
2190,1000,731,-0.0877005789813522,0.0674888623639196,0.0657309305189826,-0.219978749214635,0.0445775912519303,1,153.359478235245,5.88893890380859e-05
2191,2000,731,0.011954464298895,0.0476036027787524,0.0468111852689262,-0.0813485971474597,0.10525752574525,1,324.198350429535,4.62532043457031e-05
2192,4000,731,0.0112928718742477,0.0337714183906083,0.0339741518053793,-0.0548991081713445,0.0774848519198399,1,666.943111419678,0.000151157379150391
2193,1000,732,0.155888811592498,0.0644437799764825,0.0640570492223509,0.029579002838592,0.282198620346403,0,105.004551172256,4.38690185546875e-05
2194,2000,732,-0.00712270755559568,0.0467709594467717,0.0479765618185686,-0.0987937880712683,0.0845483729600769,1,216.34597492218,5.03063201904297e-05
2195,4000,732,-0.0272176927375783,0.0340703368775757,0.0341258261352396,-0.0939955530176267,0.0395601675424701,1,941.1774289608,9.5367431640625e-05
2196,1000,733,-0.085270618859388,0.070962345453702,0.0728165932879102,-0.224356815948644,0.053815578229868,1,107.311186313629,6.4849853515625e-05
2197,2000,733,-0.0409750207546319,0.0482937504744731,0.0492156528926362,-0.135630771684599,0.0536807301753354,1,210.575898885727,5.05447387695312e-05
2198,4000,733,0.026768858496508,0.0334183722311442,0.033355300640084,-0.0387311510765345,0.0922688680695506,1,691.36092543602,8.60691070556641e-05
2199,1000,734,0.0629932096677147,0.0710043460979769,0.0676428279398135,-0.07617530868432,0.202161728019749,1,145.335050106049,5.10215759277344e-05
219,1000,74,-0.0713575300888619,0.0695787752337422,0.0690636553302377,-0.207731929546996,0.0650168693692728,1,133.408459424973,4.12464141845703e-05
21,1000,8,-0.010304903028606,0.0703892213250876,0.0667485220439271,-0.148267776825778,0.127657970768566,1,155.07374548912,4.50611114501953e-05
2200,2000,734,-0.00506981868051293,0.0491724311046556,0.0470200498978978,-0.101447783645638,0.091308146284612,1,448.834504842758,9.41753387451172e-05
2201,4000,734,-0.0327504265640076,0.0333646348986937,0.0334662256319779,-0.0981451109654471,0.032644257837432,1,674.680620670319,6.65187835693359e-05
2202,1000,735,0.0329644175807966,0.0680513133918609,0.0651608225843257,-0.100416156667251,0.166344991828844,1,219.037827253342,8.58306884765625e-05
2203,2000,735,-0.0419309501663802,0.0467031637086148,0.0472827049820439,-0.133469151035265,0.0496072507025049,1,317.222718000412,8.70227813720703e-05
2204,4000,735,0.0227265528796976,0.0332599471564991,0.0339748194600595,-0.0424629435470406,0.0879160493064358,1,979.273030757904,0.000100612640380859
2205,1000,736,0.00605538071683255,0.0681631588270763,0.0685261030675224,-0.127544410584237,0.139655172017902,1,99.524594783783,4.26769256591797e-05
2206,2000,736,-0.0146371303927157,0.0466375052796821,0.0459860278831647,-0.106046640740893,0.0767723799554613,1,424.202497243881,8.27312469482422e-05
2207,4000,736,0.0434620756087934,0.0330119421755249,0.0332845379730944,-0.0212413310552355,0.108165482272822,1,601.172962188721,7.70092010498047e-05
2208,1000,737,0.130117283299941,0.0665763215527742,0.0677401270419435,-0.00037230694349602,0.260606873543379,1,102.298277854919,4.74452972412109e-05
2209,2000,737,0.00878986415439373,0.0479446368738201,0.0472460319280891,-0.0851816241182937,0.102761352427081,1,216.949784994125,5.69820404052734e-05
220,2000,74,-0.0544843489096145,0.0457486263281323,0.0462462364387222,-0.144151656512754,0.0351829586935248,1,387.22416973114,0.000113487243652344
2210,4000,737,-0.00812578819331105,0.0337040193193394,0.0335165656904161,-0.0741856660592162,0.0579340896725941,1,595.537016153336,6.69956207275391e-05
2211,1000,738,0.0462360867807455,0.0683563965083826,0.0673989605440127,-0.0877424503756844,0.180214623937175,1,150.523005723953,4.79221343994141e-05
2212,2000,738,0.0310429359498703,0.0459995634586453,0.0462987036393039,-0.0591162084290744,0.121202080328815,1,327.356704711914,0.000120878219604492
2213,4000,738,0.025519688258446,0.033022438888804,0.0334656763176528,-0.0392042919636098,0.0902436684805017,1,508.07757973671,5.79357147216797e-05
2214,1000,739,0.118382425803258,0.0668227489793995,0.0636237094857015,-0.0125901621963652,0.249355013802881,1,109.533829927444,4.41074371337891e-05
2215,2000,739,0.00538815702280151,0.0471340568864665,0.0475755068625718,-0.0869945944746728,0.0977709085202759,1,222.908276081085,4.43458557128906e-05
2216,4000,739,0.0547402095791769,0.0326925496642432,0.0330165062181777,-0.00933718776273978,0.118817606921094,1,485.87681722641,8.05854797363281e-05
2217,1000,740,-0.115675394249116,0.0686157044317091,0.0686106189151927,-0.250162174935266,0.0188113864370334,1,154.192097663879,9.29832458496094e-05
2218,2000,740,0.0097738604842706,0.0465332541849775,0.0471433453489861,-0.0814313177182854,0.100979038686827,1,423.551312685013,8.46385955810547e-05
2219,4000,740,0.0583852805265359,0.0335854807335181,0.0337038817927229,-0.00744226171115962,0.124212822764231,1,462.83141040802,0.000113010406494141
221,4000,74,0.0133996666289401,0.0333162510734197,0.0337346572426561,-0.0519001854749624,0.0786995187328427,1,565.461376190186,7.55786895751953e-05
2220,1000,741,-0.0132990202762187,0.0689347065725106,0.0669182975939094,-0.148411045158339,0.121813004605902,1,215.999131679535,6.62803649902344e-05
2221,2000,741,0.0046617170426594,0.0475597095989399,0.0475611940172122,-0.0885553137712629,0.0978787478565817,1,437.322393417358,9.32216644287109e-05
2222,4000,741,0.0129666354615763,0.0330340602287027,0.0335385037187993,-0.0517801225866811,0.0777133935098336,1,677.860911607742,8.08238983154297e-05
2223,1000,742,0.0175830296254058,0.0664333000965092,0.0645672681926733,-0.112626238563752,0.147792297814564,1,106.645158290863,4.62532043457031e-05
2224,2000,742,0.125537334125631,0.0478189957245687,0.0481545269121485,0.0318121025054763,0.219262565745786,0,202.621322393417,5.14984130859375e-05
2225,4000,742,0.0683951775654373,0.0336960527089039,0.0338896749428947,0.00235091425598577,0.134439440874889,0,468.321378707886,6.84261322021484e-05
2226,1000,743,0.023584684033439,0.0673700082792066,0.0647533710520339,-0.108460532193806,0.155629900260684,1,212.198993682861,8.65459442138672e-05
2227,2000,743,0.0356278964113006,0.04699356490706,0.0472951174464866,-0.056479490806537,0.127735283629138,1,443.98150396347,7.05718994140625e-05
2228,4000,743,0.0127725734101835,0.0325774089679816,0.0329484272817955,-0.0510791481670605,0.0766242949874276,1,660.534821271896,8.51154327392578e-05
2229,1000,744,-0.0743470279667075,0.0703247204940004,0.0709408872543245,-0.212183480134948,0.0634894242015332,1,95.3632106781006,4.48226928710938e-05
222,1000,75,0.0846235178942177,0.0671192831697325,0.0650038827947749,-0.0469302771184581,0.216177312906893,1,105.971358537674,4.22000885009766e-05
2230,2000,744,-0.0315653828714833,0.047964371408012,0.0470423373712055,-0.125575550831187,0.0624447850882202,1,338.136680603027,5.93662261962891e-05
2231,4000,744,0.0463191895729945,0.0331557754485579,0.0332298177671165,-0.018666130306179,0.111304509452168,1,902.523525476456,0.000104188919067383
2232,1000,745,0.0187773366356808,0.0679922206215989,0.0654524424742568,-0.114487415782653,0.152042089054015,1,126.009380340576,4.12464141845703e-05
2233,2000,745,0.113375140832322,0.0473599795183497,0.0477161965029344,0.0205495809763568,0.206200700688288,0,206.868598222733,5.340576171875e-05
2234,4000,745,-0.00686856414528482,0.0332952921260295,0.0334829517473029,-0.0721273367123026,0.058390208421733,1,430.648399353027,6.79492950439453e-05
2235,1000,746,0.0233466172635448,0.0670785359488886,0.0677578167787483,-0.108127313196277,0.154820547723366,1,217.760951280594,7.17639923095703e-05
2236,2000,746,0.0516732860322991,0.0480337205665693,0.0496546398027815,-0.0424728062781767,0.145819378342775,1,222.82495880127,6.03199005126953e-05
2237,4000,746,0.0251668102591319,0.0334963772149267,0.0345515766857587,-0.0404860890821244,0.0908197096003882,1,376.039304256439,5.55515289306641e-05
2238,1000,747,-0.0458840738132152,0.0678289077328413,0.0652887781279271,-0.178828732969584,0.0870605853431538,1,104.503217935562,4.00543212890625e-05
2239,2000,747,0.0327096819492201,0.04665327171167,0.0497747563494017,-0.0587307306056531,0.124150094504093,1,298.342506885529,5.26905059814453e-05
223,2000,75,0.0297888518608352,0.049918557424451,0.0499946013313783,-0.0680515206910888,0.127629224412759,1,403.426105499268,9.01222229003906e-05
2240,4000,747,-0.0631330791273227,0.0337767163382482,0.0340026169107508,-0.129335443150289,0.00306928489564377,1,620.567507266998,6.19888305664062e-05
2241,1000,748,0.0689347410824518,0.0656666826110499,0.066705818603772,-0.059771956835206,0.19764143900011,1,149.565546512604,4.79221343994141e-05
2242,2000,748,-0.0840231834494569,0.0475385959778152,0.048362476517605,-0.177198831565975,0.00915246466706093,1,273.663243293762,7.12871551513672e-05
2243,4000,748,0.0296490102571104,0.0338088317431348,0.0342129724313296,-0.0366162999594337,0.0959143204736545,1,972.705874204636,6.29425048828125e-05
2244,1000,749,0.0340354891198725,0.0662771197028835,0.0654857817882015,-0.0958676654977792,0.163938643737524,1,132.698365688324,4.36305999755859e-05
2245,2000,749,-0.0420569426373556,0.0478459875748459,0.0479721746718243,-0.135835078284053,0.0517211930093423,1,300.327658414841,6.46114349365234e-05
2246,4000,749,0.0296342671610938,0.032684938012211,0.0335915622924646,-0.0344282113428398,0.0936967456650274,1,658.623445987701,8.51154327392578e-05
2247,1000,750,-0.000729012909948651,0.0647237732677534,0.0673075186207755,-0.127587608514745,0.126129582694848,1,152.399541139603,0.0001068115234375
2248,2000,750,-0.0262073166374706,0.0486553640076791,0.0483838417364619,-0.121571830092522,0.0691571968175804,1,311.241830587387,5.65052032470703e-05
2249,4000,750,-0.00658359319332935,0.0335163152746719,0.0335387589097588,-0.0722755711316863,0.0591083847450276,1,877.31630897522,8.86917114257812e-05
224,4000,75,-0.0123382818430211,0.0334013232882684,0.0338624299852795,-0.0778048754880272,0.0531283118019849,1,947.779109239578,0.000103473663330078
2250,1000,751,0.0434921726451944,0.067842613444425,0.0643274144890966,-0.0894793497058786,0.176463694996267,1,136.172129631042,5.29289245605469e-05
2251,2000,751,0.045296137910731,0.0473331490899973,0.046807903084923,-0.0474768343056637,0.138069110127126,1,316.434717416763,6.72340393066406e-05
2252,4000,751,0.0126007644825691,0.0334358519597518,0.0328143499776669,-0.0529335053585444,0.0781350343236826,1,650.796641588211,8.48770141601562e-05
2253,1000,752,-0.0406112193000925,0.0644070736458051,0.0645111089266962,-0.16684908364587,0.0856266450456855,1,212.04035115242,6.58035278320312e-05
2254,2000,752,0.0540907377777143,0.0479977356821403,0.0473969306230774,-0.0399848241592807,0.148166299714709,1,268.153846263885,5.50746917724609e-05
2255,4000,752,-0.0406392435614111,0.0327908268710463,0.0336740175185625,-0.104909264228662,0.0236307771058396,1,696.228833198547,7.39097595214844e-05
2256,1000,753,0.00819986338230558,0.0689091832433774,0.0668641097485928,-0.126862135774714,0.143261862539325,1,219.011920213699,7.27176666259766e-05
2257,2000,753,0.0564294360382607,0.0467788395790143,0.0474824561547824,-0.0352570895366073,0.148115961613129,1,298.017562389374,4.86373901367188e-05
2258,4000,753,-0.00763763121941003,0.0336477454527871,0.034205354576589,-0.0735872123068727,0.0583119498680527,1,486.384017467499,7.31945037841797e-05
2259,1000,754,0.0504403212390084,0.0713411664490444,0.0676222894552536,-0.0893883650011187,0.190269007479135,1,141.064163208008,6.60419464111328e-05
225,1000,76,-0.0970010790636833,0.0693908380261811,0.0681803932798556,-0.233007121594998,0.0390049634676316,1,135.697791099548,4.38690185546875e-05
2260,2000,754,-0.104664148762322,0.0480093684672736,0.0477517442942335,-0.198762510958178,-0.0105657865664659,0,278.556710481644,5.48362731933594e-05
2261,4000,754,-0.0144029628231312,0.0340585715857648,0.0344094082492338,-0.0811577631312301,0.0523518374849677,1,455.137577772141,8.58306884765625e-05
2262,1000,755,0.0345507053742142,0.0688394922178785,0.066770676159723,-0.100374699372828,0.169476110121256,1,98.6373682022095,4.36305999755859e-05
2263,2000,755,-0.00603750443063071,0.046841670156791,0.047349976111081,-0.0978471779379411,0.0857721690766796,1,277.273135662079,6.53266906738281e-05
2264,4000,755,-0.0507344599806488,0.0325513964196973,0.0332117592258327,-0.114535196963256,0.013066277001958,1,600.41704249382,5.41210174560547e-05
2265,1000,756,-0.00910241961428873,0.0663841462801701,0.0660992439659778,-0.139215346323422,0.121010507094845,1,136.768749475479,5.26905059814453e-05
2266,2000,756,-0.0527692311888218,0.0459782408006358,0.0468997734875513,-0.142886583158068,0.0373481207804244,1,278.248226642609,6.74724578857422e-05
2267,4000,756,-0.0392975670470362,0.032703368266722,0.033302297430479,-0.103396168849811,0.024801034755739,1,647.058292150497,5.57899475097656e-05
2268,1000,757,-0.0849621086981241,0.0679417919425904,0.0694953501440194,-0.218128020905601,0.048203803509353,1,107.303615570068,5.84125518798828e-05
2269,2000,757,0.0642013222776513,0.0487522901465194,0.049686902610318,-0.0313531664095267,0.159755810964829,1,295.811279058456,5.65052032470703e-05
226,2000,76,-0.0859305607737984,0.0469458247815391,0.0479355330717877,-0.177944377345615,0.00608325579801818,1,373.071840763092,9.29832458496094e-05
2270,4000,757,-0.024086035349867,0.0336249730035704,0.033623275425163,-0.0899909824368649,0.0418189117371309,1,757.210613965988,9.98973846435547e-05
2271,1000,758,-0.107477437701884,0.0686310599664115,0.0673850032470257,-0.241994315236051,0.0270394398322825,1,220.410760879517,7.05718994140625e-05
2272,2000,758,0.0858203264028085,0.0460136817442889,0.0468722607242262,-0.00436648981599772,0.176007142621615,1,338.78605556488,7.17639923095703e-05
2273,4000,758,0.000211895075226996,0.0334203172287729,0.0338673538458215,-0.0652919266931679,0.0657157168436219,1,452.946875333786,8.20159912109375e-05
2274,1000,759,-0.0276091813517614,0.066174471737081,0.0664275572278725,-0.15731114595644,0.102092783252917,1,156.221974849701,0.00333547592163086
2275,2000,759,-0.00361429425013814,0.0472734951271865,0.049008606051077,-0.0962703446994237,0.0890417561991474,1,220.806538820267,5.05447387695312e-05
2276,4000,759,0.0188219829115719,0.0326099666802841,0.0337434945494632,-0.0450935517817849,0.0827375176049287,1,445.278267860413,7.74860382080078e-05
2277,1000,760,-0.12774478571807,0.0664941472520522,0.0651062313160225,-0.258073314332092,0.00258374289595259,1,104.965205669403,4.83989715576172e-05
2278,2000,760,0.0547352205367793,0.0463288653076808,0.0469898758581811,-0.0360693554662751,0.145539796539834,1,446.444615840912,8.17775726318359e-05
2279,4000,760,-0.0442010923557728,0.0330851676956112,0.0336360659063504,-0.109048021039171,0.0206458363276252,1,476.422803640366,7.41481781005859e-05
227,4000,76,-0.0264538306117497,0.0336062630469514,0.0344087519135349,-0.0923221061837744,0.0394144449602749,1,458.10081410408,6.96182250976562e-05
2280,1000,761,0.071305258775084,0.0697274250498031,0.0676857852458313,-0.06536049432253,0.207971011872698,1,235.398072719574,7.41481781005859e-05
2281,2000,761,-0.0206232652708353,0.0468981177761727,0.0465858484410112,-0.112543576112134,0.0712970455704632,1,444.430364370346,0.000123739242553711
2282,4000,761,-0.025738440502959,0.0332280727613802,0.033377582831009,-0.0908654631152642,0.0393885821093461,1,711.557158231735,9.39369201660156e-05
2283,1000,762,0.0332799873752676,0.0657419740898331,0.0644882933833273,-0.0955742818408053,0.16213425659134,1,167.686799526215,7.34329223632812e-05
2284,2000,762,0.0524949913518786,0.0471258933017891,0.0468739913354099,-0.0398717595196279,0.144861742223385,1,315.899063110352,7.03334808349609e-05
2285,4000,762,0.0653924425971255,0.0341745758930822,0.0336392394931993,-0.00158972615331562,0.132374611347567,1,670.871066331863,9.63211059570312e-05
2286,1000,763,0.132140081826802,0.0695759810744094,0.0693597660732883,-0.00422884107904056,0.268509004732644,1,109.449995040894,6.50882720947266e-05
2287,2000,763,-0.0277133003653594,0.0469870664537131,0.0482629827167474,-0.119807950614637,0.0643813498839183,1,219.1984167099,6.65187835693359e-05
2288,4000,763,0.0479841943135273,0.03266603988879,0.0325105197727733,-0.0160412438685011,0.112009632495556,1,610.611325740814,8.13007354736328e-05
2289,1000,764,0.0753616221110172,0.0683000218811431,0.0670471395898296,-0.0585064207760233,0.209229664998058,1,105.867473363876,5.22136688232422e-05
228,1000,77,0.0383493751154044,0.0668352029199683,0.0689333827029586,-0.0926476226077335,0.169346372838542,1,195.123242139816,8.7738037109375e-05
2290,2000,764,0.00611071197727668,0.0477612515668977,0.0456508086101601,-0.0875013410938429,0.0997227650483962,1,211.692036151886,5.67436218261719e-05
2291,4000,764,-0.00590302803139948,0.0321944949519005,0.0331669532744065,-0.0690042381371245,0.0571981820743255,1,447.17261838913,6.93798065185547e-05
2292,1000,765,-0.100448354508033,0.0714691398534813,0.0715015913520338,-0.240527868620856,0.0396311596047908,1,99.8499577045441,4.31537628173828e-05
2293,2000,765,-0.00704706679810726,0.0465197725164979,0.047797552546427,-0.0982258209304432,0.0841316873342287,1,435.577756643295,0.000113725662231445
2294,4000,765,0.0305795204837162,0.032475402336524,0.0334048555884429,-0.033072268095871,0.0942313090633033,1,666.656369686127,7.55786895751953e-05
2295,1000,766,0.0923749554161309,0.072588205682372,0.0666088358648495,-0.0498979277213182,0.23464783855358,1,210.497179031372,7.39097595214844e-05
2296,2000,766,0.0450242389288964,0.0465587891620472,0.0469262145509654,-0.0462309878287161,0.136279465686509,1,303.536389827728,6.38961791992188e-05
2297,4000,766,0.00989912680561737,0.0326313673293129,0.0337240719233756,-0.0540583531598359,0.0738566067710707,1,454.481158971786,6.55651092529297e-05
2298,1000,767,-0.0592813333275433,0.0703448991696613,0.0708606077051363,-0.197157335700079,0.0785946690449928,1,98.4004759788513,5.43594360351562e-05
2299,2000,767,0.043495089415949,0.0492267518871572,0.0480848310836975,-0.0529893442828791,0.139979523114777,1,300.974175691605,6.50882720947266e-05
229,2000,77,0.0145566452116431,0.0480805326674013,0.0482127982679535,-0.0796811988164635,0.10879448923975,1,395.563304424286,5.19752502441406e-05
22,2000,8,-0.0246711175847463,0.0459615069483655,0.0463522034321853,-0.114755671203543,0.06541343603405,1,216.696773767471,6.15119934082031e-05
2300,4000,767,0.053258503518776,0.0330918542227621,0.0336580223731781,-0.0116015307578378,0.11811853779539,1,441.445672988892,8.91685485839844e-05
2301,1000,768,0.0866201228774337,0.0683114636325597,0.0684867546240766,-0.0472703458423834,0.220510591597251,1,107.900283575058,4.22000885009766e-05
2302,2000,768,0.0352367579286862,0.0487103464311579,0.048773824017707,-0.0602355210763833,0.130709036933756,1,283.999977588654,6.55651092529297e-05
2303,4000,768,0.0336381650598356,0.0327893503173458,0.0336813987431993,-0.0306289615621622,0.0979052916818333,1,619.109788417816,7.43865966796875e-05
2304,1000,769,-0.0291917183531317,0.0704561598532687,0.0701721306442051,-0.167285791665538,0.108902354959275,1,104.560831785202,4.81605529785156e-05
2305,2000,769,-0.0365717983973452,0.047661661728953,0.047121639369303,-0.129988655386093,0.0568450585914027,1,214.656158685684,6.74724578857422e-05
2306,4000,769,0.0555163076734336,0.0331288823464254,0.0337354108960644,-0.00941630172556029,0.120448917072427,1,599.091974258423,5.41210174560547e-05
2307,1000,770,0.0115767700444853,0.0676140480406087,0.0710042186222698,-0.120946764115108,0.144100304204078,1,107.848388433456,6.41345977783203e-05
2308,2000,770,-0.0718141774967009,0.0483613126282899,0.046058360848222,-0.166602350248149,0.0229739952547473,1,201.761393547058,6.72340393066406e-05
2309,4000,770,0.0394954637212462,0.033067234671588,0.0340825498386733,-0.0253163162350664,0.104307243677559,1,647.573836803436,6.93798065185547e-05
230,4000,77,-0.0333226277874171,0.0331319095720747,0.033628270206434,-0.0982611705486834,0.0316159149738492,1,473.41929602623,7.2479248046875e-05
2310,1000,771,0.0206685518038329,0.0699655844714558,0.0706243287894845,-0.11646399376022,0.157801097367886,1,106.610198736191,4.12464141845703e-05
2311,2000,771,-0.0594857269497509,0.0480326794129044,0.0484089467386955,-0.153629778599044,0.0346583246995417,1,214.108264446259,5.67436218261719e-05
2312,4000,771,-0.0330241492604564,0.0324812679875011,0.0330613284790392,-0.0966874345159585,0.0306391359950457,1,950.585137605667,8.86917114257812e-05
2313,1000,772,0.0688187264532145,0.0678142817787905,0.0680687850227567,-0.0640972658332149,0.201734718739644,1,104.621101379395,5.55515289306641e-05
2314,2000,772,0.0151532202027113,0.0476186459275051,0.0484151575337593,-0.0781793258151987,0.108485766220621,1,324.44947552681,9.48905944824219e-05
2315,4000,772,-0.000976784765247509,0.0338308718750122,0.0336306015504852,-0.0672852936402715,0.0653317241097764,1,932.424619913101,8.44001770019531e-05
2316,1000,773,0.0341246474911337,0.0670078873269396,0.0667173527830974,-0.0972108116696678,0.165460106651935,1,151.426485300064,0.000109672546386719
2317,2000,773,0.0595785508414624,0.0474477368251532,0.0488750523451983,-0.0334190133358378,0.152576115018763,1,303.499455928802,7.20024108886719e-05
2318,4000,773,0.0146668308767849,0.0333919217321742,0.033405157898257,-0.0507813357182765,0.0801149974718462,1,500.426236391068,7.43865966796875e-05
2319,1000,774,-0.0898490938929373,0.0667258771197149,0.0681065058725496,-0.220631813047578,0.0409336252617038,1,141.818904399872,3.93390655517578e-05
231,1000,78,0.134160122267559,0.0726682133374273,0.0688908767483716,-0.00826957587379842,0.276589820408916,1,110.740297555923,7.31945037841797e-05
2320,2000,774,-0.0458641190157089,0.0470733391078272,0.0475758243034742,-0.13812786366705,0.0463996256356325,1,224.732333898544,4.24385070800781e-05
2321,4000,774,0.0390761633595154,0.0327608964374782,0.0333450386633844,-0.0251351936579419,0.103287520376973,1,446.630618572235,7.41481781005859e-05
2322,1000,775,0.0373176409922076,0.0669469674248156,0.0666657410083036,-0.0938984151604309,0.168533697144846,1,108.320715665817,6.38961791992188e-05
2323,2000,775,0.121522247818977,0.0454737103287689,0.0459931701027336,0.0323937755745905,0.210650720063364,0,425.823904514313,9.08374786376953e-05
2324,4000,775,0.00353537648909237,0.0341053270473957,0.0348986895550978,-0.0633110645238032,0.0703818175019879,1,505.226689815521,7.74860382080078e-05
2325,1000,776,0.0973310340084426,0.0698188311319562,0.0662996101248694,-0.0395138750101916,0.234175943027077,1,134.213153123856,4.83989715576172e-05
2326,2000,776,-0.00223631881838359,0.0464489028891703,0.0462361497062105,-0.0932761684811573,0.0888035308443901,1,276.083443880081,7.46250152587891e-05
2327,4000,776,0.02789642250291,0.0335915943526971,0.0335777196578113,-0.0379431024283763,0.0937359474341964,1,962.39337515831,0.000107526779174805
2328,1000,777,-0.0247133387921344,0.0675694525830798,0.0677492722546417,-0.157149465854971,0.107722788270702,1,105.974816799164,5.22136688232422e-05
2329,2000,777,0.0746080947965074,0.0470390616165601,0.0466659863955601,-0.0175884659719503,0.166804655564965,1,319.563653945923,6.98566436767578e-05
232,2000,78,-0.0345848049597007,0.0456280252174642,0.046199056766638,-0.124015734385931,0.0548461244665292,1,207.479247093201,7.48634338378906e-05
2330,4000,777,0.0150732563703692,0.0331371562413741,0.0334766101985104,-0.0498755698627241,0.0800220826034624,1,505.108435153961,5.65052032470703e-05
2331,1000,778,0.0335585610443617,0.0695015954304788,0.0660253853344342,-0.102664565999377,0.1697816880881,1,99.5656020641327,4.05311584472656e-05
2332,2000,778,-0.00179797531801164,0.0466443387579231,0.0473313980264679,-0.093220879283541,0.0896249286475177,1,274.090397119522,6.07967376708984e-05
2333,4000,778,-0.000404759733104242,0.0327074460705196,0.0333913786850382,-0.0645113540313227,0.0637018345651142,1,618.580233097076,7.08103179931641e-05
2334,1000,779,0.0110671493178388,0.0685059773819562,0.0673236402943677,-0.123204566350795,0.145338864986473,1,212.928493261337,7.62939453125e-05
2335,2000,779,0.0578077563783615,0.047181554331664,0.0470431131175717,-0.0346680901116999,0.150283602868423,1,437.179073810577,8.65459442138672e-05
2336,4000,779,-0.0252571915913745,0.0330374359149134,0.0326787439875583,-0.0900105659846047,0.0394961828018557,1,665.217661380768,9.75131988525391e-05
2337,1000,780,-0.00599055362852598,0.0672939227313575,0.0671388356207607,-0.137886642181987,0.125905534924935,1,215.259947061539,7.93933868408203e-05
2338,2000,780,-0.0636008657707973,0.0480104900215098,0.04836513262014,-0.157701426212956,0.0304996946713619,1,196.905018806458,4.98294830322266e-05
2339,4000,780,-0.0206656053276262,0.0338955433617564,0.0330660671643164,-0.0871008703166688,0.0457696596614163,1,505.929689884186,7.17639923095703e-05
233,4000,78,-0.0396616683957791,0.0331756652535717,0.0336778163897224,-0.10468597229278,0.0253626355012214,1,749.697734594345,0.000115633010864258
2340,1000,781,0.0123789376330618,0.0675119813123037,0.0665464922936004,-0.119944545739053,0.144702421005177,1,144.258095502853,6.00814819335938e-05
2341,2000,781,0.0330257668362515,0.0484443112734552,0.0477486649387008,-0.0619250832597207,0.127976616932224,1,274.516846179962,5.48362731933594e-05
2342,4000,781,0.0415290962152968,0.0331227598012198,0.0336579948627228,-0.0233915129950941,0.106449705425688,1,856.328809499741,6.53266906738281e-05
2343,1000,782,0.0652462717104931,0.0669350208608814,0.0669217415051997,-0.0659463691768345,0.196438912597821,1,210.047249555588,8.65459442138672e-05
2344,2000,782,-0.0574246984904023,0.0478092014645304,0.0478116083943314,-0.151130733360882,0.0362813363800773,1,293.454170942307,8.10623168945312e-05
2345,4000,782,0.00353813957684957,0.032897362616959,0.0334686228489384,-0.06094069115239,0.0680169703060891,1,598.155961275101,6.36577606201172e-05
2346,1000,783,0.072741396915007,0.0691397812361439,0.069388867483128,-0.0627725743078351,0.208255368137849,1,107.001735687256,6.22272491455078e-05
2347,2000,783,-0.0302663341148211,0.0474353232737839,0.0470159934247746,-0.123239567731438,0.0627068995017954,1,202.162375926971,4.79221343994141e-05
2348,4000,783,-0.0456000901961157,0.0335359717486793,0.0342403645511633,-0.111330594823527,0.0201304144312958,1,770.338263273239,7.55786895751953e-05
2349,1000,784,-0.0558408192196068,0.0673497541820428,0.0656029321836083,-0.187846337416411,0.0761646989771971,1,158.501992940903,0.00012516975402832
234,1000,79,0.0339543061269842,0.0660209062273934,0.0654895657873076,-0.095446670078707,0.163355282332675,1,103.351348876953,5.10215759277344e-05
2350,2000,784,0.0165139163063461,0.0464034889463713,0.04816295364774,-0.0744369220285417,0.107464754641234,1,226.479387521744,6.96182250976562e-05
2351,4000,784,-0.0799698436054695,0.0331116311732008,0.0331977907834302,-0.144868640704943,-0.0150710465059959,0,874.559200048447,0.000110387802124023
2352,1000,785,-0.162484199053834,0.0652351285147297,0.0643108473690772,-0.290345050942704,-0.034623347164964,0,102.058625221252,4.45842742919922e-05
2353,2000,785,-0.0360573341667139,0.0471203613696814,0.0464640397067449,-0.128413242451289,0.0562985741178617,1,208.643411874771,6.24656677246094e-05
2354,4000,785,-0.0188360793532429,0.0328444125339071,0.0335096145200885,-0.0832111279197008,0.045538969213215,1,865.663724422455,8.55922698974609e-05
2355,1000,786,0.0619739640176803,0.0681967171934764,0.0675087380559561,-0.0716916016815335,0.195639529716894,1,108.047377824783,4.79221343994141e-05
2356,2000,786,0.0374409796225806,0.0474779746503828,0.0466518413481362,-0.0556158506921697,0.130497809937331,1,199.058068752289,4.69684600830078e-05
2357,4000,786,0.0125665919891396,0.0332050534701939,0.0338050470510214,-0.0525153128124404,0.0776484967907196,1,938.99506354332,0.000107288360595703
2358,1000,787,0.0750490390024902,0.0689895274696848,0.0689469575879175,-0.060170434838092,0.210268512843072,1,215.714580774307,7.86781311035156e-05
2359,2000,787,0.0162886927586955,0.0451780319585285,0.04601521093284,-0.0722602498800203,0.104837635397411,1,310.966401815414,8.392333984375e-05
235,2000,79,0.0126255091288536,0.0479728297220167,0.0482425801362445,-0.081401237126299,0.106652255384006,1,324.405750513077,6.29425048828125e-05
2360,4000,787,0.0257553307400961,0.033316889950001,0.0339595796958316,-0.0395457735619059,0.091056435042098,1,476.615705728531,8.0108642578125e-05
2361,1000,788,0.038802894049733,0.0670749691369279,0.065959863772581,-0.0926640454586456,0.170269833558112,1,145.635318994522,5.36441802978516e-05
2362,2000,788,0.0291307496437316,0.0449232115073932,0.0463965365964242,-0.0589187449107591,0.117180244198222,1,316.259483098984,5.24520874023438e-05
2363,4000,788,-0.0566943484694712,0.0334526152256393,0.0337564554624522,-0.122261474311724,0.00887277737278181,1,632.998756408691,6.77108764648438e-05
2364,1000,789,-0.105168166238262,0.0680709547061025,0.0673821129758862,-0.238587237462223,0.028250904985699,1,109.634572267532,6.00814819335938e-05
2365,2000,789,0.0153357009796437,0.0455990602039674,0.0468686239020853,-0.0740384570201325,0.10470985897942,1,410.475980043411,9.29832458496094e-05
2366,4000,789,0.00299955060981612,0.0327502937270625,0.0333250722504085,-0.0611910250952263,0.0671901263148586,1,481.009497880936,8.63075256347656e-05
2367,1000,790,-0.0710675717936363,0.0692775497965331,0.0686675763993235,-0.206851569394841,0.0647164258075686,1,108.983580589294,4.67300415039062e-05
2368,2000,790,0.0750420199543547,0.0486228218419484,0.0476374883316954,-0.0202587108558642,0.170342750764574,1,311.961151838303,5.86509704589844e-05
2369,4000,790,0.00451631157429904,0.0328899648654911,0.0332019040195019,-0.0599480195620634,0.0689806427106615,1,458.945880651474,0.000232458114624023
236,4000,79,0.0398053474794347,0.0326197355107526,0.032972357012652,-0.0241293341216404,0.10374002908051,1,423.669036626816,6.29425048828125e-05
2370,1000,791,0.0753768229479281,0.0711479343052741,0.0691711897670283,-0.0640731282904091,0.214826774186265,1,105.79888677597,4.26769256591797e-05
2371,2000,791,0.121625529906175,0.0478525324118228,0.0463051139141272,0.0278345663790021,0.215416493433347,0,213.267294883728,7.43865966796875e-05
2372,4000,791,0.000740456020548321,0.0325224516379124,0.0335667470859169,-0.0630035491897601,0.0644844612308567,1,650.537095546722,7.05718994140625e-05
2373,1000,792,-0.118715938827746,0.0644444810581632,0.0642081569324479,-0.245027121701746,0.00759524404625352,1,168.118987083435,7.05718994140625e-05
2374,2000,792,0.0632441631454583,0.046329073065531,0.0478408002062631,-0.0275608200629825,0.154049146353899,1,214.520055294037,5.41210174560547e-05
2375,4000,792,0.0115507908511074,0.032983226459486,0.0335924420654188,-0.0530963330094852,0.0761979147116999,1,452.255276679993,7.20024108886719e-05
2376,1000,793,0.0208902120100194,0.0662282294992098,0.0665073248334502,-0.108917117808432,0.150697541828471,1,214.566511869431,0.000136137008666992
2377,2000,793,0.0479108525847637,0.0469244160797769,0.047124101022701,-0.044061002931599,0.139882708101126,1,213.495567560196,7.74860382080078e-05
2378,4000,793,-0.0028989846749646,0.0328379353154414,0.0333567969668375,-0.0672613378932297,0.0614633685433005,1,504.76618719101,7.03334808349609e-05
2379,1000,794,0.109903353775023,0.0698853887601706,0.0694373773962456,-0.0270720081949112,0.246878715744958,1,215.774749040604,8.82148742675781e-05
237,1000,80,0.106185021489513,0.066859896878323,0.0675297457946613,-0.0248603763919997,0.237230419371027,1,104.028687953949,0.000103473663330078
2380,2000,794,0.00945915774647653,0.0470894666237352,0.0471004031501038,-0.0828361968360446,0.101754512328998,1,404.700320959091,8.24928283691406e-05
2381,4000,794,0.0236418314345111,0.0333784634402046,0.033812972764116,-0.04177995690829,0.0890636197773122,1,498.014755964279,7.84397125244141e-05
2382,1000,795,0.0217467047377215,0.0664846737576852,0.0666053256959651,-0.108563255827341,0.152056665302784,1,96.4577014446259,7.12871551513672e-05
2383,2000,795,-0.00690569596920998,0.045525784726894,0.0459281523533589,-0.0961362340339223,0.0823248420955024,1,212.039564371109,5.79357147216797e-05
2384,4000,795,-0.0148396932335632,0.0324959868110242,0.0328434733467685,-0.0785318273831706,0.0488524409160442,1,448.420253753662,9.77516174316406e-05
2385,1000,796,0.123238076528916,0.0678178136922657,0.0683942726380646,-0.0096848383079242,0.256160991365757,1,168.203727245331,6.05583190917969e-05
2386,2000,796,0.113538416906438,0.0473459837041392,0.0463283065022623,0.0207402888463254,0.206336544966551,0,257.907418966293,7.98702239990234e-05
2387,4000,796,0.0220235724017625,0.0331486061221815,0.033708242388163,-0.0429476955977132,0.0869948404012381,1,858.085022211075,9.1552734375e-05
2388,1000,797,0.16624332514941,0.0689735108811433,0.0670567718672647,0.031055243822369,0.301431406476451,0,213.938678264618,6.36577606201172e-05
2389,2000,797,0.029967891035823,0.045683780532372,0.0455223077907336,-0.0595723188076261,0.119508100879272,1,444.401736497879,8.84532928466797e-05
238,2000,80,0.0189767808645658,0.0486336935950549,0.0484071072510193,-0.0763452585817417,0.114298820310873,1,313.977031469345,6.15119934082031e-05
2390,4000,797,0.027675145998872,0.0318560357141561,0.0329373180616992,-0.034762684000874,0.0901129759986181,1,703.255146980286,0.000101566314697266
2391,1000,798,0.0846901575663699,0.0666264241154547,0.0680396296294679,-0.0458976336999213,0.215277948832661,1,102.957740068436,4.57763671875e-05
2392,2000,798,0.0319015567582357,0.0484598918048297,0.0465015659412437,-0.0630798311792305,0.126882944695702,1,314.309572696686,6.36577606201172e-05
2393,4000,798,0.0413467352486052,0.0331891641834551,0.0332277571945895,-0.0237040265509669,0.106397497048177,1,711.0553855896,9.46521759033203e-05
2394,1000,799,0.0239312769384493,0.0660710913232666,0.0647375103917768,-0.105568062055153,0.153430615932052,1,158.882772684097,5.10215759277344e-05
2395,2000,799,0.0413005559495666,0.0468262893977356,0.0471322343371205,-0.0504789712699953,0.133080083169128,1,216.199343681335,7.65323638916016e-05
2396,4000,799,-0.0810397914944207,0.0326696325390943,0.0331714117255725,-0.145072271271045,-0.017007311717796,0,963.560017824173,0.000114679336547852
2397,1000,800,0.07797829559817,0.0665372577683041,0.0682790469559763,-0.0524347296277061,0.208391320824046,1,148.72091460228,5.98430633544922e-05
2398,2000,800,-0.0293626840591774,0.0473514852615618,0.0484550750614044,-0.122171595171839,0.0634462270534837,1,276.677794456482,6.38961791992188e-05
2399,4000,800,0.0244635380511937,0.0338031067437425,0.0342582408084507,-0.0417905511665417,0.090717627268929,1,608.823431253433,6.22272491455078e-05
239,4000,80,0.04075466816563,0.0335417510116887,0.0342620470285442,-0.0249871638172798,0.10649650014854,1,710.249140739441,0.000179052352905273
23,4000,8,0.0497394515272546,0.0325452198331178,0.0328230110112296,-0.0140491793456562,0.113528082400165,1,615.103168487549,5.98430633544922e-05
2400,1000,801,0.00100876954438766,0.0698878569371972,0.0703884686932249,-0.135971430052519,0.137988969141294,1,134.974846124649,5.76972961425781e-05
2401,2000,801,0.0678664910109946,0.0487582410886249,0.0475644509523344,-0.0276996615227103,0.163432643544699,1,209.193675756454,4.76837158203125e-05
2402,4000,801,-0.000980001897905767,0.0330629624876504,0.0334450210939269,-0.0657834083737005,0.063823404577889,1,994.307585477829,8.34465026855469e-05
2403,1000,802,0.0935872902468286,0.0703944151418755,0.0707161677127759,-0.0443857634312474,0.231560343924905,1,103.308148622513,4.05311584472656e-05
2404,2000,802,0.0164882083746615,0.0469268784892591,0.0480086119636223,-0.0754884734642863,0.108464890213609,1,413.175012350082,6.07967376708984e-05
2405,4000,802,-0.0625175858251262,0.0330111143149458,0.0336361291408484,-0.12721936988242,0.00218419823216766,1,449.312272787094,7.51018524169922e-05
2406,1000,803,0.0228978381085854,0.0679355428737098,0.0659618720821104,-0.110255825923886,0.156051502141057,1,102.281647205353,5.98430633544922e-05
2407,2000,803,-0.0614929454907796,0.0464778534434099,0.0458250313106872,-0.152589538239863,0.0296036472583039,1,306.607331037521,6.17504119873047e-05
2408,4000,803,-0.0181316277293361,0.0340392504942466,0.0339453099900699,-0.0848485586980594,0.0485853032393872,1,501.839666604996,6.55651092529297e-05
2409,1000,804,0.0228052414597261,0.0674648396442409,0.0680881785341156,-0.109425844242986,0.155036327162438,1,99.7941222190857,4.1961669921875e-05
240,1000,81,-0.0286030797353475,0.0703203630949118,0.067431657654616,-0.166430991401375,0.10922483193068,1,107.304262876511,6.91413879394531e-05
2410,2000,804,0.0111750108020615,0.048414326909123,0.0492760484727755,-0.0837170699398195,0.106067091543943,1,231.497912168503,6.55651092529297e-05
2411,4000,804,-0.0396626054488749,0.0331234644995075,0.0332581748949805,-0.10458459586791,0.0252593849701598,1,613.545258283615,5.79357147216797e-05
2412,1000,805,0.0772435185085865,0.068997036570459,0.0711834680836536,-0.0579906731695131,0.212477710186686,1,135.700001478195,5.12599945068359e-05
2413,2000,805,-0.0609600801438531,0.0473827072845199,0.0483064988163377,-0.153830186421512,0.0319100261338059,1,213.054854631424,5.45978546142578e-05
2414,4000,805,-0.0840001396921181,0.0329996149459893,0.0341439254641781,-0.148679384986257,-0.0193208943979791,0,659.519040584564,8.70227813720703e-05
2415,1000,806,-0.0166620543169377,0.0644473439273696,0.0634658894239461,-0.142978848414582,0.109654739780707,1,169.055448532104,6.96182250976562e-05
2416,2000,806,-0.0903550836063885,0.0470567243233036,0.0473026105563276,-0.182586263280064,0.00187609606728655,1,228.81418299675,5.26905059814453e-05
2417,4000,806,0.0474910988333179,0.033466465465085,0.0341833911681885,-0.0181031734782487,0.113085371144884,1,462.035676717758,8.53538513183594e-05
2418,1000,807,0.0247396633066038,0.0667255331626885,0.0648213903056321,-0.106042381692266,0.155521708305473,1,133.275686979294,5.48362731933594e-05
2419,2000,807,-0.0273893143453012,0.0465645280574609,0.0479348894952784,-0.118655789337925,0.0638771606473223,1,270.491029262543,4.52995300292969e-05
241,2000,81,-0.0184995680705154,0.0459433010459435,0.0453638689087935,-0.108548438120565,0.0715493019795339,1,212.111018419266,6.84261322021484e-05
2420,4000,807,0.0027885894526217,0.0324891642886133,0.0332426807394213,-0.0608901725530603,0.0664673514583037,1,605.634757041931,6.62803649902344e-05
2421,1000,808,-0.0244922157809542,0.0688882867990873,0.0686665757750874,-0.159513257907165,0.110528826345257,1,217.088669300079,5.48362731933594e-05
2422,2000,808,0.0437633590229442,0.0479269425042988,0.046541640032469,-0.0501734482854815,0.13770016633137,1,216.732326745987,7.82012939453125e-05
2423,4000,808,0.0189049640381311,0.0344048612705267,0.0353565703892621,-0.0485285640521013,0.0863384921283635,1,493.032050609589,6.69956207275391e-05
2424,1000,809,-0.0665594693072107,0.0722340228181166,0.0723241822811531,-0.208138154030719,0.0750192154162978,1,157.329678058624,4.86373901367188e-05
2425,2000,809,0.113741996831723,0.0470354928904136,0.0464505012074529,0.0215524307665121,0.205931562896933,0,211.328461408615,5.05447387695312e-05
2426,4000,809,0.0167433997450557,0.0329569219385665,0.032973973440693,-0.0478521672545347,0.0813389667446461,1,513.916278600693,5.7220458984375e-05
2427,1000,810,-0.0773434025474335,0.0696443580916684,0.0685155372784203,-0.213846344407103,0.0591595393122366,1,100.44650554657,4.72068786621094e-05
2428,2000,810,-0.0111947256251879,0.0457466016799744,0.045414205619815,-0.100858064917938,0.0784686136675619,1,431.481377601624,8.65459442138672e-05
2429,4000,810,0.00888063825522749,0.0343477170609964,0.035011899660198,-0.0584408871843255,0.0762021636947804,1,656.606259346008,9.39369201660156e-05
242,4000,81,0.028013325968089,0.0335197642509332,0.0343748188055305,-0.03768541196374,0.093712063899918,1,478.399264335632,9.32216644287109e-05
2430,1000,811,0.0246246347686126,0.0683846073443619,0.065157259782266,-0.109409195626337,0.158658465163562,1,136.891394376755,7.58171081542969e-05
2431,2000,811,-0.0325414889594159,0.0471013218130369,0.046216939592296,-0.124860079712968,0.0597771017941364,1,411.226060152054,6.866455078125e-05
2432,4000,811,0.0203751942537058,0.032755341524158,0.0332737821295162,-0.0438252751336438,0.0845756636410555,1,365.03701376915,5.93662261962891e-05
2433,1000,812,0.0646877360325319,0.0657119538422106,0.0640674384227786,-0.0641076934982009,0.193483165563265,1,105.573231220245,6.4849853515625e-05
2434,2000,812,-0.0108850663202192,0.0484448487046116,0.0479717240582111,-0.105836969781258,0.0840668371408196,1,310.188356876373,6.12735748291016e-05
2435,4000,812,0.0275977587763909,0.0333424245327235,0.0331378526737522,-0.0377533933077471,0.092948910860529,1,468.096790075302,6.96182250976562e-05
2436,1000,813,0.0593809142945269,0.0689195487647236,0.0674263198392927,-0.0757014012843313,0.194463229873385,1,153.103395938873,0.000119447708129883
2437,2000,813,0.0572101074762787,0.0471712922824769,0.0468767960738737,-0.0352456253973759,0.149665840349933,1,427.631192207336,8.60691070556641e-05
2438,4000,813,5.91304941264806e-05,0.0329116564715234,0.0339966391032183,-0.0644477161900594,0.0645659771783123,1,958.093153238297,0.000106573104858398
2439,1000,814,0.0478476576086515,0.0646556117340218,0.0647598979291365,-0.0788773413900312,0.174572656607334,1,208.942697286606,7.41481781005859e-05
243,1000,82,-0.0380158552401567,0.0671677755353764,0.0669007190514378,-0.169664695289494,0.0936329848091811,1,101.643199443817,4.76837158203125e-05
2440,2000,814,0.0220431172273578,0.0469531738663511,0.0479300061781294,-0.0699851035506903,0.114071338005406,1,316.804303884506,6.98566436767578e-05
2441,4000,814,-0.0210980118083372,0.0326536523365364,0.033183573904578,-0.0850991703879486,0.0429031467712742,1,819.12659072876,8.24928283691406e-05
2442,1000,815,-0.0143690924137501,0.0635202053067058,0.0633225666977842,-0.138868694814894,0.110130509987393,1,205.332267045975,8.32080841064453e-05
2443,2000,815,0.046214738438223,0.0478821685918353,0.0484991094370781,-0.0476343120017743,0.14006378887822,1,281.454792022705,5.38825988769531e-05
2444,4000,815,0.00197881306547826,0.0332309319763366,0.0331816774437958,-0.0631538136081415,0.067111439739098,1,441.977272510529,0.000102519989013672
2445,1000,816,0.0868586267620598,0.0636975784861664,0.0629815182788287,-0.0379886270708263,0.211705880594946,1,136.371509075165,4.88758087158203e-05
2446,2000,816,0.0112186910653913,0.0468378340619877,0.0474422599980803,-0.0805834636961045,0.103020845826887,1,199.776200294495,7.34329223632812e-05
2447,4000,816,0.0253970232610613,0.0330175008990132,0.0341632125182579,-0.0393172785010046,0.0901113250231272,1,471.337876319885,8.63075256347656e-05
2448,1000,817,0.00987705739551163,0.0683387127081743,0.0667512346168594,-0.12406681951251,0.143820934303533,1,102.486211538315,3.98159027099609e-05
2449,2000,817,0.000627891475359194,0.0481451044108994,0.0488057765315344,-0.0937365131700036,0.094992296120722,1,256.346930980682,5.22136688232422e-05
244,2000,82,0.0987974125199393,0.0482741939618065,0.0490903605270667,0.00417999235479861,0.19341483268508,0,277.406538009644,6.19888305664062e-05
2450,4000,817,0.0204888529270242,0.0328555077892335,0.0336630117939415,-0.0439079423398735,0.0848856481939219,1,905.759651660919,0.000117063522338867
2451,1000,818,0.0304606327733547,0.0667718552191275,0.0678841312301561,-0.100412203456135,0.161333469002845,1,103.634968519211,5.67436218261719e-05
2452,2000,818,-0.0496037468620461,0.0480119093275379,0.047038962864698,-0.14370708914402,0.0444995954199282,1,215.62956905365,5.48362731933594e-05
2453,4000,818,0.0546352511131777,0.0338541304285432,0.0340628206592709,-0.011718844526767,0.120989346753122,1,959.99705862999,0.000105142593383789
2454,1000,819,-0.0419823254580203,0.0671371164977416,0.0665097627007902,-0.173571073793594,0.0896064228775533,1,128.336004972458,7.15255737304688e-05
2455,2000,819,-0.0739949757915503,0.0456248414985265,0.0466056673809588,-0.163419665128662,0.0154297135455616,1,310.40344285965,7.79628753662109e-05
2456,4000,819,0.0173441629662051,0.0333829508476097,0.0331534937860722,-0.0480864206951099,0.0827747466275202,1,452.749271154404,6.89029693603516e-05
2457,1000,820,0.00247117063831347,0.0680822802707458,0.0673130235670931,-0.130970098692348,0.135912439968975,1,97.2266681194305,5.26905059814453e-05
2458,2000,820,0.0350478208115985,0.048285556428733,0.0481716333254955,-0.0595918697887182,0.129687511411915,1,210.873336315155,7.05718994140625e-05
2459,4000,820,-0.0284601467881644,0.0333787674778701,0.034209399325111,-0.0938825310447897,0.036962237468461,1,460.121370315552,7.27176666259766e-05
245,4000,82,0.00699657194155247,0.033184711497014,0.0338604439102309,-0.0580454625925949,0.0720386064756999,1,437.762001276016,7.51018524169922e-05
2460,1000,821,-0.118310852233738,0.0653025549075222,0.0654524445344904,-0.246303859852482,0.00968215538500501,1,98.9483544826508,4.48226928710938e-05
2461,2000,821,-0.0787359865541552,0.0463057398322933,0.0491493950545163,-0.16949523662545,0.0120232635171396,1,313.635194301605,5.60283660888672e-05
2462,4000,821,-0.00434755718032546,0.0326642528139822,0.0330140223508256,-0.0683694926957306,0.0596743783350797,1,596.718578100204,7.36713409423828e-05
2463,1000,822,-0.0420882761733912,0.0684723058449364,0.0689033043014054,-0.176293995629467,0.0921174432826842,1,135.803778886795,5.00679016113281e-05
2464,2000,822,-0.0126457086076449,0.0455067418790152,0.0458049436536988,-0.101838922690515,0.0765475054752249,1,277.419133663177,5.36441802978516e-05
2465,4000,822,0.0805560420570458,0.033599794706817,0.0340353366506944,0.0147004444316844,0.146411639682407,0,508.071898937225,7.43865966796875e-05
2466,1000,823,-0.0691465440070461,0.069264024791815,0.0664665119659913,-0.204904032599003,0.0666109445849113,1,105.286131858826,5.03063201904297e-05
2467,2000,823,0.0379897233259009,0.0491890999130044,0.0484984707448864,-0.0584209125035877,0.134400359155389,1,275.231728076935,6.15119934082031e-05
2468,4000,823,-0.00175344604338507,0.0338866872627767,0.0342536909305601,-0.0681713530784273,0.0646644609916572,1,721.433379173279,7.15255737304688e-05
2469,1000,824,0.112159323782303,0.0706228747557447,0.0665641871018952,-0.0262615107389562,0.250580158303563,1,154.017651319504,6.46114349365234e-05
246,1000,83,0.070820876745662,0.0663257335070983,0.0672201656344343,-0.0591775609282508,0.200819314419575,1,111.219270706177,4.91142272949219e-05
2470,2000,824,-0.0449630807824506,0.046517961194773,0.0469550705555221,-0.136138284724206,0.0462121231593044,1,324.400363683701,5.19752502441406e-05
2471,4000,824,-0.00534645425887589,0.0340427779724877,0.0342289549964464,-0.0720702990849518,0.0613773905672,1,606.193842887878,6.89029693603516e-05
2472,1000,825,-0.0591828560501394,0.0691663077377568,0.0713923972204607,-0.194748819216143,0.0763831071158639,1,109.164142370224,5.45978546142578e-05
2473,2000,825,-0.0235767946837486,0.047591583530186,0.0475875000015086,-0.116856298402913,0.0697027090354158,1,217.613505601883,5.00679016113281e-05
2474,4000,825,-0.04864667362419,0.0341030123744741,0.0339769585783204,-0.115488577878159,0.0181952306297792,1,573.606889247894,8.13007354736328e-05
2475,1000,826,-0.055794309109006,0.0799064904583981,0.0693063535097879,-0.212411030407466,0.100822412189454,1,135.774987220764,4.83989715576172e-05
2476,2000,826,0.0904565214103585,0.0471009050213831,0.0471531162439398,-0.00186125243155232,0.182774295252269,1,296.584218263626,9.27448272705078e-05
2477,4000,826,-0.00966779322346066,0.0343235178178864,0.034238676207463,-0.076941888146518,0.0576063016995967,1,966.551980257034,9.87052917480469e-05
2478,1000,827,0.0879123955731785,0.0681444482470165,0.0679005383178895,-0.0456507229909739,0.221475514137331,1,208.636591672897,9.67979431152344e-05
2479,2000,827,0.00807494391814578,0.047865022739566,0.0471710121845306,-0.0857405006514037,0.101890388487695,1,314.959065437317,6.103515625e-05
247,2000,83,0.0732553607724199,0.0463579400353812,0.0466876359034485,-0.0176062016969273,0.164116923241767,1,414.467621326447,8.36849212646484e-05
2480,4000,827,0.0365667625975096,0.0332042258827128,0.033413598893455,-0.0285135201326074,0.101647045327627,1,474.773030042648,6.43730163574219e-05
2481,1000,828,-0.0689748056988412,0.0680603390056538,0.0679165918481153,-0.202373070149923,0.0644234587522403,1,151.457147598267,0.0154829025268555
2482,2000,828,0.136452623019771,0.0471332361449015,0.0479623497773308,0.0440714801757637,0.228833765863778,0,223.270579576492,4.24385070800781e-05
2483,4000,828,-0.0552491937288292,0.0325025039060448,0.0331946916994773,-0.118954101384677,0.00845571392701874,1,470.326817750931,7.15255737304688e-05
2484,1000,829,0.0669907910392805,0.0682533722651848,0.0683271525357237,-0.0667858186004817,0.200767400679043,1,150.834387779236,6.74724578857422e-05
2485,2000,829,-0.0588652974333663,0.0464266118855477,0.0463135796407919,-0.14986145672904,0.0321308618623071,1,310.660264253616,9.25064086914062e-05
2486,4000,829,0.042513861968643,0.033883194458741,0.0337144054645831,-0.0238971991704894,0.108924923107775,1,705.439283370972,5.98430633544922e-05
2487,1000,830,-0.00536469701148726,0.0707830050450995,0.0687161965502028,-0.144099386899882,0.133369992876908,1,105.315841913223,6.29425048828125e-05
2488,2000,830,0.0885602205066551,0.0503438497856356,0.0504076302533606,-0.0101137250731907,0.187234166086501,1,262.04679441452,6.31809234619141e-05
2489,4000,830,-0.0142156362975397,0.0338467271572447,0.0344601408583714,-0.0805552215257393,0.0521239489306599,1,768.86661195755,8.70227813720703e-05
248,4000,83,-0.0285843462445324,0.0326068778224859,0.0333489880932837,-0.0924938267766047,0.0353251342875399,1,466.292606830597,0.000125646591186523
2490,1000,831,0.133533478649124,0.0688719622991584,0.0681315335405871,-0.00145556745722689,0.268522524755474,1,131.168081998825,4.00543212890625e-05
2491,2000,831,-0.007635696497367,0.0473809075521725,0.048148362704556,-0.100502275299625,0.0852308823048911,1,309.274209976196,0.0142204761505127
2492,4000,831,-0.015572190819938,0.0331778464184911,0.0335543708249417,-0.0806007698001806,0.0494563881603046,1,494.09014415741,0.000100135803222656
2493,1000,832,0.0473597680609921,0.0700980631295282,0.067411961388154,-0.0900324356728832,0.184751971794867,1,106.751994132996,6.67572021484375e-05
2494,2000,832,0.036283666685592,0.0461247368669276,0.0474902909353321,-0.0541208175735862,0.12668815094477,1,318.554017305374,0.000110864639282227
2495,4000,832,0.0118372364476525,0.0337794028464408,0.0336593581825708,-0.0543703931313715,0.0780448660266765,1,678.187817335129,8.13007354736328e-05
2496,1000,833,-0.0460720378950959,0.0648024267124337,0.0655209226627613,-0.173084794251466,0.0809407184612741,1,161.994532585144,5.91278076171875e-05
2497,2000,833,-0.126963355662944,0.0458072928365947,0.0462338812564138,-0.21674564962267,-0.0371810617032182,0,218.643762350082,6.15119934082031e-05
2498,4000,833,0.0176081825195734,0.0328980752676231,0.0340099163698924,-0.0468720450049679,0.0820884100441147,1,460.638624429703,8.0108642578125e-05
2499,1000,834,-0.0660342256283316,0.0685113495559098,0.0710057343901091,-0.200316470757915,0.0682480195012516,1,204.141604185104,6.98566436767578e-05
249,1000,84,0.0364866074460313,0.0661940575898242,0.0646631441426483,-0.0932537454300241,0.166226960322087,1,131.832259178162,5.07831573486328e-05
24,1000,9,-0.0877791596793242,0.0654432793029017,0.0653706729911522,-0.216047987113011,0.0404896677543632,1,134.203596353531,5.48362731933594e-05
2500,2000,834,0.104495886254832,0.0491201556186863,0.0491082531020173,0.00822038124220728,0.200771391267458,0,305.04440331459,7.20024108886719e-05
2501,4000,834,-0.0168134948701475,0.033898739184958,0.0340999938614034,-0.0832550236726651,0.0496280339323701,1,484.329491853714,8.51154327392578e-05
2502,1000,835,-0.0723686642121899,0.0720399589536051,0.0702633492896476,-0.213566983761256,0.0688296553368761,1,98.779670715332,4.45842742919922e-05
2503,2000,835,0.00967233591389856,0.0482308315811466,0.0489078939847621,-0.0848600939851488,0.104204765812946,1,218.169114589691,4.76837158203125e-05
2504,4000,835,-0.0298399281975268,0.0334852390081785,0.0342800331024117,-0.0954709966535566,0.035791140258503,1,985.194016933441,8.55922698974609e-05
2505,1000,836,-0.0465749141727419,0.0703606630172086,0.0666450531882015,-0.184481813686471,0.091331985340987,1,165.953818559647,5.74588775634766e-05
2506,2000,836,0.0428170710550905,0.0482107567438139,0.0467863827720238,-0.0516760121627847,0.137310154272966,1,276.067514419556,4.79221343994141e-05
2507,4000,836,0.0578986975938428,0.0331337669714134,0.0337942272815451,-0.00704348567012751,0.122840880857813,1,508.019057273865,6.60419464111328e-05
2508,1000,837,0.0587717838259641,0.0667153837931729,0.0656350288645388,-0.0719903684086547,0.189533936060583,1,122.798138141632,7.62939453125e-05
2509,2000,837,-0.0504996154212754,0.0474513121352377,0.0476469666322393,-0.143504187206341,0.0425049563637905,1,204.103573799133,6.24656677246094e-05
250,2000,84,1.20768186943013e-05,0.0457280683166927,0.0460554105026433,-0.0896149370820233,0.0896390907194119,1,425.274624586105,5.53131103515625e-05
2510,4000,837,0.0190032492210519,0.0330981897612382,0.0341314110075281,-0.0458692027109749,0.0838757011530787,1,660.989032506943,8.70227813720703e-05
2511,1000,838,0.123580008472283,0.0683838594420262,0.0665469947182883,-0.0104523560340883,0.257612372978654,1,102.509603977203,4.60147857666016e-05
2512,2000,838,0.010103041130848,0.0456188047134124,0.0464727481545525,-0.0793098161074403,0.0995158983691364,1,200.905623912811,5.43594360351562e-05
2513,4000,838,0.0127331642917588,0.0333771523109848,0.034223896982091,-0.0526860542377714,0.0781523828212891,1,479.29098200798,7.36713409423828e-05
2514,1000,839,-0.165961211325896,0.0698323155154354,0.0676793153122346,-0.302832549736149,-0.0290898729156428,0,105.818418502808,7.53402709960938e-05
2515,2000,839,-0.037519935115638,0.0501266272961055,0.0485620776996831,-0.135768124616005,0.0607282543847288,1,199.511199235916,7.31945037841797e-05
2516,4000,839,0.00612993447484756,0.0327915502835013,0.0335759703150893,-0.0581415040808149,0.07040137303051,1,701.624846696854,0.000124454498291016
2517,1000,840,0.00705596640381748,0.0669451674144447,0.070177572178315,-0.124156561728494,0.138268494536129,1,214.955785036087,9.1552734375e-05
2518,2000,840,0.0706568030521661,0.0472528194726948,0.0485437967095388,-0.0219587231143158,0.163272329218648,1,213.287778139114,5.340576171875e-05
2519,4000,840,0.00486673372378044,0.0331562600979403,0.0336994188285786,-0.0601195360681825,0.0698530035157434,1,948.223367929459,0.000128746032714844
251,4000,84,-0.00352952469184293,0.0332586316954186,0.0332887434415156,-0.0687164428148633,0.0616573934311774,1,502.448021411896,6.81877136230469e-05
2520,1000,841,-0.0450499326481287,0.0630666268863351,0.0626321500021654,-0.168660521345346,0.0785606560490882,1,162.273379564285,5.00679016113281e-05
2521,2000,841,-0.0368899552175835,0.0461626786941857,0.0455751622924965,-0.127368805458188,0.0535888950230206,1,385.15821480751,9.65595245361328e-05
2523,1000,842,0.0600392130469108,0.0718717629728117,0.07278007683262,-0.0808294423798002,0.200907868473622,1,135.271317005157,4.29153442382812e-05
2524,2000,842,-0.0436627442347682,0.0482232457943241,0.047989463569961,-0.138180305991643,0.0508548175221071,1,323.273274421692,8.72611999511719e-05
2525,4000,842,0.000776304646876059,0.0329292314777069,0.0332624351665109,-0.0637649890494295,0.0653175983431817,1,608.705332040787,6.19888305664062e-05
2526,1000,843,0.0251741368541942,0.0694837584435493,0.0706910153357525,-0.111014029695163,0.161362303403551,1,146.545638799667,8.98838043212891e-05
2527,2000,843,-0.0257704352703877,0.0478803402848557,0.0469583764101248,-0.119615902228705,0.0680750316879294,1,217.952889919281,6.31809234619141e-05
2528,4000,843,0.0155098375577657,0.0333332575273566,0.0336808213870479,-0.0498233471958532,0.0808430223113847,1,472.708028078079,6.81877136230469e-05
2529,1000,844,0.0605683576618639,0.0659926080065806,0.0667237288174214,-0.068777154031034,0.189913869354762,1,191.901979207993,8.58306884765625e-05
252,1000,85,-0.0260146802535967,0.0655608970665868,0.065891853073158,-0.154514038504107,0.102484677996913,1,169.785243272781,6.03199005126953e-05
2530,2000,844,0.030356326384966,0.0463319779535824,0.0468224828479165,-0.0604543504040556,0.121167003173988,1,375.787687063217,0.000105381011962891
2531,4000,844,0.0268205338797517,0.032469157162067,0.0329444086534443,-0.0368190141578997,0.0904600819174032,1,505.557532787323,6.36577606201172e-05
2532,1000,845,-0.00752339371385037,0.0685219371838236,0.068292831338257,-0.141826390594145,0.126779603166444,1,106.02109003067,6.03199005126953e-05
2533,2000,845,0.0488883973504414,0.0477517831665035,0.048332153206476,-0.0447050976559055,0.142481892356788,1,450.146669864655,0.000102043151855469
2534,4000,845,-0.00158639640690336,0.0327375797216751,0.033020481301418,-0.0657520526613866,0.0625792598475799,1,474.620828390121,8.82148742675781e-05
2535,1000,846,-0.0301414865268482,0.0717089228292699,0.0725793657760247,-0.170690975272217,0.110408002218521,1,148.165061235428,8.36849212646484e-05
2536,2000,846,0.0328607364119092,0.0481387212131202,0.048303509825009,-0.0614911571658064,0.127212629989625,1,199.889393806458,4.79221343994141e-05
2537,4000,846,0.00891788297088317,0.0332066255133898,0.0337707419964792,-0.0561671030353609,0.0740028689771272,1,511.081571340561,8.34465026855469e-05
2538,1000,847,0.0829250419133074,0.0676821270687094,0.0680779943517339,-0.0497319271413631,0.215582010967978,1,134.244717121124,4.33921813964844e-05
2539,2000,847,0.0332351793421636,0.0467133324369282,0.047594000606483,-0.0583229522342157,0.124793310918543,1,217.489803314209,5.07831573486328e-05
253,2000,85,-0.0526872652855689,0.0464504986287614,0.0474113617716289,-0.143730242597941,0.0383557120268035,1,219.331770181656,4.76837158203125e-05
2540,4000,847,-0.0134509288328351,0.0325993039356601,0.0330064140304715,-0.0773455645467288,0.0504437068810586,1,710.155968427658,0.000105381011962891
2541,1000,848,0.0291731934543632,0.0734582395802979,0.068287751994048,-0.114804956123021,0.173151343031747,1,110.273163080215,5.84125518798828e-05
2542,2000,848,0.00720953426118302,0.045990976373262,0.0489632566320012,-0.0829327794304104,0.0973518479527764,1,271.510774374008,4.81605529785156e-05
2543,4000,848,-0.0423057997132481,0.0323508886802579,0.0333033356957138,-0.105713541526554,0.0211019421000574,1,847.001675367355,9.32216644287109e-05
2544,1000,849,-0.0696840183739505,0.067305727878283,0.0699881818692082,-0.201603245015385,0.0622352082674842,1,110.152215957642,6.05583190917969e-05
2545,2000,849,0.100841763918298,0.0471532659377911,0.0475717301786447,0.00842136268022758,0.193262165156369,0,229.156706571579,6.93798065185547e-05
2546,4000,849,0.0662440009184028,0.0328546938986893,0.033413021342231,0.00184880087697174,0.130639200959834,0,733.127502918243,7.27176666259766e-05
2547,1000,850,0.0153490836787661,0.0716667640874472,0.0676407961852411,-0.125117773932631,0.155815941290163,1,148.206923961639,4.83989715576172e-05
2548,2000,850,-0.012172761622915,0.0482879155042145,0.0480653968177329,-0.106817076011175,0.0824715527653454,1,275.730251789093,5.91278076171875e-05
2549,4000,850,0.0478767259315767,0.033608809632732,0.0336916268239115,-0.017996540948578,0.113749992811731,1,899.07635307312,0.000105142593383789
254,4000,85,-0.0146189371360266,0.0330234459984701,0.0333206167149289,-0.0793448912930279,0.0501070170209747,1,936.610395908356,9.44137573242188e-05
2550,1000,851,-0.00319888500962592,0.0689699976048316,0.0647943464652377,-0.138380080315096,0.131982310295844,1,121.82476401329,7.51018524169922e-05
2551,2000,851,-0.0394210489294569,0.0472717060903403,0.0467817234460538,-0.132073592866524,0.0532314950076101,1,203.231552839279,5.57899475097656e-05
2552,4000,851,-0.0823186449922233,0.033128692917928,0.0337548905878052,-0.147250883111362,-0.0173864068730844,0,460.120766878128,9.918212890625e-05
2553,1000,852,0.00785949159493229,0.0655775734421192,0.0671029963408536,-0.120672552351621,0.136391535541486,1,102.253906011581,6.53266906738281e-05
2554,2000,852,0.00348963062215565,0.0494003605705998,0.0492128781933068,-0.0933350760962199,0.100314337340531,1,207.92995929718,7.17639923095703e-05
2555,4000,852,-0.0416209812101748,0.0316163194366391,0.0316841843972288,-0.103588967305987,0.0203470048856379,1,480.615819454193,7.29560852050781e-05
2556,1000,853,0.0175986778595705,0.0662754471641757,0.0652416102880189,-0.112301198582214,0.147498554301355,1,219.253303289413,6.96182250976562e-05
2557,2000,853,0.0250958798503519,0.0466466192360087,0.0467636166264557,-0.0663314938522251,0.116523253552929,1,319.601637363434,5.69820404052734e-05
2558,4000,853,-0.0123905888250879,0.0333696445885104,0.0340631822066543,-0.0777950922185682,0.0530139145683925,1,616.727356672287,5.48362731933594e-05
2559,1000,854,-0.024600261105299,0.0681980230021622,0.0674285504125842,-0.158268386189537,0.109067863978939,1,104.443264007568,4.86373901367188e-05
255,1000,86,0.0124199195435066,0.0662954774212078,0.0685099940608879,-0.117519216202061,0.142359055289074,1,105.905465841293,3.60012054443359e-05
2560,2000,854,-0.0482608202356827,0.047087868985235,0.0475501774577081,-0.140553043446743,0.0440314029753778,1,223.641169548035,4.48226928710938e-05
2561,4000,854,-0.0263918216717503,0.0338438641076256,0.0337933963098728,-0.0927257953226964,0.0399421519791958,1,701.535935163498,0.000114679336547852
2562,1000,855,0.113587537133729,0.0689077175467266,0.0687341520281402,-0.0214715892578554,0.248646663525313,1,147.663522958755,6.98566436767578e-05
2563,2000,855,-0.00697136180787806,0.0473278435242182,0.0479309245129512,-0.0997339351153457,0.0857912114995896,1,159.920783281326,5.55515289306641e-05
2564,4000,855,-0.00395063119975257,0.0332593645065394,0.0341222183531269,-0.0691389856325698,0.0612377232330646,1,665.154550075531,6.27040863037109e-05
2565,1000,856,0.0393853546207469,0.0654172630609492,0.0664734024913272,-0.0888324809787135,0.167603190220207,1,132.234509468079,5.62667846679688e-05
2566,2000,856,0.0230043788584391,0.0468178160270899,0.0467299010269845,-0.0687585405546571,0.114767298271535,1,694.118067026138,0.000129461288452148
2567,4000,856,0.056924736195972,0.0341858181439759,0.0341522417727742,-0.0100794673662208,0.123928939758165,1,970.228734731674,6.15119934082031e-05
2568,1000,857,-0.00640009622167196,0.0669847927050484,0.0660018110100152,-0.137690289923567,0.124890097480223,1,109.428492307663,6.67572021484375e-05
2569,2000,857,-0.00927354712068247,0.0478577354346031,0.0495564048943416,-0.103074708572505,0.0845276143311396,1,316.153625965118,0.000121116638183594
256,2000,86,-0.0026593413301052,0.0464204026927823,0.047016737876743,-0.0936433306079585,0.0883246479477481,1,212.243419408798,7.05718994140625e-05
2570,4000,857,-0.0595211169164714,0.0336307235003105,0.0333706135429983,-0.12543733497708,0.0063951011441373,1,706.073386669159,7.53402709960938e-05
2571,1000,858,0.175181076420146,0.0637500590733594,0.0619946001833504,0.0502309606363616,0.300131192203931,0,180.935391187668,5.7220458984375e-05
2572,2000,858,0.0189322209213417,0.0466773278988449,0.0469689150910683,-0.0725553417603943,0.110419783603078,1,414.342074155807,7.79628753662109e-05
2573,4000,858,0.00772020855408702,0.0342166285943707,0.0336047933945571,-0.0593443834908795,0.0747848005990536,1,950.170510053635,0.00010991096496582
2574,1000,859,-0.0213629956479469,0.0672721345940366,0.0627357727709785,-0.153216379452259,0.110490388156365,1,101.401609659195,4.74452972412109e-05
2575,2000,859,0.0231064115365829,0.0471657480822866,0.0471959521617138,-0.0693384547046989,0.115551277777865,1,205.097862958908,5.79357147216797e-05
2576,4000,859,0.00899414998374758,0.0325525783972314,0.0336068085424834,-0.0548089036748259,0.072797203642321,1,657.193084955215,5.76972961425781e-05
2577,1000,860,0.00122612663686655,0.068382526846595,0.068976595879644,-0.13280362598246,0.135255879256193,1,107.305744171143,4.62532043457031e-05
2578,2000,860,0.0352447886914307,0.0457032412861156,0.0454958190543402,-0.0543335642293559,0.124823141612217,1,274.609012842178,5.74588775634766e-05
2579,4000,860,0.035883652615336,0.0328708310168326,0.0330504891771128,-0.0285431761776559,0.100310481408328,1,504.22224354744,7.15255737304688e-05
257,4000,86,0.0239688128644947,0.032508419983222,0.0329091425904971,-0.0397476903026204,0.0876853160316098,1,487.496207237244,5.14984130859375e-05
2580,1000,861,0.031445794660458,0.0687209365920078,0.0684682104274722,-0.103247241059877,0.166138830380793,1,154.372305631638,6.60419464111328e-05
2581,2000,861,-0.0584984740067386,0.0469914289938505,0.048480490540775,-0.150601674834686,0.0336047268212083,1,210.264428138733,6.19888305664062e-05
2582,4000,861,0.0100068115348787,0.0335086747040629,0.033748941224373,-0.0556701908850846,0.075683813954842,1,711.679430246353,6.03199005126953e-05
2583,1000,862,-0.101558126424952,0.0692257077012637,0.0665512939458889,-0.237240513519429,0.0341242606695245,1,104.382085561752,5.12599945068359e-05
2584,2000,862,-0.0131193695040115,0.0464658308687872,0.0478914949155318,-0.104192398006834,0.0779536589988115,1,298.318737983704,5.79357147216797e-05
2585,4000,862,-0.0144806217084277,0.0331649371719084,0.0338846901687505,-0.0794838985653681,0.0505226551485126,1,485.232229471207,8.22544097900391e-05
2586,1000,863,0.00441462243920771,0.0702710699015466,0.070553432178123,-0.133316674567824,0.142145919446239,1,137.483939409256,5.48362731933594e-05
2587,2000,863,0.0266070801090248,0.0479883714946017,0.0470091530866787,-0.0674501280203945,0.120664288238444,1,262.56365442276,5.60283660888672e-05
2588,4000,863,0.0122399521606672,0.0334951261223962,0.0336897705852683,-0.0534104950392294,0.0778903993605638,1,468.417858362198,8.96453857421875e-05
2589,1000,864,0.0126120572702447,0.0684465908611093,0.0694159664198059,-0.12154326081753,0.146767375358019,1,106.719180345535,6.19888305664062e-05
258,1000,87,0.0768451217704624,0.066666900424961,0.0679075282777067,-0.053822003062461,0.207512246603386,1,103.679431676865,4.76837158203125e-05
2590,2000,864,-0.0356348738857963,0.045312957905936,0.0466449986024443,-0.124448271381431,0.0531785236098384,1,274.262450695038,5.91278076171875e-05
2591,4000,864,0.0387609543533083,0.0343520743598668,0.0338531560867493,-0.0285691113920307,0.106091020098647,1,968.219814062119,0.000105142593383789
2592,1000,865,-0.017747536611189,0.0668983485891598,0.066608011804584,-0.148868299845942,0.113373226623564,1,96.4346697330475,4.86373901367188e-05
2593,2000,865,-0.00525856362534947,0.0474875002209409,0.0463397010590356,-0.0983340640583936,0.0878169368076946,1,236.572726011276,5.17368316650391e-05
2594,4000,865,-0.0216995423342886,0.0336549877472834,0.0338958461764521,-0.087663318318964,0.0442642336503868,1,742.309123039246,6.53266906738281e-05
2595,1000,866,0.0164762849415107,0.0652528956381937,0.0672867218877252,-0.111419390509349,0.14437196039237,1,133.305422306061,4.38690185546875e-05
2596,2000,866,-0.0702025547696769,0.0483147020415812,0.0486024716051196,-0.164899370771176,0.0244942612318222,1,213.021977186203,6.27040863037109e-05
2597,4000,866,-0.0718752316115525,0.0332565811710705,0.0336538952902668,-0.137058130706851,-0.00669233251625427,0,567.256963729858,0.000104188919067383
2598,1000,867,0.0195345598322689,0.0713011199644594,0.0687727676869418,-0.120215635298072,0.159284754962609,1,105.707874059677,5.98430633544922e-05
2599,2000,867,-0.00800310307444111,0.046806098539181,0.0471247217547785,-0.0997430562112358,0.0837368500623536,1,200.292710542679,6.22272491455078e-05
259,2000,87,-0.0497866897061746,0.049137313745708,0.0479226236377337,-0.146095824647762,0.0465224452354131,1,212.48389339447,4.43458557128906e-05
25,2000,9,0.0845607042407728,0.0468204246431344,0.0468625296300773,-0.0072073280597706,0.176328736541316,1,213.586929798126,4.98294830322266e-05
2600,4000,867,-0.040094332824595,0.0326047940895188,0.0329841268506066,-0.103999729240052,0.0238110635908619,1,458.595716238022,7.60555267333984e-05
2601,1000,868,-0.153655269538843,0.0701485384790938,0.0673752857631737,-0.291146404957867,-0.0161641341198193,0,147.243429660797,6.38961791992188e-05
2602,2000,868,-0.0139087305841382,0.0474606801412211,0.0472878681227759,-0.106931663660932,0.0791142024926553,1,309.143815040588,7.82012939453125e-05
2603,4000,868,0.00687666479866412,0.0331755868660457,0.0341999569397664,-0.0581474854587855,0.0719008150561138,1,832.817351341248,0.000105857849121094
2604,1000,869,-0.0414829196300646,0.0697360048829821,0.0660448046067936,-0.178165489200709,0.0951996499405802,1,144.031212806702,7.82012939453125e-05
2605,2000,869,-0.0887855827922379,0.0478536243165245,0.0473640347361599,-0.182578686452626,0.00500752086815004,1,370.627915620804,7.12871551513672e-05
2606,4000,869,-0.0129094080477509,0.0332100021384096,0.0333245460492539,-0.0780010122390336,0.0521821961435319,1,689.365817070007,6.98566436767578e-05
2607,1000,870,0.0146315592424966,0.0680599077137323,0.0672799195207507,-0.118765859876419,0.148028978361412,1,218.933128356934,7.70092010498047e-05
2608,2000,870,-0.0180528558847644,0.0469949602953107,0.0474607772985685,-0.110162978063573,0.0740572662940446,1,230.811639308929,6.31809234619141e-05
2609,4000,870,-0.0542066837101724,0.0332958461484292,0.0333885806703583,-0.119466542161094,0.0110531747407488,1,441.017299890518,8.72611999511719e-05
260,4000,87,0.0557855398362685,0.0334988933447228,0.0337424966876183,-0.00987229111938819,0.121443370791925,1,617.863828420639,5.41210174560547e-05
2610,1000,871,0.0924073099957649,0.0704948620246733,0.0710978321341858,-0.0457626195725948,0.230577239564125,1,106.535750389099,4.57763671875e-05
2611,2000,871,0.0782002162145093,0.0483218255633348,0.0482762910661484,-0.0165105618896269,0.172910994318645,1,229.974448919296,5.62667846679688e-05
2612,4000,871,-0.0252533210566212,0.0332573886638644,0.0326200291407435,-0.0904378028377953,0.039931160724553,1,486.832213401794,5.29289245605469e-05
2613,1000,872,0.0255669044851392,0.0669119167813455,0.0678885935608145,-0.105580452406298,0.156714261376576,1,144.519383430481,5.91278076171875e-05
2614,2000,872,0.0294323758918643,0.0462598550441078,0.0470186628439055,-0.0612369399945869,0.120101691778316,1,415.865525484085,7.15255737304688e-05
2615,4000,872,0.0358752111757388,0.032927950077396,0.0330841382358567,-0.0286635709759574,0.100413993327435,1,787.943860292435,9.72747802734375e-05
2616,1000,873,-0.0131920476239397,0.0664450454832073,0.0678182375211735,-0.143424336771026,0.117040241523147,1,155.255108118057,4.69684600830078e-05
2617,2000,873,0.00941879093518218,0.0479395572344477,0.0488495888460748,-0.0845427412443354,0.1033803231147,1,248.498988389969,5.50746917724609e-05
2618,4000,873,0.0213716613652072,0.0338088889735699,0.0346484809969965,-0.0448937610229899,0.0876370837534043,1,471.880436658859,0.000110864639282227
2619,1000,874,0.0147854005403103,0.0656782007426745,0.0642845031222954,-0.113943872915332,0.143514673995952,1,168.438590288162,7.34329223632812e-05
261,1000,88,-0.0258470708102642,0.0671572790903699,0.0673463679165194,-0.157475337827389,0.105781196206861,1,130.99530172348,4.98294830322266e-05
2620,2000,874,-0.0175091356442253,0.0460332141260597,0.0474059604878818,-0.107734235331302,0.0727159640428516,1,495.778207778931,0.000171899795532227
2621,4000,874,-0.0224542601770512,0.034019524999891,0.0338731933806958,-0.0891325291768376,0.0442240088227353,1,942.860550403595,8.46385955810547e-05
2622,1000,875,0.0991880565183269,0.0691915545819755,0.0698888324791364,-0.0364273904623451,0.234803503498999,1,149.371562957764,8.79764556884766e-05
2623,2000,875,-0.00214377084614232,0.0463641577565721,0.0473735171166378,-0.0930175200490237,0.0887299783567391,1,304.366296291351,7.00950622558594e-05
2624,4000,875,-0.0340919482768129,0.0324530174051758,0.033134021126444,-0.0976998623909575,0.0295159658373317,1,605.736583471298,7.17639923095703e-05
2625,1000,876,0.0259290103581173,0.0679946976195622,0.0669938977150656,-0.107340596976225,0.159198617692459,1,146.712689876556,4.64916229248047e-05
2626,2000,876,0.00468160844926282,0.0489876527034719,0.0487014795592346,-0.0913341908495421,0.100697407748068,1,212.772299528122,4.88758087158203e-05
2627,4000,876,0.0236818086102474,0.0340485106280208,0.0340189111297745,-0.0430532722206734,0.0904168894411682,1,646.310069561005,5.98430633544922e-05
2628,1000,877,-0.011865998366888,0.0676511433757408,0.0691607690618134,-0.14446223938334,0.120730242649564,1,147.089465141296,5.07831573486328e-05
2629,2000,877,0.158464481464553,0.0473253452169188,0.0468428857529315,0.065706804839392,0.251222158089714,0,314.527372837067,7.89165496826172e-05
262,2000,88,0.0102412109215132,0.0455736814747372,0.0457535006272547,-0.0790832047689716,0.0995656266119981,1,268.242993354797,6.50882720947266e-05
2630,4000,877,0.0338316397356349,0.0321799966900413,0.0327147973777304,-0.029241153776846,0.0969044332481158,1,483.851756572723,8.392333984375e-05
2631,1000,878,0.0226832145443208,0.0687471637782649,0.0701479648630451,-0.112061226461078,0.15742765554972,1,135.781399488449,4.38690185546875e-05
2632,2000,878,-0.0491615985264469,0.0488843673923679,0.0479723999152368,-0.144974958615488,0.0466517615625943,1,301.925832033157,6.4849853515625e-05
2633,4000,878,-0.0445312330005077,0.0327734339255389,0.0328155273774156,-0.108767163494564,0.0197046974935485,1,720.091088056564,5.88893890380859e-05
2634,1000,879,0.0280404338389921,0.0683205938124059,0.0695090866360194,-0.105867930033323,0.161948797711308,1,105.271606683731,4.76837158203125e-05
2635,2000,879,-0.00677489676150882,0.0471012438496794,0.0479442382145081,-0.0990933347068804,0.0855435411838627,1,385.354337453842,7.39097595214844e-05
2636,4000,879,0.000249682481080359,0.0325785437410754,0.0325107410143457,-0.0636042632514274,0.0641036282135882,1,464.063158035278,9.98973846435547e-05
2637,1000,880,0.00292920485022905,0.0703830069508927,0.0693621845067937,-0.135021488773521,0.140879898473979,1,181.01745891571,6.69956207275391e-05
2638,2000,880,0.0816525665180782,0.0477927775693755,0.0471715423488111,-0.0120212775178978,0.175326410554054,1,315.087063312531,9.79900360107422e-05
2639,4000,880,-0.0106527857370344,0.0329291068701315,0.0334898837758848,-0.0751938352024921,0.0538882637284233,1,696.081608772278,9.41753387451172e-05
263,4000,88,-0.0382839576756672,0.0342808701124644,0.0350006028688132,-0.105474463096097,0.0289065477447631,1,960.672244787216,0.00016021728515625
2640,1000,881,-0.0933635712410942,0.0669540993258408,0.0658369623563598,-0.224593605919742,0.0378664634375537,1,196.053915977478,7.48634338378906e-05
2641,2000,881,0.0706314145627142,0.0465891370316371,0.0479078023971618,-0.0206832940192945,0.161946123144723,1,198.310832262039,5.43594360351562e-05
2642,4000,881,-0.0409983560421506,0.0334014916370161,0.0340881720972422,-0.106465279650702,0.0244685675664009,1,483.997685670853,6.103515625e-05
2643,1000,882,-0.0612897927440491,0.0681710121459648,0.0667960519249632,-0.19490497655014,0.0723253910620419,1,131.674761772156,4.1961669921875e-05
2644,2000,882,0.121100549283327,0.0469472374899337,0.0471745470879731,0.0290839638030572,0.213117134763597,0,426.7885222435,9.56058502197266e-05
2645,4000,882,-0.0422001068761247,0.033402652799502,0.0342276201688457,-0.107669306363149,0.0232690926108992,1,475.653671979904,7.72476196289062e-05
2646,1000,883,-0.0874577590225183,0.0701745483576622,0.0673345257907568,-0.224999873803536,0.0500843557584996,1,95.7151181697845,4.98294830322266e-05
2647,2000,883,0.0963084454490976,0.0466245988993232,0.0476909591456189,0.00492423160642425,0.187692659291771,0,216.35711145401,6.98566436767578e-05
2648,4000,883,0.0140000815453153,0.0326018397592696,0.0335127718856437,-0.049899524382853,0.0778996874734836,1,478.659617424011,7.43865966796875e-05
2649,1000,884,-0.0178356194582731,0.0662439872050612,0.067449011756948,-0.147673834380193,0.112002595463647,1,78.9987695217133,6.65187835693359e-05
264,1000,89,-0.0867582430919154,0.0717228174929847,0.069697020839919,-0.227334965378165,0.0538184791943347,1,215.743652582169,9.13143157958984e-05
2650,2000,884,0.0378393994491143,0.0464381305718648,0.0460687232042806,-0.0531793364717407,0.128858135369969,1,301.125128984451,6.84261322021484e-05
2651,4000,884,0.00291112907576901,0.0333003528903615,0.0335047619504479,-0.0623575625893396,0.0681798207408776,1,493.864773750305,6.15119934082031e-05
2652,1000,885,0.0802305203809842,0.068938147885232,0.0678574511307299,-0.0548882494740706,0.215349290236039,1,108.297298192978,4.43458557128906e-05
2653,2000,885,0.0239360070392374,0.0482428804624184,0.047211656483744,-0.0706200386671026,0.118492052745577,1,305.421525716782,5.48362731933594e-05
2654,4000,885,0.00819207496067757,0.0334024097228326,0.0347805358824984,-0.0572766480960744,0.0736607980174295,1,720.716576337814,0.000114679336547852
2655,1000,886,-0.00460877952101749,0.0709285849246715,0.0674585945780691,-0.143628805973374,0.134411246931339,1,149.287359237671,0.000102519989013672
2656,2000,886,-0.041293232338344,0.0476076486456635,0.0478390078003195,-0.134604223683844,0.0520177590071564,1,204.015816688538,5.00679016113281e-05
2657,4000,886,0.0121100122976084,0.0327441734351003,0.0336726213085819,-0.0520685676351881,0.0762885922304049,1,709.215972661972,9.70363616943359e-05
2658,1000,887,-0.0637557138966353,0.067502048776429,0.0680434961047319,-0.196059729498436,0.0685483017051655,1,207.458358049393,8.15391540527344e-05
2659,2000,887,-0.0194510055465566,0.045622423524361,0.045816118922755,-0.108870955654304,0.069968944561191,1,316.746082305908,8.24928283691406e-05
265,2000,89,0.110704629175563,0.0471750148308294,0.0481447440665642,0.0182416001071374,0.203167658243989,0,447.262572288513,9.20295715332031e-05
2660,4000,887,0.0323160347577277,0.0336908579877202,0.0344752682851762,-0.0337180468982039,0.0983501164136592,1,638.206760883331,7.43865966796875e-05
2661,1000,888,-0.0529173209922438,0.0687867980148749,0.0707177958170408,-0.187739445101399,0.081904803116911,1,141.965521097183,7.29560852050781e-05
2662,2000,888,-0.0191747663093682,0.0457756082670269,0.0482458686093284,-0.108894958512741,0.0705454258940046,1,208.131631612778,5.91278076171875e-05
2663,4000,888,-0.00794132527886348,0.0337708033725056,0.0338566269606912,-0.0741320998889744,0.0582494493312474,1,964.162598133087,0.000112533569335938
2664,1000,889,-0.0585081772682702,0.0679205109676806,0.0691864026951953,-0.191632378764924,0.0746160242283837,1,100.312680959702,4.33921813964844e-05
2665,2000,889,0.0490359838497435,0.0466923212017845,0.0478937876483635,-0.0424809657057542,0.140552933405241,1,283.884357452393,8.58306884765625e-05
2666,4000,889,-0.0123226123710219,0.0327353387301845,0.0331501661439266,-0.0764838762821835,0.0518386515401398,1,616.797153949738,7.15255737304688e-05
2667,1000,890,0.0811226253597576,0.0684332674276262,0.0669287844319334,-0.0530065787983897,0.215251829517905,1,175.460828542709,6.29425048828125e-05
2668,2000,890,-0.0251838161479281,0.0469578569021717,0.0479887990588095,-0.117221215676185,0.0668535833803285,1,279.772247552872,5.7220458984375e-05
2669,4000,890,-0.0136737824959768,0.0330333770592372,0.0335653293721388,-0.0784192015320817,0.0510716365401281,1,676.014068365097,9.10758972167969e-05
266,4000,89,0.0463859764248607,0.0335249541622364,0.0336347859285896,-0.0193229337331226,0.112094886582844,1,419.330777168274,6.91413879394531e-05
2670,1000,891,-0.0296298743513102,0.0666904412924088,0.0677203371175046,-0.160343139284431,0.101083390581811,1,105.014387369156,5.05447387695312e-05
2671,2000,891,0.0532428784882437,0.04782173713396,0.0482457435585768,-0.0404877262943178,0.146973483270805,1,314.26265501976,5.55515289306641e-05
2672,4000,891,0.0240826308877219,0.0331173533457968,0.0329317513877979,-0.0408273816700398,0.0889926434454837,1,710.844182491302,7.53402709960938e-05
2673,1000,892,0.0317543652094066,0.0653822181212449,0.0643368791970474,-0.0963947823082333,0.159903512727047,1,209.562711238861,8.36849212646484e-05
2674,2000,892,0.0669812084257128,0.0486594608416054,0.0500882902266887,-0.0283913348238338,0.162353751675259,1,224.46844124794,6.41345977783203e-05
2675,4000,892,0.0117809757845162,0.0341564875936528,0.0342143462333278,-0.0551657398990432,0.0787276914680757,1,558.980668544769,7.12871551513672e-05
2676,1000,893,-0.000598870311002552,0.0706285374466892,0.0705575604170624,-0.139030803706513,0.137833063084508,1,149.156196117401,4.91142272949219e-05
2677,2000,893,-0.0390008418071959,0.0482407221776795,0.0484320734860374,-0.133552657275448,0.0555509736610559,1,209.771750688553,4.79221343994141e-05
2678,4000,893,0.0407226875466282,0.0327388767552981,0.0333365236572382,-0.023445510893756,0.104890885987012,1,909.60048365593,8.46385955810547e-05
2679,1000,894,-0.0158958064132632,0.0677205759511317,0.067607669720833,-0.148628135277481,0.116836522450955,1,99.444358587265,4.22000885009766e-05
267,1000,90,-0.0315109367219007,0.0708868033408736,0.0703038211275386,-0.170449071270013,0.107427197826212,1,109.823642253876,4.93526458740234e-05
2680,2000,894,0.0161585041069892,0.0483877723239075,0.0472786858912484,-0.0786815296478694,0.110998537861848,1,214.797500133514,7.48634338378906e-05
2681,4000,894,0.0500776364563188,0.0328547200178232,0.0332953275952062,-0.0143176147786146,0.114472887691252,1,682.669793844223,8.392333984375e-05
2682,1000,895,-0.0781630416561623,0.0667571231955656,0.0655381816028201,-0.209007003119471,0.0526809198071463,1,208.759846448898,7.82012939453125e-05
2683,2000,895,0.0303274264310829,0.0467783554265985,0.0470782030690638,-0.0613581502050502,0.122013003067216,1,212.495947599411,4.67300415039062e-05
2684,4000,895,0.0297630422643101,0.0330693005949745,0.0334299844246918,-0.0350527869018399,0.0945788714304601,1,646.859025001526,6.65187835693359e-05
2685,1000,896,0.0293930342084657,0.0735286478392271,0.0681278085123829,-0.114723115556419,0.173509183973351,1,106.925397872925,3.55243682861328e-05
2686,2000,896,0.0318625821568543,0.0477241747073748,0.0480064561976999,-0.0616768002696003,0.125401964583309,1,290.537733078003,4.83989715576172e-05
2687,4000,896,-0.0347670381271949,0.0340471968383521,0.0339569227140667,-0.101499543930365,0.0319654676759752,1,921.724978208542,9.32216644287109e-05
2688,1000,897,-0.0124705334547338,0.0669125455506619,0.0649763149101546,-0.143619122734031,0.118678055824563,1,109.096991539001,6.103515625e-05
2689,2000,897,0.0445744231647926,0.0476442143237059,0.047337486664904,-0.048808236909671,0.137957083239256,1,166.037708044052,5.93662261962891e-05
268,2000,90,0.1129374002676,0.0464906910041661,0.0472189776751522,0.0218156458994347,0.204059154635766,0,272.30877661705,5.65052032470703e-05
2690,4000,897,-0.0158094646828988,0.0327081170041115,0.0334459684109479,-0.0799173740109572,0.0482984446451597,1,480.784625053406,7.08103179931641e-05
2691,1000,898,-0.0529830681543285,0.0698633512914456,0.069595115864624,-0.189915236685562,0.0839491003769047,1,150.806433916092,5.05447387695312e-05
2692,2000,898,0.0266296753917401,0.0471174972205635,0.047786957275899,-0.0657206191605644,0.118979969944045,1,200.492082118988,5.53131103515625e-05
2693,4000,898,0.0136338755540295,0.0342050766057595,0.0339171448040523,-0.0534080745932591,0.080675825701318,1,451.416121482849,8.98838043212891e-05
2694,1000,899,0.0744952671135691,0.0692496086346269,0.0711880062300249,-0.0612339658102996,0.210224500037438,1,144.465785980225,7.72476196289062e-05
2695,2000,899,-0.0113873676318639,0.0472054644180433,0.0486718857798146,-0.103910077891229,0.081135342627501,1,217.609356880188,6.77108764648438e-05
2696,4000,899,0.0931063177873305,0.0328012740917788,0.0331805142846751,0.0288158205674441,0.157396815007217,0,620.212471961975,8.65459442138672e-05
2697,1000,900,-0.00770879168386585,0.0696130408870742,0.0676780579544797,-0.144150351822531,0.1287327684548,1,146.857998371124,7.2479248046875e-05
2698,2000,900,0.113059207307432,0.0474598628616508,0.0478250407012313,0.0200378760985961,0.206080538516267,0,220.31968665123,6.79492950439453e-05
269,4000,90,-0.0229881065216767,0.0321666289338352,0.033058339323782,-0.0860346992319937,0.0400584861886403,1,453.282014369965,8.67843627929688e-05
26,4000,9,-0.0358791136381882,0.0333743230415534,0.0331305818474731,-0.101292786799633,0.0295345595232565,1,657.569321870804,0.00011444091796875
2700,1000,901,-0.0215229869223005,0.0678329089253883,0.0680143017085775,-0.154475488416062,0.111429514571461,1,98.690366268158,5.93662261962891e-05
2701,2000,901,0.0486626306074224,0.0476133979948139,0.0482335266699831,-0.0446596294624129,0.141984890677258,1,234.94274187088,5.17368316650391e-05
2702,4000,901,-0.00430359002795065,0.0333040201699132,0.0341784469443888,-0.0695794695609805,0.0609722895050792,1,792.057389259338,8.51154327392578e-05
2703,1000,902,-0.00846874202547194,0.0702642955923742,0.0692184621468164,-0.146186761386525,0.129249277335582,1,151.205706357956,4.93526458740234e-05
2704,2000,902,-0.000839912656792311,0.0474184655547574,0.0468887518782865,-0.0937801051441168,0.0921002798305322,1,310.25413775444,8.0108642578125e-05
2705,4000,902,0.0203845234908122,0.0342725280456113,0.0344577825124741,-0.0467896314785858,0.0875586784602103,1,658.892613172531,6.866455078125e-05
2706,1000,903,0.044496072716481,0.0660071079145236,0.0654635398603542,-0.0848778587959853,0.173870004228947,1,150.223383903503,0.000105857849121094
2707,2000,903,-0.0126628788314225,0.0460842005949929,0.0463727378779596,-0.102987911997609,0.0776621543347635,1,367.673072099686,7.34329223632812e-05
2708,4000,903,0.00472510549705061,0.0335492177236917,0.0336495861827542,-0.0610313612413851,0.0704815722354863,1,740.85653090477,6.84261322021484e-05
2709,1000,904,0.0118421372864382,0.0726746950957288,0.0696511511184041,-0.13060026510119,0.154284539674067,1,104.919712543488,5.55515289306641e-05
270,1000,91,0.0804717711379465,0.0643123316736173,0.0631086483337464,-0.0455803989423434,0.206523941218236,1,107.739793300629,4.12464141845703e-05
2710,2000,904,-0.0109256338178784,0.0456366183915302,0.0452967070140887,-0.100373405865278,0.0785221382295209,1,213.901703834534,5.76972961425781e-05
2711,4000,904,0.0229383647700617,0.0326468958407942,0.0326091700917743,-0.0410495510778949,0.0869262806180183,1,479.426217556,5.53131103515625e-05
2712,1000,905,0.175439748374792,0.067073830604642,0.0657356032073718,0.0439750403896941,0.306904456359891,0,106.742688417435,4.1961669921875e-05
2713,2000,905,0.0543945120145686,0.0479870387969354,0.0485357504831099,-0.0396600840274249,0.148449108056562,1,200.400206565857,6.17504119873047e-05
2714,4000,905,-0.0552918857853897,0.0339663499361341,0.0333555063639319,-0.121865931660212,0.0112821600894331,1,965.621059179306,9.03606414794922e-05
2715,1000,906,-0.103210307152112,0.0675517957004428,0.0687339337305587,-0.23561182672498,0.0291912124207555,1,108.285256385803,4.62532043457031e-05
2716,2000,906,0.0425840899109664,0.0475246900292209,0.0469838438600954,-0.0505643025463065,0.135732482368239,1,227.326240777969,5.55515289306641e-05
2717,4000,906,0.00852178772584907,0.0333901657050196,0.0331684350566742,-0.0569229370559893,0.0739665125076874,1,484.904148578644,6.84261322021484e-05
2718,1000,907,-0.0740423168569562,0.0694946544486494,0.0669011278949523,-0.210251839576309,0.0621672058623967,1,137.618575811386,6.67572021484375e-05
2719,2000,907,-0.0233884883490077,0.0474908727808993,0.0487641221378078,-0.11647059899957,0.0696936223015549,1,320.203199625015,7.72476196289062e-05
271,2000,91,0.0615706744054841,0.0470476613400835,0.0478658422347709,-0.0306427418210795,0.153784090632048,1,436.839889526367,8.70227813720703e-05
2720,4000,907,-0.0103548131102699,0.0345733396792759,0.0344782881948841,-0.0781185588816506,0.0574089326611107,1,528.089126348495,6.07967376708984e-05
2721,1000,908,0.0776773648126323,0.0703257366286618,0.0706361472795714,-0.0601610789795449,0.215515808604809,1,127.515875339508,6.72340393066406e-05
2722,2000,908,0.00931957097788745,0.0467604353177269,0.0495447779472672,-0.0823308822448573,0.100970024200632,1,225.729629278183,4.91142272949219e-05
2723,4000,908,0.0351428553682425,0.0328850851468053,0.0338385798931186,-0.0293119115194959,0.099597622255981,1,682.014674663544,7.53402709960938e-05
2724,1000,909,0.029328901429297,0.0669284189688937,0.0668140764772828,-0.101850799749735,0.160508602608329,1,146.331696987152,6.77108764648438e-05
2725,2000,909,0.00307208732982955,0.0465403699903201,0.046766604246174,-0.0881470378511979,0.094291212510857,1,434.747126340866,8.44001770019531e-05
2726,4000,909,-0.0408947758044798,0.032552657853532,0.0327845503428531,-0.104697985197403,0.0229084335884429,1,444.809086084366,6.46114349365234e-05
2727,1000,910,-0.02260798862448,0.065588338439609,0.0675354699398287,-0.151161131966114,0.105945154717154,1,213.96360373497,8.17775726318359e-05
2728,2000,910,0.0603931178939092,0.047137243579308,0.0483451068142134,-0.0319958795215345,0.152782115309353,1,394.79293513298,8.15391540527344e-05
2729,4000,910,0.0552725346026318,0.0333363343412609,0.0335179337681302,-0.0100666807062395,0.120611749911503,1,674.619480371475,0.000107765197753906
272,4000,91,-0.0289924748910899,0.0335792908283232,0.0346431825181963,-0.0948078849146033,0.0368229351324235,1,465.161016225815,7.2479248046875e-05
2730,1000,911,0.0343949810943653,0.0692628027577546,0.0644217389778425,-0.101360112310834,0.170150074499564,1,205.101678609848,6.93798065185547e-05
2731,2000,911,0.0438889577348144,0.0463029368499591,0.045755551243088,-0.0468647984911054,0.134642713960734,1,446.479677677155,9.58442687988281e-05
2732,4000,911,-0.041299219374755,0.0341360003237786,0.0344149553695707,-0.108205780009361,0.025607341259851,1,480.424615621567,7.67707824707031e-05
2733,1000,912,0.00725858647946973,0.069115752894956,0.0677137159799405,-0.128208289194644,0.142725462153583,1,157.555737257004,5.55515289306641e-05
2734,2000,912,-0.0126743097869242,0.0469484404450392,0.0471580213307868,-0.104693253059201,0.0793446334853527,1,312.732943296432,6.19888305664062e-05
2735,4000,912,0.0113648377995075,0.0331597162645442,0.0337956252943094,-0.0536282060789992,0.0763578816780141,1,630.054499387741,5.69820404052734e-05
2736,1000,913,0.107827123317285,0.0674999300422854,0.067258240379941,-0.0244727395655948,0.240126986200164,1,101.983724594116,4.10079956054688e-05
2737,2000,913,-0.0685490722289037,0.0464039832914207,0.0475328028159753,-0.159500879480088,0.0224027350222809,1,276.500514745712,8.05854797363281e-05
2738,4000,913,-0.031748231485093,0.0328777940598912,0.0334231280950999,-0.0961887078424797,0.0326922448722937,1,506.454632520676,7.86781311035156e-05
2739,1000,914,0.0328102420286339,0.0685771064461085,0.0691545782298959,-0.101600886605739,0.167221370663006,1,138.789501667023,6.65187835693359e-05
273,1000,92,0.128369147608145,0.0670123346804745,0.0653962330318668,-0.00297502836558527,0.259713323581875,1,132.134985208511,5.93662261962891e-05
2740,2000,914,0.00548531889135046,0.0469106560840117,0.0484024371837285,-0.0864595670333124,0.0974302048160133,1,397.800263881683,8.72611999511719e-05
2741,4000,914,0.0236781367926702,0.0330371154548932,0.0335576071212081,-0.0410746094989205,0.0884308830842609,1,627.004005908966,5.79357147216797e-05
2742,1000,915,-0.0420236959416263,0.0664310602248166,0.0653893812953508,-0.172228573982267,0.0881811820990143,1,98.0930256843567,4.50611114501953e-05
2743,2000,915,-7.61654495218614e-05,0.0466614477675444,0.0486384787801395,-0.0915326030739088,0.0913802721748651,1,223.855524301529,5.22136688232422e-05
2744,4000,915,-0.0415299802432489,0.0327925218057079,0.0337386054961632,-0.105803322982436,0.0227433624959386,1,441.563682794571,6.65187835693359e-05
2745,1000,916,0.143630698162197,0.0673383874870415,0.0659569103489144,0.011647458687596,0.275613937636799,0,101.851800918579,4.48226928710938e-05
2746,2000,916,-0.0263716762563658,0.0461335360968589,0.0459602758846313,-0.116793407006209,0.0640500544934777,1,214.60107088089,6.24656677246094e-05
2747,4000,916,-0.0089235048493545,0.0332965426815331,0.0336699590830206,-0.0741847285051593,0.0563377188064503,1,670.536546468735,8.51154327392578e-05
2748,1000,917,-0.0340142398916569,0.066274267509502,0.0643008608652998,-0.163911804210281,0.095883324426967,1,185.237041711807,4.91142272949219e-05
2749,2000,917,-0.0386461896579417,0.0459306291512195,0.0460889566007927,-0.128670222794332,0.0513778434784486,1,204.330013990402,6.46114349365234e-05
274,2000,92,0.032425394024786,0.0469734809838355,0.048353801916665,-0.0596426287035317,0.124493416753104,1,213.45544552803,5.22136688232422e-05
2750,4000,917,0.0362127889502048,0.0338584313753751,0.0342027055978016,-0.0301497365455304,0.10257531444594,1,829.127512693405,9.41753387451172e-05
2751,1000,918,0.0600568909874102,0.0668664726887482,0.0693651413379934,-0.0710013954825362,0.191115177457357,1,193.077650308609,0.000114917755126953
2752,2000,918,-0.0383632155616748,0.0486416064969181,0.0485273632610836,-0.133700764295634,0.0569743331722846,1,367.583349227905,8.94069671630859e-05
2753,4000,918,0.0238878856335682,0.0336766643178943,0.0338436819796093,-0.0421183764295046,0.0898941476966409,1,787.979089736938,8.46385955810547e-05
2754,1000,919,0.050218105014447,0.072373728757752,0.0728880802197301,-0.091634403350747,0.192070613379641,1,107.22009563446,4.76837158203125e-05
2755,2000,919,-0.0081737143534306,0.0472072347311076,0.0469900563887477,-0.100699894426401,0.0843524657195402,1,209.099274873734,5.62667846679688e-05
2756,4000,919,0.066057228566821,0.0338387554905962,0.0343607458166892,-0.000266732194747613,0.13238118932839,1,860.748388767242,6.27040863037109e-05
2757,1000,920,0.0446303312882383,0.066152134421756,0.06694155871513,-0.0850278521784035,0.17428851475488,1,152.015606641769,5.24520874023438e-05
2758,2000,920,0.0488112987367334,0.0468333013142776,0.0449440859044263,-0.0429819718392507,0.140604569312718,1,280.573167800903,6.27040863037109e-05
2759,4000,920,0.0341563999013483,0.0326933574802439,0.0336139537953214,-0.0299225807599296,0.0982353805626263,1,882.442657709122,0.000100374221801758
275,4000,92,0.00764182221211432,0.0331142827407911,0.0330406037930305,-0.0572621719598362,0.0725458163840648,1,604.776327848434,6.41345977783203e-05
2760,1000,921,-0.0269041715046727,0.0685807079057776,0.0677919091795612,-0.161322358999997,0.107514015990651,1,136.404623270035,4.91142272949219e-05
2761,2000,921,-0.0128169763407453,0.0468460727756922,0.0469684981733589,-0.104635278981102,0.0790013262996114,1,216.257256507874,6.62803649902344e-05
2762,4000,921,-0.0154014005333845,0.0325196230742458,0.0331738946831807,-0.0791398617589062,0.0483370606921373,1,941.668607473373,0.000103235244750977
2763,1000,922,-0.0666665843726833,0.069317335358838,0.065868294024738,-0.202528561676006,0.0691953929306392,1,198.717995166779,6.46114349365234e-05
2764,2000,922,0.038694168624307,0.046313166734896,0.0475443859446435,-0.0520796381760891,0.129467975424703,1,302.553178071976,7.67707824707031e-05
2765,4000,922,0.0183884549680351,0.0335104218246225,0.0342365616495962,-0.0472919718082249,0.0840688817442952,1,627.734369039536,7.89165496826172e-05
2766,1000,923,-0.0172376372443059,0.0646265957344684,0.0658931230462938,-0.143905764883864,0.109430490395252,1,206.957826852798,7.48634338378906e-05
2767,2000,923,-0.0277458312930622,0.0470963153211716,0.0456620583298181,-0.120054609322559,0.0645629467364341,1,206.421689987183,8.08238983154297e-05
2768,4000,923,-0.0594171306650224,0.0340092549297208,0.0340448960079432,-0.126075270327275,0.00724100899723046,1,680.220990180969,0.000104188919067383
2769,1000,924,0.0132070166299022,0.0709682557039258,0.0724903947225735,-0.125890764549792,0.152304797809597,1,100.438878059387,6.03199005126953e-05
276,1000,93,-0.0571947868622202,0.0689911178234243,0.0670469447117884,-0.192417377796132,0.0780278040716914,1,136.623474359512,5.19752502441406e-05
2770,2000,924,0.00957867622415223,0.0470345961322943,0.0468271269558205,-0.0826091321951445,0.101766484643449,1,220.911298036575,7.12871551513672e-05
2771,4000,924,0.0487078947264614,0.0321651261401451,0.0334669381772966,-0.014335752508223,0.111751541961146,1,476.62912106514,7.03334808349609e-05
2772,1000,925,0.0623538447633498,0.0700288467629019,0.0692096021583495,-0.0749026948919379,0.199610384418637,1,152.310436964035,5.43594360351562e-05
2773,2000,925,0.000224328081391489,0.0472412818257976,0.0482359293776984,-0.0923685842971718,0.0928172404599548,1,313.76823425293,7.65323638916016e-05
2774,4000,925,0.0235882052153414,0.0336724733308535,0.033910336442631,-0.0424098425131315,0.0895862529438143,1,512.146441698074,5.91278076171875e-05
2775,1000,926,-0.0481581384124278,0.0691775822172024,0.067431398128267,-0.183746199558144,0.0874299227332888,1,150.266047716141,9.94205474853516e-05
2776,2000,926,-0.00174752276311596,0.0476633268064217,0.0464642879442813,-0.0951676433037024,0.0916725977774705,1,298.19290471077,6.89029693603516e-05
2777,4000,926,-0.00842819143419513,0.0329179701415822,0.0339686642292579,-0.0729474129116962,0.056091030043306,1,367.754906892776,5.69820404052734e-05
2778,1000,927,0.0486720241933506,0.0730748394430065,0.0695346770118459,-0.0945546611149422,0.191898709501643,1,104.810623645782,6.67572021484375e-05
2779,2000,927,-0.0688044267839735,0.0461312963158734,0.0476028941097032,-0.159221767563085,0.0216129139951383,1,304.971404790878,9.60826873779297e-05
277,2000,93,0.00878050407900469,0.0470673114872838,0.0462252187574338,-0.0834714264360715,0.101032434594081,1,378.8377597332,8.29696655273438e-05
2780,4000,927,0.0120174216813165,0.0329869899259114,0.033624927579919,-0.0526370785734698,0.0766719219361029,1,504.635016679764,8.63075256347656e-05
2781,1000,928,-0.0624037921020452,0.0677042831465963,0.0663745121975718,-0.195104187069374,0.0702966028652835,1,103.538274526596,4.22000885009766e-05
2782,2000,928,0.0134214495325526,0.0460570925270818,0.0453548141150235,-0.0768504518205277,0.103693350885633,1,368.174088478088,0.00010371208190918
2783,4000,928,0.00776947021837079,0.0330399557663057,0.0337883264525297,-0.0569888430835885,0.0725277835203301,1,979.969295978546,9.96589660644531e-05
2784,1000,929,0.0133815468451265,0.069136654671499,0.0715332405152149,-0.122126296311012,0.148889390001264,1,102.837856054306,4.00543212890625e-05
2785,2000,929,0.0574601040011172,0.0455707429084252,0.0467462277565215,-0.0318585520993961,0.146778760101631,1,381.380273342133,7.67707824707031e-05
2786,4000,929,0.0591701150687566,0.0330526514480035,0.0333595935075158,-0.00561308176933036,0.123953311906844,1,969.033840894699,9.77516174316406e-05
2787,1000,930,0.106180858972208,0.0676837854439785,0.0692896683934902,-0.0264793604979902,0.238841078442405,1,214.174156904221,9.01222229003906e-05
2788,2000,930,0.0568607452993838,0.0472239279118037,0.0483348647328848,-0.0356981534077515,0.149419644006519,1,289.28814125061,5.48362731933594e-05
2789,4000,930,0.00691319516181415,0.0332999078839801,0.0341858265009521,-0.0583546242907868,0.0721810146144151,1,701.372811555862,0.000126838684082031
278,4000,93,-0.00328906147076959,0.0333621408115056,0.0334656309552161,-0.0686788574613206,0.0621007345197815,1,620.269620656967,7.15255737304688e-05
2790,1000,931,0.129492990534837,0.0710341682107045,0.0679186379746367,-0.00973397915814347,0.268719960227818,1,218.410833358765,8.70227813720703e-05
2791,2000,931,0.0675623293840559,0.0463500400426024,0.0474426126872516,-0.0232837490994447,0.158408407867557,1,213.656945228577,7.89165496826172e-05
2792,4000,931,-0.0279338652565875,0.0333463249561469,0.0340897981987085,-0.0932926621706355,0.0374249316574605,1,510.339498758316,7.10487365722656e-05
2793,1000,932,-0.0319336335744847,0.0682522747933748,0.0674124232714405,-0.165708092169499,0.10184082502053,1,105.139922142029,8.392333984375e-05
2794,2000,932,-0.00989285367389062,0.0467975636430853,0.0463989069610089,-0.101616078414338,0.0818303710665566,1,225.455279588699,7.20024108886719e-05
2795,4000,932,-0.0294438419028097,0.0323282937729955,0.0329111087360313,-0.0928072976978809,0.0339196138922615,1,462.839946746826,0.000102043151855469
2796,1000,933,-0.0506964520549814,0.0654764386058494,0.0648968226519133,-0.179030271722446,0.0776373676124833,1,140.918617963791,4.64916229248047e-05
2797,2000,933,0.0140255258574097,0.0479823394563185,0.0471637654403386,-0.0800198594769744,0.108070911191794,1,199.445783138275,5.65052032470703e-05
2798,4000,933,-0.0769607586193404,0.032865356909508,0.0335271189103979,-0.141376858161976,-0.0125446590767046,0,442.671362876892,6.96182250976562e-05
2799,1000,934,-0.0278201145542749,0.064684587440085,0.0651511982463486,-0.154601905936842,0.0989616768282917,1,108.586728334427,5.69820404052734e-05
279,1000,94,0.0127327853593212,0.0660877880792989,0.0655013806460734,-0.116799279276105,0.142264849994747,1,107.73544383049,5.00679016113281e-05
27,1000,10,-0.00512227845065598,0.0671318250424327,0.0651580712746862,-0.136700655533824,0.126456098632512,1,170.085203886032,6.17504119873047e-05
2800,2000,934,-0.0372528053206798,0.0469255528022969,0.0471648636174483,-0.129226888813182,0.0547212781718221,1,291.155685424805,8.65459442138672e-05
2801,4000,934,-0.0259234048663362,0.0332393630567575,0.0333077760326336,-0.0910725564575809,0.0392257467249084,1,479.372231960297,5.17368316650391e-05
2802,1000,935,0.0527624583806542,0.06671064759287,0.0650227881543717,-0.077990410901371,0.183515327662679,1,138.204565525055,6.81877136230469e-05
2803,2000,935,0.00823114953155548,0.0461415413281192,0.0456014231101891,-0.0822062714715581,0.098668570534669,1,281.084809064865,5.00679016113281e-05
2804,4000,935,0.0509420711585539,0.0337338922636835,0.0336837664087466,-0.0151763576782658,0.117060499995374,1,608.264385938644,8.27312469482422e-05
2805,1000,936,0.00545489943095932,0.0658455792710103,0.0659934496262245,-0.123602435940221,0.13451223480214,1,207.809097528458,8.32080841064453e-05
2806,2000,936,-0.026504066536341,0.0467326226239941,0.0473942581597213,-0.118100006879369,0.0650918738066874,1,313.897992372513,8.22544097900391e-05
2807,4000,936,0.00146900880450737,0.0326157904121581,0.0333951772709415,-0.0624579404033225,0.0653959580123372,1,985.119610309601,9.48905944824219e-05
2808,1000,937,0.0660943891066726,0.0652672754702704,0.0673211226640864,-0.0618294708150573,0.194018249028403,1,140.864907264709,4.64916229248047e-05
2809,2000,937,-0.0156136094077303,0.047126786568965,0.0482954056127918,-0.107982111082902,0.0767548922674412,1,299.11412858963,7.93933868408203e-05
280,2000,94,0.0319683910214946,0.0466716126420112,0.0481948288017009,-0.0595079697568473,0.123444751799837,1,276.148103952408,6.72340393066406e-05
2810,4000,937,-0.0131149055629259,0.0322706120550561,0.0325577461953899,-0.0763653051908358,0.050135494064984,1,464.501129388809,7.41481781005859e-05
2811,1000,938,0.0493652687281281,0.0695876841470623,0.0676252325825269,-0.0870265922001141,0.18575712965637,1,156.391416311264,5.67436218261719e-05
2812,2000,938,0.0571961811689854,0.0465910992392381,0.0462503376197422,-0.0341223733399212,0.148514735677892,1,283.060697793961,7.58171081542969e-05
2813,4000,938,-0.00022429342627493,0.032015162340057,0.0330746358325643,-0.0629740116127866,0.0625254247602367,1,600.160713434219,0.000115871429443359
2814,1000,939,0.00709026623738917,0.0686379197337131,0.0653169032350059,-0.127440056440688,0.141620588915467,1,96.9770531654358,4.91142272949219e-05
2815,2000,939,-0.107419709915078,0.0494763931990489,0.0492402613387807,-0.204393440585214,-0.0104459792449419,0,215.652306079865,8.10623168945312e-05
2816,4000,939,-0.0285560080213333,0.0334794301642238,0.033624889894834,-0.094175691143212,0.0370636751005453,1,476.748373746872,0.000108003616333008
2817,1000,940,0.0442210238772792,0.0677263531880443,0.0680292077532796,-0.0885226283712876,0.176964676125846,1,104.610154628754,4.81605529785156e-05
2818,2000,940,0.0331842013105581,0.0475475616437854,0.047839918834627,-0.0600090195112614,0.126377422132378,1,205.57003569603,6.38961791992188e-05
2819,4000,940,-0.0495200905135237,0.0331826516388286,0.0331627787816576,-0.114558087725628,0.0155179066985803,1,682.65901017189,7.86781311035156e-05
281,4000,94,-0.00229923408173369,0.0331572474896223,0.0329228938632869,-0.0672874391613934,0.062688970997926,1,480.53429889679,7.27176666259766e-05
2820,1000,941,0.0164065380760372,0.0736936478221239,0.0713696009057556,-0.128033011655325,0.1608460878074,1,104.001291275024,4.9591064453125e-05
2821,2000,941,0.0629191734356619,0.0465808491624654,0.0481401113524102,-0.0283792909227703,0.154217637794094,1,209.629333734512,5.65052032470703e-05
2822,4000,941,-0.0319835564561531,0.0338567560584307,0.033816596649388,-0.0983427983306772,0.034375685418371,1,825.481507778168,8.70227813720703e-05
2823,1000,942,-0.00795944577754907,0.0709875218405391,0.0690952493633563,-0.147094988585006,0.131176097029908,1,144.473780870438,7.65323638916016e-05
2824,2000,942,0.00479878673340492,0.0493791744169749,0.0487833381864589,-0.0919843951238659,0.101581968590676,1,212.019702196121,4.93526458740234e-05
2825,4000,942,-0.0162651763497371,0.0331037749176427,0.0339210171776616,-0.0811485751883168,0.0486182224888426,1,453.283799886703,9.13143157958984e-05
2826,1000,943,0.034305721885005,0.0657916517341962,0.0656717413500493,-0.0946459155140195,0.16325735928403,1,103.919106483459,5.65052032470703e-05
2827,2000,943,-0.00237607418932048,0.0481786426587628,0.0476158297654757,-0.0968062138004956,0.0920540654218546,1,227.250636577606,5.57899475097656e-05
2828,4000,943,0.0530334614972525,0.0337930758535758,0.0337636303772839,-0.013200967175756,0.119267890170261,1,441.939025402069,0.000103473663330078
2829,1000,944,0.0622722582074514,0.0679886880387919,0.0658695298907767,-0.0709855703485806,0.195530086763483,1,160.469935417175,6.29425048828125e-05
282,1000,95,0.0620576581475598,0.0644834494545339,0.0665280156649066,-0.0643299027833266,0.188445219078446,1,105.949759960175,4.14848327636719e-05
2830,2000,944,-0.0422877179338582,0.045884426302778,0.0471371801770558,-0.132221193487303,0.0476457576195867,1,312.854303598404,9.20295715332031e-05
2831,4000,944,0.00111512894488245,0.0335675206723109,0.0342445489543316,-0.064677211572847,0.0669074694626119,1,704.299881458282,8.55922698974609e-05
2832,1000,945,0.0675966076762897,0.0669964586363197,0.065801844280444,-0.0637164512508969,0.198909666603476,1,202.653581380844,6.72340393066406e-05
2833,2000,945,-0.00899671908667786,0.0473911406821693,0.0467941295141851,-0.10188335482373,0.083889916650374,1,226.437163591385,5.41210174560547e-05
2834,4000,945,0.0796890762838072,0.0325789454952566,0.0335134569002219,0.0158343431131042,0.14354380945451,0,515.169150114059,7.74860382080078e-05
2835,1000,946,0.0427228849350082,0.0695411710423629,0.0678628154791468,-0.093577810308023,0.179023580178039,1,137.004189014435,0.000102043151855469
2836,2000,946,-0.0491134570509708,0.048164964980925,0.0468702983653085,-0.143516788413584,0.0452898743116422,1,224.001810073853,9.27448272705078e-05
2837,4000,946,0.0573189315332157,0.033224569122026,0.0341309495821879,-0.00780122394595533,0.122439087012387,1,496.205637454987,7.20024108886719e-05
2838,1000,947,0.147948133005415,0.0674185009567861,0.0665307449832425,0.0158078711301146,0.280088394880716,0,220.206611156464,8.67843627929688e-05
2839,2000,947,0.0736889543400271,0.0470409541713484,0.0482314990298042,-0.0185113158358158,0.16588922451587,1,368.272354125977,7.74860382080078e-05
283,2000,95,-0.0525839557880596,0.048238556337533,0.048192664255198,-0.147131526209624,0.0419636146335051,1,211.488160133362,6.93798065185547e-05
2840,4000,947,0.0109571546197597,0.0336035438120357,0.0332489882718814,-0.0549057912518302,0.0768201004913496,1,936.832899570465,9.918212890625e-05
2841,1000,948,0.0279387964856111,0.0704739155624018,0.0703199964038834,-0.110190078016697,0.166067670987919,1,219.208714962006,6.65187835693359e-05
2843,4000,948,-0.00158994807485128,0.0331840801832177,0.03380139546382,-0.0666307452339579,0.0634508490842553,1,686.781741142273,0.000104904174804688
2844,1000,949,0.121653794761238,0.0705994561255956,0.0720157880404006,-0.0167211392449298,0.260028728767405,1,98.9462261199951,7.10487365722656e-05
2845,2000,949,-0.00484641429853188,0.0458158749394886,0.0457366365290674,-0.0946455291799295,0.0849527005828658,1,201.2614839077,5.86509704589844e-05
2846,4000,949,-0.0200869187966151,0.0334527690893169,0.0337840825256786,-0.0856543462116762,0.045480508618446,1,982.61594080925,8.86917114257812e-05
2847,1000,950,0.102741738538485,0.0642747476823432,0.0645953225648416,-0.0232367669189074,0.228720243995878,1,311.71786904335,0.000109434127807617
2848,2000,950,0.00236187262398931,0.0473165478340577,0.0480761179363946,-0.0903785611307638,0.0951023063787424,1,411.860815286636,8.15391540527344e-05
2849,4000,950,-0.0534109316365732,0.0320688010430084,0.0324736732347367,-0.11626578168087,0.00944391840772323,1,473.169933319092,7.43865966796875e-05
284,4000,95,0.0100153118885629,0.031917823211278,0.0328057152456776,-0.052543621605542,0.0725742453826678,1,514.290982484818,7.05718994140625e-05
2850,1000,951,0.0763507844568153,0.0684601970116308,0.0647600548195254,-0.057831201685981,0.210532770599612,1,141.93824338913,6.07967376708984e-05
2851,2000,951,-0.0373675452908679,0.0476448229137097,0.0484489267263922,-0.130751398201739,0.0560163076200031,1,223.989737033844,5.55515289306641e-05
2852,4000,951,0.0537056273204983,0.0334276444331846,0.0342344972120356,-0.0118125557685435,0.11922381040954,1,481.483874082565,7.20024108886719e-05
2853,1000,952,0.0107620999754681,0.0631311575253424,0.0630287436773062,-0.112974968774203,0.134499168725139,1,206.252258300781,0.0001068115234375
2854,2000,952,-0.0954446085198372,0.0469929050184448,0.0478947928454359,-0.187550702355989,-0.00333851468368543,0,201.724931001663,5.10215759277344e-05
2855,4000,952,-0.000567903892308617,0.0335138734115427,0.0342097242880516,-0.0662550957789323,0.0651192879943151,1,802.15595459938,6.50882720947266e-05
2856,1000,953,-0.124319818641148,0.0706027732779138,0.0701913510702388,-0.262701254265859,0.0140616169835632,1,110.321346759796,5.81741333007812e-05
2857,2000,953,0.0396391055275706,0.0473100921688841,0.0468320345635317,-0.0530886751234423,0.132366886178584,1,213.767142295837,7.67707824707031e-05
2858,4000,953,-0.0167519099361646,0.0332264147893363,0.034173490066002,-0.0818756829232638,0.0483718630509345,1,505.040171146393,8.10623168945312e-05
2859,1000,954,-0.0298148043485046,0.067978586043545,0.0697691386223011,-0.163052832993853,0.103423224296844,1,149.434017658234,6.60419464111328e-05
285,1000,96,-0.0266790042932468,0.0701408194937242,0.0697441582273401,-0.164155010500946,0.110797001914453,1,101.910139322281,4.29153442382812e-05
2860,2000,954,-0.0234805863230239,0.0487928333081213,0.0481690792072808,-0.119114539606942,0.0721533669608939,1,209.727482795715,4.74452972412109e-05
2861,4000,954,-0.0854583691926736,0.0317620886655022,0.0328104251219204,-0.147712062977058,-0.0232046754082893,0,949.744272708893,9.67979431152344e-05
2862,1000,955,-0.0532445840909152,0.0660888371904081,0.0659434065604234,-0.182778704984115,0.0762895368022846,1,133.26981139183,5.19752502441406e-05
2863,2000,955,0.0152765042348541,0.0485170141632902,0.050877391432536,-0.0798168435251947,0.110369851994903,1,263.668200731277,8.10623168945312e-05
2864,4000,955,0.0104977804079089,0.0326078213860531,0.0335354754029015,-0.0534135495087551,0.0744091103245729,1,657.458646297455,8.70227813720703e-05
2865,1000,956,0.0129365699792096,0.0685928267500066,0.0672034108507477,-0.121505370450803,0.147378510409223,1,210.873064994812,9.17911529541016e-05
2866,2000,956,-0.0791189205237037,0.048293187362656,0.0481014121512097,-0.173773567754509,0.0155357267071019,1,207.712336063385,5.84125518798828e-05
2867,4000,956,-0.0574712865488427,0.0334027015481021,0.0336301873438566,-0.122940581583123,0.00799800848543744,1,700.265969514847,7.96318054199219e-05
2868,1000,957,0.0218912160322777,0.0661226160059655,0.0653984199816059,-0.107709111339415,0.15149154340397,1,190.15286898613,7.67707824707031e-05
2869,2000,957,-0.0398498124952534,0.0482209601306558,0.047303931141993,-0.134362894351339,0.0546632693608321,1,217.20178103447,5.76972961425781e-05
286,2000,96,-0.0939316037819129,0.0462423228566483,0.0469668166943743,-0.184566556580944,-0.00329665098288218,0,205.458890914917,6.79492950439453e-05
2870,4000,957,0.013091077354853,0.0334001643062186,0.033422268141965,-0.0523732446853356,0.0785553993950415,1,916.239764213562,9.01222229003906e-05
2871,1000,958,0.0166181022211607,0.0666263975900194,0.0667436716565396,-0.113969637055277,0.147205841497599,1,95.1799499988556,8.36849212646484e-05
2872,2000,958,0.0828744636034724,0.0457987171937423,0.0467502837657792,-0.00689102209626247,0.172639949303207,1,445.854685544968,8.48770141601562e-05
2873,4000,958,-0.0436666826490252,0.0339153513500874,0.0339323051399041,-0.110140771295196,0.0228074059971461,1,1369.9519405365,0.000113964080810547
2874,1000,959,-0.0835161092153964,0.0657142735587155,0.0669125933577873,-0.212316085390479,0.045283866959686,1,141.937688350677,6.43730163574219e-05
2875,2000,959,0.10696887194013,0.0460205466720315,0.0468762513834025,0.0167686004629486,0.197169143417312,0,269.883763074875,6.34193420410156e-05
2876,4000,959,-0.00805788273916957,0.0334460653719735,0.0339243177179415,-0.0736121708682377,0.0574964053898985,1,491.598262310028,5.60283660888672e-05
2877,1000,960,0.0571298727503468,0.0696464761654241,0.0682288728015431,-0.0793772205338844,0.193636966034578,1,108.044764757156,6.91413879394531e-05
2878,2000,960,-0.0489700039409657,0.0464747800625401,0.04690228082213,-0.140060572863544,0.0421205649816129,1,209.153410196304,4.45842742919922e-05
2879,4000,960,-0.0570575200101007,0.0330587337569333,0.0340443711343099,-0.12185263817369,0.00773759815348852,1,671.720189332962,8.7738037109375e-05
287,4000,96,-0.0333449514020766,0.0335962217195433,0.0339528271528927,-0.0991935459723814,0.0325036431682282,1,483.807303667068,0.000104188919067383
2880,1000,961,-0.0230567387974059,0.0706893096703715,0.0690843918734744,-0.161607785751334,0.115494308156522,1,152.715429782867,4.83989715576172e-05
2881,2000,961,0.0570496532346091,0.0477586291895578,0.0480360233841808,-0.0365572599769241,0.150656566446142,1,220.020508289337,5.29289245605469e-05
2882,4000,961,-0.0299525161321661,0.0329995572993602,0.0334022516840869,-0.0946316484389122,0.0347266161745799,1,474.603296279907,7.58171081542969e-05
2883,1000,962,0.0546587063370891,0.0687260993888055,0.0676644004042112,-0.0800444484649696,0.189361861139148,1,108.735961675644,6.24656677246094e-05
2884,2000,962,-0.133459924873004,0.0465429334164593,0.0466068072522265,-0.224684074369264,-0.042235775376744,0,225.794507265091,6.38961791992188e-05
2885,4000,962,0.0105806754492272,0.0328412101341328,0.0332059987119501,-0.0537880964136731,0.0749494473121275,1,702.480932950974,7.74860382080078e-05
2886,1000,963,-0.0536479203940554,0.0677671630301689,0.0697682324841055,-0.186471559933186,0.0791757191450757,1,109.442847967148,3.71932983398438e-05
2887,2000,963,0.0458297866752448,0.0460872036258554,0.0458418219752585,-0.0445011324314318,0.136160705781921,1,279.498378276825,4.81605529785156e-05
2888,4000,963,0.0291173256119911,0.0335240050290648,0.0329588516843662,-0.036589724244976,0.0948243754689581,1,703.381719827652,6.15119934082031e-05
2889,1000,964,-0.0782950090414377,0.0683189501148815,0.0714816531294602,-0.212200151266605,0.05561013318373,1,138.890330314636,6.103515625e-05
288,1000,97,0.0216507718308137,0.0679092456487155,0.0686430709844201,-0.111451349640669,0.154752893302296,1,109.991678714752,5.55515289306641e-05
2890,2000,964,-0.0273159370744604,0.0480921732000161,0.0480612629005932,-0.121576596546492,0.0669447223975712,1,294.318989276886,5.86509704589844e-05
2891,4000,964,-0.0462317364338406,0.0336313417852526,0.0333372308108348,-0.112149166332936,0.0196856934652545,1,465.970596551895,6.17504119873047e-05
2892,1000,965,-0.0672771913044082,0.0680535237973313,0.0677104687449046,-0.200662097947178,0.0661077153383611,1,106.117161512375,4.67300415039062e-05
2893,2000,965,0.0263992322855215,0.0470243311517815,0.0462853733309243,-0.0657684567719702,0.118566921343013,1,222.538517951965,6.77108764648438e-05
2894,4000,965,-0.0401165268251499,0.0333526931484812,0.0333002572650492,-0.105487805396173,0.0252547517458733,1,702.874968528748,8.84532928466797e-05
2895,1000,966,-0.070559386730577,0.0667481145078275,0.0674542249726396,-0.201385691165919,0.0602669177047649,1,206.92117357254,6.29425048828125e-05
2896,2000,966,-0.101200407683085,0.0487092192048177,0.0486359681184942,-0.196670477324528,-0.00573033804164277,0,202.452175617218,6.62803649902344e-05
2897,4000,966,-0.0685132289016359,0.0337175700708113,0.0340203977191344,-0.134599666240426,-0.00242679156284581,0,817.371433973312,8.79764556884766e-05
2898,1000,967,0.0895535785333552,0.0673292637244564,0.0689873468814108,-0.0424117783665794,0.22151893543329,1,102.918179273605,4.91142272949219e-05
2899,2000,967,0.0385876283943044,0.0468383513797564,0.047494439394067,-0.0532155403100181,0.130390797098627,1,315.283647298813,9.75131988525391e-05
289,2000,97,0.096913020322698,0.0472591786804725,0.0476879975614275,0.00428503010897198,0.189541010536424,0,275.305869102478,4.69684600830078e-05
28,2000,10,0.0277843118984793,0.0466763500397804,0.0470068072918371,-0.0637013341794904,0.119269957976449,1,302.544271469116,8.55922698974609e-05
2900,4000,967,0.0251089851569134,0.0336756221448583,0.0340514081585635,-0.0408952342470088,0.0911132045608356,1,975.136756658554,0.000101327896118164
2901,1000,968,0.0923604907986545,0.069004203551661,0.0671495413715677,-0.042887748162601,0.22760872975991,1,157.016716003418,7.29560852050781e-05
2902,2000,968,0.0665523639127509,0.0468112265039119,0.0468697026986509,-0.0251976400349165,0.158302367860418,1,196.631252288818,5.45978546142578e-05
2903,4000,968,-0.0598214265420482,0.0336486174786647,0.0331859239742029,-0.125772716800231,0.00612986371613466,1,480.891398429871,8.24928283691406e-05
2904,1000,969,0.0174564139201802,0.069387739577781,0.0706806046742155,-0.118543555652271,0.153456383492631,1,156.636037111282,4.93526458740234e-05
2905,2000,969,-0.0325246873975032,0.0471032039822526,0.0457235393533316,-0.124846967202718,0.0597975924077119,1,297.39152598381,6.89029693603516e-05
2906,4000,969,0.0224315560980962,0.0336454848249356,0.0338888995748279,-0.0435135941587776,0.08837670635497,1,962.083482503891,0.00279402732849121
2907,1000,970,-0.0733769107210867,0.0692230420807347,0.0663201425445546,-0.209054073199327,0.0623002517571534,1,147.812121868134,8.15391540527344e-05
2908,2000,970,0.0189655432044779,0.0466498375285416,0.0468200486824073,-0.0724681383514635,0.110399224760419,1,216.017897367477,6.72340393066406e-05
2909,4000,970,-0.0706511553964964,0.0333732258270816,0.0331816275091441,-0.136062678017576,-0.00523963277541656,0,955.027271986008,8.41617584228516e-05
290,4000,97,0.0144788339333304,0.0336843336490173,0.0340514004962108,-0.0515424600187435,0.0805001278854043,1,495.237638235092,5.81741333007812e-05
2910,1000,971,0.0275338534029439,0.0685480352571373,0.0683254454993858,-0.106820295701045,0.161888002506933,1,107.902023077011,5.12599945068359e-05
2911,2000,971,-0.0054120307884636,0.0466142213387175,0.0474728619422842,-0.09677590461235,0.0859518430354228,1,200.801849842072,5.55515289306641e-05
2912,4000,971,-0.0203983787237847,0.034150721792343,0.0338478917310872,-0.0873337934367769,0.0465370359892076,1,688.42039847374,6.74724578857422e-05
2913,1000,972,-0.00166453606595014,0.0685742469714667,0.064790912261832,-0.136070060130025,0.132740987998125,1,95.406672000885,5.05447387695312e-05
2914,2000,972,0.0157418717942898,0.0466103468447326,0.0482346025673109,-0.0756144080213862,0.107098151609966,1,226.300972938538,7.10487365722656e-05
2915,4000,972,-0.00982090777166838,0.0321237061848662,0.0330074123353849,-0.0727833718940061,0.0531415563506693,1,654.983722925186,5.81741333007812e-05
2916,1000,973,0.0150240436098116,0.0657128680123207,0.0650134457885822,-0.113773177694337,0.14382126491396,1,137.632600784302,5.67436218261719e-05
2917,2000,973,0.00314707428641541,0.0448433020201008,0.0454239370306678,-0.0847457976729821,0.0910399462458129,1,428.989176034927,7.84397125244141e-05
2918,4000,973,0.0257334024299473,0.0324522803970454,0.0331882739980692,-0.0378730671482617,0.0893398720081564,1,708.63209605217,0.000107526779174805
2919,1000,974,0.0444040668202811,0.0652997083998927,0.0648979269734647,-0.0835833616435085,0.172391495284071,1,139.306947469711,4.26769256591797e-05
291,1000,98,-0.00795410200241269,0.0651474046562418,0.0652485989501184,-0.135643015128647,0.119734811123821,1,201.283486843109,6.12735748291016e-05
2920,2000,974,-0.0468180551380533,0.0489121663085503,0.047747865484841,-0.142685901102812,0.0490497908267053,1,377.468809127808,7.98702239990234e-05
2921,4000,974,-0.069586202074178,0.0323112943003579,0.0335245640624418,-0.132916338902879,-0.00625606524547662,0,475.558858156204,9.17911529541016e-05
2922,1000,975,0.0424893053938488,0.0687389641658371,0.0677960651812164,-0.0922390643711918,0.177217675158889,1,131.073662281036,4.72068786621094e-05
2923,2000,975,-0.00799073874063274,0.0472931841643916,0.0472495463438573,-0.10068537970284,0.0847039022215748,1,385.633184909821,8.05854797363281e-05
2924,4000,975,-0.0520696855762132,0.0333789983619362,0.0339074020564032,-0.117492522365608,0.0133531512131818,1,759.986886739731,9.32216644287109e-05
2925,1000,976,-0.00552630521326027,0.0657236660846089,0.0659283168526264,-0.134344690739094,0.123292080312573,1,142.133229255676,6.81877136230469e-05
2926,2000,976,0.00938303039513991,0.0465610435778719,0.0456831506375689,-0.0818766150174891,0.100642675807769,1,293.302374124527,4.9591064453125e-05
2927,4000,976,0.00386575442171721,0.0323512183500982,0.0336413035913299,-0.0595426335444753,0.0672741423879097,1,595.397055625916,5.91278076171875e-05
2928,1000,977,0.0522158640192196,0.0623080804355761,0.0635512741758091,-0.0699079736345096,0.174339701672949,1,97.1715505123138,6.65187835693359e-05
2929,2000,977,0.0126663082817185,0.0453358069354601,0.0452319218977094,-0.0761918733117833,0.10152448987522,1,344.901623249054,5.62667846679688e-05
292,2000,98,0.0266686367337729,0.0478771029841457,0.0478791430144719,-0.0671704851151526,0.120507758582698,1,323.15411067009,7.15255737304688e-05
2930,4000,977,-5.27322986755921e-05,0.0336760742385444,0.0336573348643539,-0.0660578378062226,0.0659523732088714,1,473.086408376694,7.10487365722656e-05
2931,1000,978,-0.0573635650029996,0.0667151001617076,0.0639510967505764,-0.188125161319947,0.0733980313139473,1,153.265856266022,4.64916229248047e-05
2932,2000,978,-0.0360348235166304,0.0484474889833654,0.0488897903686749,-0.130991901924027,0.0589222548907658,1,295.87492108345,5.24520874023438e-05
2933,4000,978,0.0375520903315819,0.0332703270737449,0.0337619109340878,-0.0276577507329581,0.102761931396122,1,963.923657655716,0.000104188919067383
2934,1000,979,-0.0605856121946232,0.0754583752433351,0.0658201037325743,-0.20848402767156,0.0873128032823136,1,153.075734853745,7.22408294677734e-05
2935,2000,979,-0.0383788049294907,0.0484253190733144,0.0479310427988334,-0.133292430313187,0.0565348204542056,1,290.871762514114,6.74724578857422e-05
2936,4000,979,0.0646823016995993,0.0330065472035311,0.0332888852258177,-1.05308193216191e-05,0.12937513421852,1,711.030490159988,8.03470611572266e-05
2937,1000,980,-0.0729231449777946,0.0659826838012086,0.0658443021775632,-0.202249205228164,0.0564029152725743,1,147.614896774292,4.64916229248047e-05
2938,2000,980,0.0308555431353878,0.0480541463881153,0.0484851488390883,-0.0633305837853183,0.125041670056094,1,440.583176136017,0.000105619430541992
2939,4000,980,0.0427156656128168,0.0329291514322112,0.0332617924403968,-0.0218254711943171,0.107256802419951,1,630.923957586288,8.17775726318359e-05
293,4000,98,-0.0204688154695071,0.0331823139768328,0.0337705756239934,-0.0855061508640994,0.0445685199250852,1,464.725498199463,7.05718994140625e-05
2940,1000,981,-0.0634582935732896,0.0651374640755205,0.0635304654582652,-0.19112772316131,0.0642111360147306,1,105.252418041229,4.9591064453125e-05
2941,2000,981,-0.0127969149840637,0.0464504390043162,0.0487036716555091,-0.103839775432523,0.078245945464396,1,204.311489105225,5.81741333007812e-05
2942,4000,981,0.104519134917694,0.0328180113891047,0.0334483461095876,0.0401958325950491,0.16884243724034,0,537.944254875183,7.65323638916016e-05
2943,1000,982,-0.0676974071347092,0.0680667041818453,0.0686990382931518,-0.201108147331126,0.0657133330617075,1,96.1940841674805,4.26769256591797e-05
2944,2000,982,-0.0652794954898561,0.0472154492817914,0.0472076396596769,-0.157821776082167,0.0272627851024549,1,300.864196300507,7.86781311035156e-05
2945,4000,982,0.0275646424752817,0.0331492945680631,0.0342717840273983,-0.037407974878122,0.0925372598286853,1,621.540335178375,6.96182250976562e-05
2946,1000,983,0.0465413412714534,0.0684106044311948,0.0658355057753841,-0.0875434434136883,0.180626125956595,1,141.200621604919,6.67572021484375e-05
2947,2000,983,0.0584932326580283,0.0461123545997388,0.0476235657916787,-0.0318869823574598,0.148873447673516,1,449.605868577957,9.29832458496094e-05
2948,4000,983,-0.0378580906849896,0.0333058931671586,0.0342109929557925,-0.103137641292621,0.0274214599226413,1,471.429221391678,0.000103473663330078
2949,1000,984,-0.0371830978603328,0.0649458214821367,0.0647838896114338,-0.164476907965321,0.0901107122446551,1,102.672813653946,4.62532043457031e-05
294,1000,99,0.115370127297451,0.0649732900495299,0.0682047284545791,-0.0119775211996277,0.242717775794529,1,108.314382314682,6.84261322021484e-05
2950,2000,984,0.0577942813681685,0.0475353200609668,0.0474330341146678,-0.0353749459513264,0.150963508687663,1,310.297487020493,5.38825988769531e-05
2951,4000,984,-0.0215913965764493,0.0326419716742449,0.0334548086029745,-0.0855696610579693,0.0423868679050706,1,661.351315021515,0.000100612640380859
2952,1000,985,0.0767024630483565,0.0717020974587983,0.070205371556838,-0.0638336479708882,0.217238574067601,1,102.705077886581,6.19888305664062e-05
2953,2000,985,0.0386479012945408,0.0483835817948437,0.0485899840107772,-0.0561839190233529,0.133479721612435,1,250.173996686935,5.55515289306641e-05
2954,4000,985,-0.0561310429902174,0.033724530427862,0.0339521630301577,-0.122231122628827,0.00996903664839221,1,511.183084487915,5.07831573486328e-05
2955,1000,986,-0.0338213595299501,0.0633865890745772,0.0654196174897907,-0.158059074116121,0.0904163550562212,1,105.278811216354,4.93526458740234e-05
2956,2000,986,0.008123917275886,0.0491535050320151,0.048776092862074,-0.0882169525868637,0.104464787138636,1,283.2575340271,6.74724578857422e-05
2957,4000,986,-0.02100775632684,0.0327899738081065,0.0334246459153178,-0.0852761049907289,0.0432605923370488,1,655.443731069565,6.84261322021484e-05
2958,1000,987,0.0618972805989422,0.0652475804132706,0.0665617566744762,-0.0659879770110682,0.189782538208953,1,103.91150021553,7.27176666259766e-05
2959,2000,987,-0.0473889584894968,0.0470432952172721,0.0474739244534491,-0.13959381711535,0.0448159001363566,1,206.773499488831,6.24656677246094e-05
295,2000,99,-0.0336296906059626,0.048070731877823,0.0482725951564306,-0.127848325086496,0.0605889438745705,1,190.204639196396,6.62803649902344e-05
2961,1000,988,-0.0722420798675795,0.0674458748597945,0.0666492189709086,-0.204435994592777,0.0599518348576179,1,99.2732322216034,5.17368316650391e-05
2962,2000,988,-0.0429789032316079,0.0475384272200553,0.0494713742318262,-0.136154220582916,0.0501964141197006,1,164.900666236877,6.69956207275391e-05
2963,4000,988,0.0014582290991991,0.033302908412136,0.0341967165106319,-0.0638154713885874,0.0667319295869856,1,940.892835617065,8.67843627929688e-05
2964,1000,989,0.0731101810122268,0.0669280838845806,0.0648537659089927,-0.0580688634015512,0.204289225426005,1,146.697041273117,6.43730163574219e-05
2965,2000,989,-0.125138628617632,0.049136129844796,0.0497238753086796,-0.221445443113432,-0.0288318141218318,0,227.65586566925,7.27176666259766e-05
2966,4000,989,-0.00638431733156823,0.033775753383494,0.0336305974007509,-0.0725847939632165,0.05981615930008,1,671.513748407364,0.000100851058959961
2967,1000,990,-0.00725323884240356,0.0699994183817647,0.067677681565417,-0.144452098870662,0.129945621185855,1,151.029945135117,4.45842742919922e-05
2968,2000,990,-0.0216820944846187,0.0473277231458173,0.0474249686299986,-0.114444431850421,0.0710802428811833,1,217.296315431595,7.96318054199219e-05
2969,4000,990,0.0291890401698478,0.0345678581810305,0.0347031319428775,-0.038563961864972,0.0969420422046676,1,971.51082277298,8.53538513183594e-05
296,4000,99,-0.0184382304199402,0.0332088703266423,0.0332749558719647,-0.0835276162601591,0.0466511554202787,1,839.169456720352,8.05854797363281e-05
2970,1000,991,0.137949384375143,0.0653303062050438,0.0701629704894045,0.0099019842132568,0.265996784537029,0,151.239570379257,4.86373901367188e-05
2971,2000,991,0.00133558066898774,0.0467069490996183,0.0477742396244718,-0.0902100395662642,0.0928812009042397,1,390.354744195938,7.46250152587891e-05
2972,4000,991,-0.0293840429302645,0.0343927440827086,0.0338049554798928,-0.0967938213323733,0.0380257354718443,1,442.224540710449,0.000102758407592773
2973,1000,992,-0.0406935395528879,0.0679228541640333,0.0665531151605211,-0.173822333714393,0.0924352546086175,1,106.459047079086,5.69820404052734e-05
2974,2000,992,-0.0121468134408776,0.0446611474360924,0.0443043498791181,-0.0996826624156187,0.0753890355338635,1,206.817531824112,5.41210174560547e-05
2975,4000,992,-0.0577855665139886,0.0340104698771235,0.0339857804861036,-0.124446087473151,0.00887495444517354,1,507.820757627487,5.62667846679688e-05
2976,1000,993,0.0630780757993945,0.0708701907336681,0.0680461442531128,-0.075827498038595,0.201983649637384,1,140.238399505615,5.24520874023438e-05
2977,2000,993,-0.00980353068632574,0.046404812825667,0.0462765608629386,-0.100756963824633,0.0811499024519817,1,393.537771701813,6.89029693603516e-05
2978,4000,993,-0.00300944739109349,0.0334934345315687,0.0334182595041771,-0.0686565790729682,0.0626376842907812,1,969.838147640228,0.00010371208190918
2979,1000,994,0.0551454816027376,0.0676914057180455,0.0674476342384658,-0.0775296736046316,0.187820636810107,1,213.715494155884,7.84397125244141e-05
297,1000,100,0.0623116206823091,0.0680886482272155,0.0659880116733663,-0.0711421298430333,0.195765371207652,1,137.77565407753,4.12464141845703e-05
2980,2000,994,0.0105042870529765,0.0499777186923271,0.0483221648738836,-0.0874520415839846,0.108460615689938,1,464.404595851898,8.03470611572266e-05
2981,4000,994,-0.010256567230234,0.0331144756078508,0.0335572950549139,-0.0751609394216215,0.0546478049611535,1,905.201258420944,8.32080841064453e-05
2982,1000,995,-0.0391829769268949,0.065230228505309,0.0659113112578146,-0.167034224797301,0.0886682709435108,1,108.799297571182,4.48226928710938e-05
2983,2000,995,0.0136315461949262,0.0461665322351693,0.0469454746568736,-0.0768548569860057,0.104117949375858,1,455.243211507797,0.000104188919067383
2984,4000,995,0.0282872530445714,0.032955404333617,0.0333680417156317,-0.0363053394493178,0.0928798455384607,1,946.209152936935,0.000101804733276367
2985,1000,996,-0.055717288203339,0.0680969472935706,0.0650149555319748,-0.189187304898737,0.0777527284920594,1,218.006547451019,8.84532928466797e-05
2986,2000,996,0.0337367390889162,0.0493298772428153,0.0488607340456673,-0.0629498203070017,0.130423298484834,1,455.189361095428,5.22136688232422e-05
2987,4000,996,-0.00976550826992408,0.0332216220086223,0.0336814172972152,-0.0748798874068237,0.0553488708669755,1,710.482120513916,7.46250152587891e-05
2988,1000,997,0.0271564813615335,0.0644572777336453,0.0638400364531574,-0.0991797829964114,0.153492745719478,1,218.939022779465,6.79492950439453e-05
2989,2000,997,0.00409943074301224,0.0463453413201992,0.0469703710570008,-0.0867374382445782,0.0949362997306027,1,316.922144889832,5.81741333007812e-05
298,2000,100,0.0495379629583381,0.047484360965677,0.0482467475171059,-0.0435313845343888,0.142607310451065,1,228.128757953644,6.4849853515625e-05
2990,4000,997,-0.00859615453199887,0.0330439782346907,0.0333254685972083,-0.0733623518719926,0.0561700428079948,1,598.275974035263,8.20159912109375e-05
2991,1000,998,-0.00666549278340426,0.0696489829341853,0.0682926065266723,-0.143177499334408,0.129846513767599,1,106.475289583206,4.67300415039062e-05
2992,2000,998,0.0511281171033222,0.0471106013989188,0.0473447498889452,-0.0412086616385586,0.143464895845203,1,321.418962240219,7.53402709960938e-05
2993,4000,998,-0.0592653959225052,0.0333304188218816,0.0339942452951863,-0.124593016813393,0.0060622249683827,1,471.107204198837,6.50882720947266e-05
2994,1000,999,-0.0952162762152379,0.0672221140185942,0.0701633972504985,-0.226971619691683,0.0365390672612067,1,140.365669727325,4.57763671875e-05
2995,2000,999,0.0174299955185889,0.0490478318411894,0.0477448306653087,-0.0787037548901423,0.11356374592732,1,312.919075012207,9.17911529541016e-05
2996,4000,999,-0.00559554655377005,0.0335617187036335,0.0339359726303504,-0.0713765152128916,0.0601854221053515,1,477.820747852325,6.93798065185547e-05
2997,1000,1000,-0.135361352349232,0.0684829111963495,0.066422765967061,-0.269587858294077,-0.00113484640438744,0,99.2234089374542,4.26769256591797e-05
2998,2000,1000,-0.0541689353721114,0.0464888899177394,0.0482522691421784,-0.145287159610881,0.0369492888666578,1,227.162950277328,5.74588775634766e-05
2999,4000,1000,-0.0384524545034943,0.0331003172336874,0.0336285504073438,-0.103329076281522,0.0264241672745329,1,475.527414798737,8.70227813720703e-05
299,4000,100,0.0493930569688473,0.0325062113534508,0.0331158382478932,-0.0143191172839163,0.113105231221611,1,501.03675866127,6.50882720947266e-05
29,4000,10,0.0275033931120118,0.0333103953387889,0.0336745964457647,-0.0377849817520144,0.092791767976038,1,467.390080213547,9.39369201660156e-05
2,4000,1,0.000820329616545841,0.0333750079029744,0.0347985506627698,-0.064594685873284,0.0662353451063757,1,475.248081445694,7.34329223632812e-05
3000,1000,1001,-0.0294779605615222,0.0710259004619304,0.0713763955262046,-0.168688725466906,0.109732804343861,1,141.25802564621,4.79221343994141e-05
3001,2000,1001,-0.0131579128880505,0.0487862272618579,0.0481223043532897,-0.108778918321292,0.082463092545191,1,320.485491514206,6.60419464111328e-05
3002,4000,1001,0.00917539384375431,0.033289306222956,0.0331827731528638,-0.0560716463532395,0.0744224340407481,1,897.209410190582,8.96453857421875e-05
3003,1000,1002,0.0276807423814329,0.0661612247673473,0.067721745400408,-0.101995258162568,0.157356742925434,1,95.8553886413574,5.24520874023438e-05
3004,2000,1002,-0.0463367020655312,0.0492606684244617,0.0504700804104255,-0.142887612177476,0.0502142080464137,1,253.505703210831,5.07831573486328e-05
3005,4000,1002,0.069018338873077,0.0338702399910309,0.0345451256964522,0.00263266849065655,0.135404009255498,0,481.308568477631,8.58306884765625e-05
3006,1000,1003,0.0586703496511831,0.0654075680763598,0.0660848763091094,-0.0695284837784821,0.186869183080848,1,99.8843755722046,6.31809234619141e-05
3007,2000,1003,-0.0204781700693146,0.0489928398520687,0.0490684109075315,-0.116504136179369,0.0755477960407399,1,213.739525079727,5.76972961425781e-05
3008,4000,1003,0.0154660000892698,0.0331985536025346,0.0329771624095375,-0.0496031649716982,0.0805351651502377,1,445.881879091263,6.03199005126953e-05
3009,1000,1004,0.025244355513262,0.0712139474531394,0.0685761659327427,-0.114334981494891,0.164823692521415,1,95.0509021282196,5.84125518798828e-05
300,1000,101,-0.0900005323769126,0.0663690723093079,0.0658801107583623,-0.220083914103156,0.040082849349331,1,105.287973165512,5.91278076171875e-05
3010,2000,1004,0.0456763508663874,0.0466957600058912,0.0468132592186153,-0.0458473387451593,0.137200040477934,1,322.192527770996,9.72747802734375e-05
3011,4000,1004,-0.0490681392333819,0.0344762110750864,0.0340203057216517,-0.116641512940551,0.0185052344737874,1,950.057992696762,9.13143157958984e-05
3012,1000,1005,0.00359218414979746,0.0721050136507048,0.0684862082943922,-0.137733642605584,0.144918010905179,1,146.09535741806,5.65052032470703e-05
3013,2000,1005,0.0233384193706146,0.0482004530584996,0.0486575185545813,-0.0711344686240447,0.117811307365274,1,223.196435928345,3.93390655517578e-05
3014,4000,1005,0.0812499587764077,0.0336109215740317,0.0346008820084796,0.0153725524913057,0.14712736506151,0,698.419417381287,0.000133514404296875
3015,1000,1006,0.121943583842792,0.0702907994280301,0.0692675707387749,-0.0158263830361472,0.259713550721731,1,148.175090074539,7.48634338378906e-05
3016,2000,1006,0.0364245592625855,0.0478754110378371,0.0472512104885573,-0.0574112463715752,0.130260364896746,1,317.035259246826,0.000106334686279297
3017,4000,1006,-0.0784819137116194,0.0340047864742207,0.033828205081195,-0.145131295201092,-0.0118325322221468,0,462.428029298782,7.65323638916016e-05
3018,1000,1007,0.00499209223026579,0.0700715993415513,0.0691711677940231,-0.132348242479175,0.142332426939706,1,144.10645031929,4.93526458740234e-05
3019,2000,1007,0.0117832323548118,0.0464453080777202,0.047053667523315,-0.0792495714775198,0.102816036187143,1,454.316226005554,8.7738037109375e-05
301,2000,101,-0.0902543141847037,0.0484116864807198,0.0484464845776762,-0.185141219686914,0.00463259131750712,1,202.068675041199,6.27040863037109e-05
3020,4000,1007,0.000401898841179082,0.0339625560979416,0.0339424261368235,-0.0661647111107865,0.0669685087931446,1,460.549546718597,5.88893890380859e-05
3021,1000,1008,-0.00223604013252172,0.0690172189003381,0.0663212042049651,-0.137509789177184,0.133037708912141,1,153.112430810928,4.74452972412109e-05
3022,2000,1008,0.0281753688474135,0.0468483187531725,0.04796658808705,-0.0636473359088046,0.119998073603632,1,286.636050462723,5.26905059814453e-05
3023,4000,1008,0.00519959964031194,0.0341077359101655,0.0346598563480565,-0.0616515627436123,0.0720507620242362,1,483.889454603195,7.58171081542969e-05
3024,1000,1009,-0.00856620320704196,0.0670234276183534,0.0652002988451177,-0.139932121339015,0.122799714924931,1,96.6396272182465,4.38690185546875e-05
3025,2000,1009,0.0130586480596635,0.0491243383807894,0.0483815381208079,-0.0832250551666837,0.109342351286011,1,329.863469362259,5.340576171875e-05
3026,4000,1009,0.0608294641993968,0.0329417691228595,0.0339961566529475,-0.00373640328140787,0.125395331680202,1,477.879143476486,9.29832458496094e-05
3027,1000,1010,-0.0195200720473935,0.064938174760815,0.0632401630841899,-0.146798894578591,0.107758750483804,1,143.872312068939,6.05583190917969e-05
3028,2000,1010,-0.0722449104286458,0.04684252852372,0.0460710068332719,-0.164056266335137,0.0195664454778455,1,209.726764917374,4.33921813964844e-05
3029,4000,1010,0.00954871322566171,0.0324606110092522,0.0335698676831886,-0.0540740843524727,0.0731715108037961,1,680.496355772018,7.84397125244141e-05
302,4000,101,-0.0263240386971741,0.0329038313412237,0.0331615189027496,-0.0908155481259724,0.0381674707316243,1,505.60404253006,6.31809234619141e-05
3030,1000,1011,-0.0296754530797607,0.0661489666799019,0.0656101823147015,-0.159327427772368,0.0999765216128471,1,149.273317575455,6.12735748291016e-05
3031,2000,1011,-0.043449092287946,0.0465559096939957,0.0470437281228876,-0.134698675288178,0.0478004907122857,1,440.370326757431,9.70363616943359e-05
3032,4000,1011,0.0307413428427097,0.0327096023331699,0.032894922665286,-0.0333694777303034,0.0948521634157227,1,573.706530809402,5.74588775634766e-05
3033,1000,1012,-0.00165452430735139,0.0684696484095458,0.0657798109578365,-0.135855035190061,0.132545986575358,1,135.969412326813,6.31809234619141e-05
3034,2000,1012,0.0387977268291997,0.0470821817962123,0.047386616423235,-0.0534833494913764,0.131078803149776,1,208.555860280991,5.12599945068359e-05
3035,4000,1012,0.00405375588561154,0.0335936717781888,0.0337154727792652,-0.0617898407996386,0.0698973525708616,1,640.815607070923,8.20159912109375e-05
3036,1000,1013,-0.0448245133447198,0.0720576332150026,0.0718653872761671,-0.186057474446125,0.0964084477566852,1,153.02858877182,6.15119934082031e-05
3037,2000,1013,0.0215768982536291,0.0479892933888558,0.0484343511261875,-0.0724821167885283,0.115635913295786,1,200.356725692749,6.77108764648438e-05
3038,4000,1013,-0.0159927470867312,0.0325622051022198,0.0333634941088972,-0.0798146690870819,0.0478291749136196,1,470.467458486557,6.62803649902344e-05
3039,1000,1014,0.0885060592996034,0.0682085845292068,0.0649188965123451,-0.045182766377642,0.222194884976849,1,106.792854785919,7.98702239990234e-05
303,1000,102,-0.0354767540327504,0.0708236032170104,0.0686468174394493,-0.174291016338091,0.10333750827259,1,130.931597948074,4.86373901367188e-05
3040,2000,1014,-0.085838232170611,0.0474849908788705,0.0488197069317461,-0.178908814293197,0.00723234995197511,1,217.934829473495,7.43865966796875e-05
3041,4000,1014,0.0757998582101511,0.0332779032600822,0.0332196832051575,0.0105751678203899,0.141024548599912,0,435.461158037186,7.41481781005859e-05
3042,1000,1015,-0.00498351493651847,0.0687406737269876,0.0661729893603797,-0.139715235441414,0.129748205568377,1,108.994393825531,4.26769256591797e-05
3043,2000,1015,0.104455194181085,0.046052230813791,0.0469024758746481,0.0141928217860544,0.194717566576115,0,209.628007888794,7.05718994140625e-05
3044,4000,1015,-0.015401227931003,0.0337412115826662,0.0339937352154746,-0.0815340026330287,0.0507315467710227,1,764.996776819229,0.000123739242553711
3045,1000,1016,0.0977368331164599,0.0650941513743249,0.0656580857975774,-0.029847703577217,0.225321369810137,1,103.668813228607,4.05311584472656e-05
3046,2000,1016,0.0268882894970752,0.0488695027399134,0.0492967819571687,-0.0688959358731551,0.122672514867306,1,316.007817268372,5.53131103515625e-05
3047,4000,1016,-0.0113522971599958,0.0342744039343232,0.0339871798171883,-0.0785301288712692,0.0558255345512777,1,635.541960000992,8.20159912109375e-05
3048,1000,1017,-0.0549243716186942,0.0690634266266449,0.0680183852444156,-0.190288687806918,0.0804399445695299,1,142.425377845764,4.72068786621094e-05
3049,2000,1017,-0.00160508864462245,0.0481814029159916,0.0487352140339502,-0.0960406383599661,0.0928304610707212,1,302.935437679291,5.93662261962891e-05
304,2000,102,-0.0325395541234741,0.0474302681147471,0.0469868895445225,-0.125502879628378,0.0604237713814302,1,216.1366751194,6.34193420410156e-05
3050,4000,1017,0.035687187327318,0.0324539817781841,0.0342285330684092,-0.0279226169579227,0.0992969916125588,1,506.89816904068,6.50882720947266e-05
3051,1000,1018,-0.0559513736441464,0.0737939131626069,0.070775870877321,-0.200587443442856,0.0886846961545631,1,197.16655755043,7.84397125244141e-05
3052,2000,1018,0.0161315188348576,0.0478263686354106,0.0472971122761342,-0.0776081636905472,0.109871201360262,1,215.777816057205,6.103515625e-05
3053,4000,1018,-0.00130952946205655,0.0341673569623608,0.0352432763860433,-0.0682775491082838,0.0656584901841707,1,443.439868450165,7.74860382080078e-05
3054,1000,1019,-0.0578437452480724,0.0661578716479424,0.0689647809416307,-0.18751317367804,0.0718256831818947,1,144.659122467041,5.38825988769531e-05
3055,2000,1019,-0.0713124542199875,0.0503695651122266,0.049045055111043,-0.170036801839952,0.0274118933999766,1,295.024227142334,6.41345977783203e-05
3056,4000,1019,0.0432280815044524,0.0335403941086046,0.034242075045297,-0.0225110909484127,0.108967253957317,1,455.501116752625,7.29560852050781e-05
3057,1000,1020,-0.0502045315406398,0.0675692470895864,0.0696093985943647,-0.182640255836229,0.0822311927549496,1,361.746707439423,0.000122308731079102
3058,2000,1020,0.0612606871098204,0.0490374119905635,0.0493872802854665,-0.0348526403916841,0.157374014611325,1,228.518758296967,6.60419464111328e-05
3059,4000,1020,-0.0432945228058066,0.0341109561998387,0.0336031472845186,-0.11015199695749,0.0235629513458771,1,464.829469442368,5.31673431396484e-05
305,4000,102,-0.0197841144404939,0.0330143305996948,0.0332255893235368,-0.0844922024158957,0.044923973534908,1,761.691110610962,0.000127315521240234
3060,1000,1021,0.115393000453902,0.0667864766926251,0.067460906753165,-0.0155084938636427,0.246294494771448,1,154.936301231384,5.57899475097656e-05
3061,2000,1021,-0.0353812581613108,0.0470366285305472,0.0479190876931077,-0.127573050081183,0.0568105337585616,1,202.761525392532,5.88893890380859e-05
3062,4000,1021,0.0529948605957746,0.0331920393587294,0.0338592658730029,-0.0120615365473351,0.118051257738884,1,957.894000530243,9.48905944824219e-05
3063,1000,1022,-0.0540800374921283,0.068325881685187,0.0686833844162897,-0.187998765595095,0.0798386906108382,1,77.4175679683685,5.57899475097656e-05
3064,2000,1022,-0.0304785008642231,0.0459767577693713,0.0462341811772472,-0.120592946092191,0.0596359443637447,1,203.355056285858,5.22136688232422e-05
3065,4000,1022,-0.00275845506910026,0.0338062911013178,0.0335598546879037,-0.0690187856276831,0.0635018754894826,1,669.969363927841,6.91413879394531e-05
3066,1000,1023,0.0632569077757638,0.0661716594439404,0.0677850893451515,-0.0664395447343595,0.192953360285887,1,134.649661064148,5.00679016113281e-05
3068,4000,1023,0.0190424731964741,0.0329029185525876,0.0336611970073276,-0.0454472471665975,0.0835321935595458,1,633.784050226212,8.03470611572266e-05
3069,1000,1024,0.102972877558943,0.0667089436541394,0.0693137034306587,-0.0277766520031703,0.233722407121056,1,145.616050720215,5.60283660888672e-05
306,1000,103,0.00538078946991633,0.0689729979367361,0.0682541411975853,-0.129806286486086,0.140567865425919,1,106.71014714241,5.65052032470703e-05
3070,2000,1024,0.0123705283610476,0.0476402302232934,0.0473819432224176,-0.0810043228766075,0.105745379598703,1,320.934472560883,5.62667846679688e-05
3071,4000,1024,0.0322136743898005,0.0341953706367749,0.0344633175913723,-0.0348092520582783,0.0992366008378793,1,628.06765294075,6.60419464111328e-05
3072,1000,1025,-0.0537793752842634,0.0662945719759608,0.0658648986825231,-0.183716736357146,0.0761579857886197,1,215.186965465546,8.36849212646484e-05
3073,2000,1025,-0.0528491290862195,0.047481745699386,0.0468722669871686,-0.145913350657016,0.0402150924845771,1,301.769102334976,0.000224590301513672
3074,4000,1025,0.032489020591884,0.0335854662504493,0.0342203200777804,-0.0333384932589965,0.0983165344427646,1,657.173536062241,6.60419464111328e-05
3075,1000,1026,-0.0406703793980098,0.06940903260003,0.0665961025867206,-0.176712083294069,0.0953713244980491,1,100.527324914932,5.26905059814453e-05
3076,2000,1026,-0.0132946307384484,0.0498946053307846,0.0489615262391731,-0.111088057186786,0.0844987957098894,1,304.151552438736,7.27176666259766e-05
3077,4000,1026,0.00999735539739536,0.0327358963589661,0.033294594299261,-0.0541650014661782,0.0741597122609689,1,479.484902381897,8.34465026855469e-05
3078,1000,1027,-0.0129586002287732,0.0680898300100968,0.0676191529133465,-0.146414667048563,0.120497466591017,1,99.0213308334351,4.10079956054688e-05
3079,2000,1027,0.0311691750559623,0.0493928615144713,0.0484655544380654,-0.0656408335124015,0.127979183624326,1,427.605495214462,7.74860382080078e-05
307,2000,103,0.00241150131701243,0.0501383468890725,0.0484748465350476,-0.0958596585855696,0.100682661219594,1,213.010876893997,5.12599945068359e-05
3080,4000,1027,0.0532822175127777,0.0330251243964183,0.033245879254049,-0.0114470263042022,0.118011461329758,1,452.392711162567,8.05854797363281e-05
3081,1000,1028,0.0481643433223547,0.0680315249496432,0.0691522701557013,-0.0851774455789459,0.181506132223655,1,100.54093337059,4.79221343994141e-05
3082,2000,1028,0.00214367515770686,0.04910385041088,0.0472420378375906,-0.0940998716476179,0.0983872219630316,1,198.839331388474,5.67436218261719e-05
3083,4000,1028,-0.0739794826087708,0.0329617978100561,0.033570599739571,-0.138584606316481,-0.00937435890106085,0,461.075312852859,0.000101327896118164
3084,1000,1029,0.0530595534173413,0.0678053927843117,0.066389921655456,-0.0798390164399097,0.185958123274592,1,153.120666027069,7.79628753662109e-05
3085,2000,1029,-0.0111355226831947,0.0469721006090399,0.0485869853026678,-0.103200839876913,0.0809297945105236,1,205.522272586823,5.53131103515625e-05
3086,4000,1029,0.0235581334975546,0.0333630098081857,0.0340771809044046,-0.0418333657264894,0.0889496327215986,1,659.712074041367,8.55922698974609e-05
3087,1000,1030,-0.161386180135474,0.0651903730261512,0.0667739069150721,-0.28915931126673,-0.0336130490042176,0,152.621029376984,0.000116348266601562
3088,2000,1030,0.0477744895466249,0.0477502912332658,0.0475171590952798,-0.0458160812705759,0.141365060363826,1,203.366778373718,5.41210174560547e-05
3089,4000,1030,0.0178623153743901,0.0335118520841607,0.0347369981216073,-0.0478209147105649,0.0835455454593452,1,470.597211122513,8.05854797363281e-05
308,4000,103,0.000947517658847271,0.0330283378403336,0.0334336006576913,-0.0637880245082066,0.0656830598259012,1,505.233038187027,0.000272989273071289
3090,1000,1031,-0.108185490611144,0.0704684969326473,0.0694295703616836,-0.246303744599132,0.029932763376845,1,138.250332355499,5.98430633544922e-05
3091,2000,1031,0.0251193295934169,0.0463240628839587,0.0474364241335264,-0.0656758336591421,0.115914492845976,1,341.751745462418,6.69956207275391e-05
3092,4000,1031,0.0189584412972834,0.0336563662713205,0.0339764222474398,-0.0470080365945047,0.0849249191890715,1,639.089958429337,7.2479248046875e-05
3093,1000,1032,-0.113699940963718,0.067740453082636,0.0679678474968891,-0.246471229005684,0.019071347078249,1,144.007420301437,5.29289245605469e-05
3094,2000,1032,0.0122746782270685,0.0488663245672505,0.0476977265286954,-0.0835033179247425,0.108052674378879,1,295.27145242691,6.79492950439453e-05
3095,4000,1032,-0.0047351777139042,0.0332591654756689,0.0331665987565711,-0.0699231420462153,0.0604527866184069,1,655.884596824646,0.000122785568237305
3096,1000,1033,0.0705126920523868,0.0681754876328567,0.0671798240954379,-0.0631112637080124,0.204136647812786,1,108.960600614548,5.22136688232422e-05
3097,2000,1033,-0.0304967987052663,0.047508224462225,0.0484803369674197,-0.123612918651227,0.0626193212406947,1,424.837817907333,7.34329223632812e-05
3098,4000,1033,-0.0206347038161211,0.0329664671335152,0.0329498136387273,-0.0852489793978109,0.0439795717655686,1,484.179278612137,8.82148742675781e-05
3099,1000,1034,0.100023299960371,0.0658890289436152,0.0684257040317135,-0.029119196769115,0.229165796689857,1,146.107417583466,6.89029693603516e-05
309,1000,104,0.0695288620714918,0.0708983470983714,0.0690858363624009,-0.0694318982413161,0.2084896223843,1,104.541113615036,4.43458557128906e-05
30,1000,11,0.0287434764862464,0.0674227437769392,0.066026689952615,-0.103405101316554,0.160892054289047,1,105.925289869308,4.26769256591797e-05
3100,2000,1034,-0.0213352549110382,0.0486944242300413,0.049141822628878,-0.116776326401919,0.0741058165798428,1,229.949190378189,6.58035278320312e-05
3101,4000,1034,-0.00157938264875554,0.0333661217277988,0.0340554059807057,-0.0669769812352411,0.06381821593773,1,661.183743000031,9.34600830078125e-05
3102,1000,1035,0.0928348146789692,0.0663168441361259,0.0679644225239896,-0.0371461998278376,0.222815829185776,1,79.8092913627625,6.00814819335938e-05
3103,2000,1035,-0.00476826259413324,0.045237264931405,0.0462866925399792,-0.0934333018596871,0.0838967766714206,1,227.585604906082,7.91549682617188e-05
3104,4000,1035,0.0228974781788671,0.0334336136193318,0.0338598645052183,-0.0426324045150232,0.0884273608727575,1,870.353185892105,7.46250152587891e-05
3105,1000,1036,0.00486937772517929,0.0669102855959333,0.0691714495333157,-0.12627478204285,0.136013537493209,1,109.279178380966,6.31809234619141e-05
3106,2000,1036,-0.090123337198554,0.0462334168365214,0.0461510378734874,-0.180740834198136,0.000494159801027821,1,232.172506093979,6.31809234619141e-05
3107,4000,1036,-0.00987465772067687,0.0336169259871011,0.0341275783843626,-0.0757638326553951,0.0560145172140414,1,610.426054954529,8.34465026855469e-05
3108,1000,1037,0.023642117490719,0.0696677294094828,0.0667816687049689,-0.112906632151867,0.160190867133305,1,152.908736228943,8.55922698974609e-05
3109,2000,1037,-0.0461604256841813,0.0460732250667942,0.047774560545801,-0.136463946815098,0.0441430954467353,1,444.700975656509,7.05718994140625e-05
310,2000,104,-0.0276468407661781,0.0489593331995277,0.0479756079471929,-0.123607133837252,0.0683134523048961,1,230.971796989441,7.10487365722656e-05
3110,4000,1037,0.0463918919559586,0.0328579721980251,0.0330454471152757,-0.0180097335521707,0.110793517464088,1,660.990180253983,7.36713409423828e-05
3111,1000,1038,-0.0150883228428247,0.0724877683898934,0.0694617062563371,-0.157164348887016,0.126987703201366,1,99.6816027164459,4.91142272949219e-05
3112,2000,1038,0.00596736779392567,0.0474845381097492,0.0481244851521672,-0.0871023269011827,0.099037062489034,1,225.7777967453,5.12599945068359e-05
3113,4000,1038,-0.0116214043604926,0.0332315897279071,0.0341060256513067,-0.0767553202271905,0.0535125115062054,1,830.734098672867,6.43730163574219e-05
3114,1000,1039,0.0116272075786445,0.0687582478766009,0.0698139886966452,-0.123138958259493,0.146393373416782,1,183.716425657272,8.13007354736328e-05
3115,2000,1039,-0.020043035567242,0.0464889470295029,0.0482757605838255,-0.111161371745068,0.0710753006105837,1,317.263913869858,0.000105381011962891
3116,4000,1039,0.0177532487112616,0.0333450129074484,0.0333561894596492,-0.0476029765873373,0.0831094740098605,1,640.526644229889,7.17639923095703e-05
3117,1000,1040,-0.038800377471036,0.0665012650841403,0.0685846238251395,-0.169142857035951,0.0915421020938789,1,136.237642049789,8.13007354736328e-05
3118,2000,1040,-0.0753625960173989,0.0473618618699237,0.0496021660604576,-0.168191845282449,0.0174666532476516,1,434.57035446167,9.98973846435547e-05
3119,4000,1040,0.00557741484631317,0.0336104712870076,0.0339142974497585,-0.0602991088762218,0.0714539385688481,1,649.9786465168,6.81877136230469e-05
311,4000,104,0.0220184341869349,0.0325996237745617,0.0338900490563169,-0.041876828411206,0.0859136967850758,1,600.406884908676,6.4849853515625e-05
3120,1000,1041,-0.078886807403872,0.0669573269817018,0.0638375606411784,-0.210123168288008,0.0523495534802635,1,149.840968132019,6.62803649902344e-05
3121,2000,1041,0.00182867060354834,0.0496190500186482,0.048555053555948,-0.0954246674330021,0.0990820086400988,1,438.469810009003,7.60555267333984e-05
3122,4000,1041,-0.00977174868935793,0.0336410818377718,0.0332771863171642,-0.0757082690913906,0.0561647717126747,1,451.599182367325,6.62803649902344e-05
3123,1000,1042,0.0259780752638122,0.0650650198682763,0.0670629962837686,-0.101549363678009,0.153505514205634,1,103.95546913147,4.76837158203125e-05
3124,2000,1042,0.0236769030086889,0.0466811224634086,0.0466140700708555,-0.0678180970195919,0.11517190303697,1,281.283753156662,5.57899475097656e-05
3125,4000,1042,-0.0171241013052356,0.0328994960909443,0.0333558876874007,-0.0816071136434865,0.0473589110330153,1,498.678157091141,5.93662261962891e-05
3126,1000,1043,0.00749049070556601,0.0719945297963773,0.0703890636244881,-0.133618787695334,0.148599769106466,1,168.09951877594,6.866455078125e-05
3127,2000,1043,0.0731634857084481,0.0474517056705102,0.0478269717717214,-0.0198418574057519,0.166168828822648,1,302.39568400383,5.74588775634766e-05
3128,4000,1043,0.0135509665760404,0.032409291980053,0.032913870868734,-0.0499712457048634,0.0770731788569443,1,497.271325111389,7.41481781005859e-05
3129,1000,1044,0.0657398806830183,0.0691785623992923,0.0654241933198224,-0.0698501016195946,0.201329862985631,1,143.816842556,4.57763671875e-05
312,1000,105,-0.0470274962471036,0.0677102784921936,0.0649164063734269,-0.179739642091803,0.0856846495975959,1,133.438104152679,5.24520874023438e-05
3130,2000,1044,0.060054288881652,0.0466271941957119,0.0465439363127008,-0.0313350117419433,0.151443589505247,1,306.151140213013,0.000117301940917969
3131,4000,1044,0.00692607230321742,0.0332150295719827,0.0338362863669386,-0.0581753856578686,0.0720275302643035,1,476.170850753784,6.60419464111328e-05
3132,1000,1045,0.0191537492257837,0.0665591266392013,0.0671371189067711,-0.111302138987051,0.149609637438618,1,109.703442335129,5.93662261962891e-05
3133,2000,1045,-0.0111575232420643,0.0461186953365739,0.0458423952143134,-0.101550166101749,0.0792351196176206,1,279.593365907669,6.43730163574219e-05
3134,4000,1045,-0.0078614679174462,0.0336196285304067,0.0341286922789279,-0.0737559398370433,0.0580330040021509,1,695.608241796494,0.000116586685180664
3135,1000,1046,0.0284289297454424,0.0653888976341684,0.0657353563581517,-0.0997333096175276,0.156591169108412,1,107.582557439804,5.12599945068359e-05
3136,2000,1046,0.115633346472259,0.0469151328636456,0.048031586722053,0.0236796860595134,0.207587006885004,0,206.610291004181,3.814697265625e-05
3137,4000,1046,-0.0562598250328102,0.0328564922686214,0.0341915103026856,-0.120658549879308,0.00813889981368777,1,452.063076972961,5.7220458984375e-05
3138,1000,1047,0.00226738643920628,0.0658960832716282,0.0649564354592123,-0.126888936773185,0.131423709651598,1,110.81220126152,4.17232513427734e-05
3139,2000,1047,-0.039714417985865,0.0460346943586002,0.0469258709818409,-0.129942418928721,0.0505135829569913,1,206.916675567627,5.48362731933594e-05
313,2000,105,-0.0559409227165252,0.0463065559216818,0.0479186930194536,-0.146701772323022,0.0348199268899711,1,360.583881616592,7.55786895751953e-05
3140,4000,1047,0.0218888700980341,0.0322642419635473,0.0330045996584744,-0.0413490441505186,0.0851267843465869,1,871.485069036484,6.31809234619141e-05
3141,1000,1048,0.0285659825284959,0.0715783039602849,0.0735253214422255,-0.111727493233663,0.168859458290654,1,96.6676638126373,4.26769256591797e-05
3142,2000,1048,0.0416855293040686,0.0479189464663866,0.0482218431987094,-0.0522356057700491,0.135606664378186,1,246.944519042969,5.14984130859375e-05
3143,4000,1048,-0.00863531192196335,0.0335867670295937,0.034207730910058,-0.0744653752999671,0.0571947514560404,1,445.515950679779,7.79628753662109e-05
3144,1000,1049,-0.0418149338971218,0.0689530752095864,0.0685552687683398,-0.176962961307911,0.0933330935136674,1,104.058757066727,6.41345977783203e-05
3145,2000,1049,-0.0815325583790539,0.0467614724713769,0.0474129626228919,-0.173185044422953,0.0101199276648447,1,297.287775039673,4.81605529785156e-05
3146,4000,1049,0.0492967711158596,0.0332188248630101,0.0333789013984051,-0.0158121256156402,0.114405667847359,1,369.485114574432,5.29289245605469e-05
3147,1000,1050,-0.0888015178029412,0.0710340377676544,0.0695486253468549,-0.228028231827544,0.0504251962216614,1,193.295371055603,4.86373901367188e-05
3148,2000,1050,-0.0999233963406986,0.0475279820439032,0.0481110801937001,-0.193078241146749,-0.00676855153464827,0,216.923261642456,4.79221343994141e-05
3149,4000,1050,-0.0408730767911904,0.0324791648422902,0.0332246871705167,-0.104532239882079,0.0227860862996985,1,665.798067331314,7.31945037841797e-05
314,4000,105,-0.0439015897262969,0.0332963891579001,0.033674825132958,-0.109162512475781,0.0213593330231872,1,721.731204271317,9.13143157958984e-05
3150,1000,1051,0.00703815345171033,0.0698425521399031,0.0630534700778345,-0.1298532487425,0.14392955564592,1,162.078530311584,8.55922698974609e-05
3151,2000,1051,0.103804015510395,0.0469323955327575,0.0474190684767732,0.0118165202661902,0.1957915107546,0,448.870884418488,0.000108480453491211
3152,4000,1051,-0.016098186573729,0.033985217861452,0.0340968867682702,-0.082709213582175,0.050512840434717,1,477.203701972961,7.12871551513672e-05
3153,1000,1052,0.0131699737912405,0.0692952682731262,0.0645373213775799,-0.122648752024087,0.148988699606568,1,147.759600877762,7.51018524169922e-05
3154,2000,1052,-0.0232235834714367,0.0469422542189949,0.0471877063447438,-0.115230401740667,0.0687832347977933,1,321.285727024078,6.29425048828125e-05
3155,4000,1052,-0.0264738230299347,0.0329341493305169,0.033438168845594,-0.0910247557177478,0.0380771096578784,1,464.070824623108,6.96182250976562e-05
3156,1000,1053,0.000149042836547836,0.065940025870992,0.0649937217042954,-0.129093407870596,0.129391493543692,1,135.934504985809,5.67436218261719e-05
3157,2000,1053,0.0637114988165148,0.0496657161514784,0.0496088703400891,-0.0336333048403829,0.161056302473412,1,303.396486520767,0.000120878219604492
3158,4000,1053,0.0147209990472416,0.0343861467587835,0.0349566253989086,-0.0526758485999741,0.0821178466944573,1,799.921565055847,9.51290130615234e-05
3159,1000,1054,0.0340497735126322,0.0686068269298788,0.0675021270936002,-0.10041960726993,0.168519154295195,1,108.180432319641,4.22000885009766e-05
315,1000,106,-0.0102016838168279,0.0688613212062,0.0662623242558158,-0.14516987338098,0.124766505747324,1,135.63306927681,6.77108764648438e-05
3160,2000,1054,-0.106457960932478,0.0472460965633605,0.0478102964343468,-0.199060310196665,-0.0138556116682914,0,211.117445707321,7.20024108886719e-05
3161,4000,1054,-0.00250559488324221,0.0327121713664007,0.0331102168112832,-0.0666214507613875,0.0616102609949031,1,446.153547525406,5.22136688232422e-05
3162,1000,1055,0.016287945586248,0.0684567131780433,0.0705375090950776,-0.117887212242717,0.150463103415213,1,95.3489491939545,5.07831573486328e-05
3163,2000,1055,0.00845214430506228,0.0477296546571079,0.0472073791817364,-0.0850979788228692,0.102002267432994,1,328.507842302322,7.00950622558594e-05
3164,4000,1055,-0.0206466615170285,0.0329666490002201,0.0338730518150151,-0.0852612935574599,0.0439679705234029,1,680.175215959549,0.000101804733276367
3165,1000,1056,0.0274855587911196,0.0722590584005529,0.0693608305934048,-0.114142195673964,0.169113313256203,1,107.392553567886,4.60147857666016e-05
3166,2000,1056,0.0548333001173663,0.0477656906891341,0.0480230492478617,-0.0387874536333364,0.148454053868069,1,283.392802000046,4.86373901367188e-05
3167,4000,1056,0.00949761877670177,0.0331384757670915,0.0339673423362041,-0.0554537937267976,0.0744490312802012,1,704.428712368011,8.17775726318359e-05
3168,1000,1057,-0.0124543940766754,0.0653317947451816,0.0656365668149012,-0.140504711777231,0.115595923623881,1,140.084823846817,6.79492950439453e-05
3169,2000,1057,-0.00973525393100619,0.045900706695291,0.0471444267310902,-0.0997006390537765,0.0802301311917641,1,229.171326160431,6.41345977783203e-05
316,2000,106,-0.0482076159404666,0.0473082084519869,0.0486931477895021,-0.140931704506361,0.0445164726254278,1,277.813381910324,7.39097595214844e-05
3170,4000,1057,-0.0394841072502025,0.0334434991301466,0.0338405165087714,-0.10503336554529,0.0260651510448849,1,686.615361452103,0.000101804733276367
3171,1000,1058,0.0441695872803665,0.0684499725211038,0.0682024963419233,-0.0899923588609969,0.17833153342173,1,107.824541091919,7.17639923095703e-05
3172,2000,1058,0.0679591129743286,0.0491198488354582,0.0465262621304151,-0.0283157907431695,0.164234016691827,1,209.877747058868,6.22272491455078e-05
3174,1000,1059,-0.0131598528328529,0.0649767735792796,0.0651440559402782,-0.140514329048241,0.114194623382535,1,106.488306045532,5.24520874023438e-05
3175,2000,1059,-0.0371592400596592,0.0470803214647765,0.0489575105013534,-0.129436670130621,0.0551181900113026,1,306.538471221924,9.32216644287109e-05
3176,4000,1059,0.0166992760738711,0.0327008873133927,0.033656873544641,-0.0473944630603786,0.0807930152081209,1,865.455454111099,8.86917114257812e-05
3177,1000,1060,-0.00990230961855152,0.0663756021095725,0.0638857473073684,-0.139998489753314,0.120193870516211,1,132.247709751129,6.60419464111328e-05
3178,2000,1060,0.0102143640113246,0.0458954521339377,0.0474192692053483,-0.0797407221711934,0.100169450193843,1,301.472922801971,5.81741333007812e-05
3179,4000,1060,-0.00801495995901544,0.0327038243002439,0.0336183750737405,-0.0721144555874936,0.0560845356694627,1,792.135892391205,6.69956207275391e-05
317,4000,106,0.00561455897399641,0.032266154771235,0.0332862677626812,-0.0576271043776242,0.068856222325617,1,456.71219420433,8.46385955810547e-05
3180,1000,1061,-0.0284451663090077,0.0666656578771634,0.0665755202046294,-0.159109855748248,0.102219523130233,1,198.198622703552,7.41481781005859e-05
3181,2000,1061,-0.0332397045268128,0.0459233213768978,0.0470115318804226,-0.123249414425532,0.0567700053719069,1,441.223211288452,6.4849853515625e-05
3182,4000,1061,0.0544395495983392,0.0337808467839085,0.0343886368352773,-0.0117709100981213,0.1206500092948,1,694.751228094101,0.000100374221801758
3183,1000,1062,-0.107707836970687,0.0686217928597515,0.0683894038155644,-0.2422065509758,0.0267908770344258,1,213.616014480591,7.36713409423828e-05
3184,2000,1062,0.0933128385623871,0.0466883180407767,0.0478974310933015,0.00180373520246478,0.184821941922309,0,214.031930446625,7.55786895751953e-05
3185,4000,1062,-0.0165087381314585,0.0329897127702037,0.0337912894156498,-0.0811685751610577,0.0481510988981408,1,666.990012645721,8.15391540527344e-05
3186,1000,1063,0.035523843941583,0.0697777603839855,0.0689944104118953,-0.101240566411029,0.172288254294195,1,144.413302183151,5.93662261962891e-05
3187,2000,1063,0.0191801482275492,0.047836883475592,0.0485003567279909,-0.074580143384611,0.112940439839709,1,286.09543967247,6.58035278320312e-05
3188,4000,1063,0.0411696087741611,0.0334142677143041,0.0339760491740427,-0.0243223559458749,0.106661573494197,1,471.00808763504,7.36713409423828e-05
3189,1000,1064,-0.0243664490706482,0.0698437376824631,0.0697682519404797,-0.161260174928276,0.112527276786979,1,102.465074539185,4.76837158203125e-05
318,1000,107,0.0379241787106011,0.0705842048921971,0.0673195394607516,-0.100420862878105,0.176269220299307,1,108.611089944839,6.4849853515625e-05
3190,2000,1064,0.0113592524899941,0.0454837031875144,0.0479479677155637,-0.0777888057575341,0.100507310737522,1,403.524563789368,7.10487365722656e-05
3191,4000,1064,-0.017315523470334,0.0320288912062364,0.032604745029877,-0.0800921502345574,0.0454611032938893,1,440.317775726318,6.81877136230469e-05
3192,1000,1065,-0.0131037886258145,0.0675279646819608,0.0661876081262153,-0.145458599402458,0.119251022150829,1,155.411909341812,9.56058502197266e-05
3193,2000,1065,0.00933800952984201,0.046709308164749,0.0466752314433786,-0.0822122344730661,0.10088825353275,1,222.883836507797,4.17232513427734e-05
3194,4000,1065,0.0477406138853192,0.0327243940275136,0.0334025423733698,-0.0163991984086076,0.111880426179246,1,480.78795003891,6.15119934082031e-05
3195,1000,1066,-0.0714200039683483,0.0680914077643968,0.0653505477073165,-0.204879163186566,0.0620391552498695,1,96.8325352668762,4.41074371337891e-05
3196,2000,1066,0.0111488929803369,0.0480578167836622,0.048880471376446,-0.083044427915641,0.105342213876315,1,434.787246465683,9.1552734375e-05
3197,4000,1066,-0.0281043474514169,0.0328470636300837,0.0333513202927378,-0.092484592166381,0.0362758972635472,1,657.760051250458,9.5367431640625e-05
3198,1000,1067,-0.0583654879668453,0.0674494269810205,0.0654095936217579,-0.190566364849646,0.073835388915955,1,146.970321416855,8.24928283691406e-05
3199,2000,1067,-0.0245881988896374,0.0464584817521355,0.0477766365688063,-0.115646823123823,0.0664704253445481,1,405.579168319702,5.7220458984375e-05
319,2000,107,0.118633578042274,0.0470144251187003,0.0475082746941232,0.0264853048096217,0.210781851274927,0,224.76707983017,4.24385070800781e-05
31,2000,11,0.0619535420566118,0.0457479830369308,0.046845278509683,-0.0277125046957726,0.151619588808996,1,215.983149766922,4.98294830322266e-05
3200,4000,1067,-0.0348781965232502,0.0333048657076794,0.0338686312310366,-0.100155733310302,0.0303993402638013,1,633.059506416321,5.55515289306641e-05
3201,1000,1068,-0.0446692670481201,0.0686685108541443,0.0652308216937292,-0.179259548322243,0.0899210142260027,1,163.302900791168,4.86373901367188e-05
3202,2000,1068,0.0526059212370688,0.0467042904184067,0.0484642490601596,-0.0389344879830083,0.144146330457146,1,295.101128339767,9.17911529541016e-05
3203,4000,1068,-0.00933931777097262,0.0336101935915329,0.0342168830247671,-0.0752152972103771,0.0565366616684319,1,456.103351593018,6.93798065185547e-05
3204,1000,1069,0.075568146040541,0.0694076873154146,0.0689620780587924,-0.0604709210976717,0.211607213178754,1,92.3761024475098,6.31809234619141e-05
3205,2000,1069,-0.000135952688084236,0.0485159166339729,0.0491681948234265,-0.0952271492906711,0.0949552439145026,1,300.424914121628,0.000104665756225586
3206,4000,1069,-0.0160771679110083,0.0334403173391396,0.0340106199367595,-0.0816201898957219,0.0494658540737052,1,457.395658016205,7.08103179931641e-05
3207,1000,1070,-0.164280243658722,0.068686264274047,0.0705344159536567,-0.298905321635854,-0.0296551656815897,0,172.233597755432,7.05718994140625e-05
3208,2000,1070,0.00147411883344411,0.0480987489055762,0.0477994646439373,-0.0927994290214853,0.0957476666883736,1,211.531458377838,6.4849853515625e-05
3209,4000,1070,0.00428116031985703,0.0328442964001214,0.0335388058020789,-0.0600936606243809,0.068655981264095,1,944.619873762131,0.0001068115234375
320,4000,107,-0.0126503896418487,0.0338678200675936,0.0348414910402525,-0.0790313169743322,0.0537305376906349,1,601.587994098663,5.91278076171875e-05
3210,1000,1071,0.0422233028724643,0.0647371030650393,0.0625921377213133,-0.0846614191350127,0.169108024879941,1,104.991372346878,4.26769256591797e-05
3211,2000,1071,-0.0607273221553538,0.0487529762296505,0.0482015564114794,-0.156283155565469,0.0348285112547612,1,196.345082521439,5.14984130859375e-05
3212,4000,1071,0.0364775429684397,0.0334504464457085,0.0340838865281902,-0.029085332065149,0.102040418002028,1,439.438946962357,5.93662261962891e-05
3213,1000,1072,0.0163227168330121,0.0688464270267101,0.0661300919533768,-0.11861628013934,0.151261713805364,1,158.066840648651,4.57763671875e-05
3214,2000,1072,0.0216898028830873,0.047910344994337,0.0474819657084775,-0.0722144733058132,0.115594079071988,1,337.255922079086,7.48634338378906e-05
3215,4000,1072,-0.0046870280178287,0.0330478242369531,0.0334123412103322,-0.0694607635222567,0.0600867074865993,1,495.745171308517,7.46250152587891e-05
3216,1000,1073,-0.0254510720663316,0.0679398427676181,0.069338818013553,-0.158613163890863,0.1077110197582,1,218.13001871109,6.79492950439453e-05
3217,2000,1073,0.000274290830766946,0.0479965597699759,0.0490667149063731,-0.0937989663183858,0.0943475479799197,1,425.741671085358,8.03470611572266e-05
3218,4000,1073,-0.0402181900728266,0.033450735190453,0.0343135541599933,-0.105781631046115,0.0253452509004614,1,492.018567800522,8.392333984375e-05
3219,1000,1074,0.000224911052015305,0.0670432436171268,0.0642445490781023,-0.131179846437553,0.131629668541584,1,154.184519767761,4.86373901367188e-05
321,1000,108,0.1096979080285,0.0642093801971458,0.0654357917673374,-0.0161524771579057,0.235548293214906,1,106.695001125336,4.38690185546875e-05
3220,2000,1074,-0.0227440691622299,0.0458302979546661,0.0465803955161786,-0.112571453153375,0.0670833148289156,1,371.106102466583,9.03606414794922e-05
3221,4000,1074,0.0238062034669127,0.0338233470061354,0.0351058892681996,-0.0424875566651127,0.0900999635989382,1,692.500697612762,8.36849212646484e-05
3222,1000,1075,-0.00751028341266609,0.0693674527766328,0.0678566444626791,-0.143470490854866,0.128449924029534,1,223.720249652863,9.87052917480469e-05
3223,2000,1075,-0.0245811868688363,0.0472838786712703,0.0481112766530634,-0.117257589064526,0.0680952153268535,1,300.163043022156,5.50746917724609e-05
3224,4000,1075,-0.0245169554938593,0.032459869990538,0.0334945207328961,-0.0881383006753138,0.0391043896875953,1,492.365328788757,6.53266906738281e-05
3225,1000,1076,0.028198662935414,0.0667419161202378,0.0648705756405158,-0.102615492660252,0.15901281853108,1,118.236970424652,4.93526458740234e-05
3226,2000,1076,0.0294174852540414,0.0471470675891536,0.0470969029776675,-0.0629907672206997,0.121825737728782,1,297.732731819153,5.69820404052734e-05
3227,4000,1076,-0.00524926275350854,0.0324598509176796,0.0336776481079946,-0.0688705705521605,0.0583720450451434,1,679.415678739548,6.866455078125e-05
3228,1000,1077,-0.0222367507321423,0.0653412462616068,0.0678628628380094,-0.150305593404892,0.105832091940607,1,154.354726076126,5.17368316650391e-05
3229,2000,1077,0.0235045659440326,0.047723250708018,0.047648802891078,-0.0700330054436827,0.117042137331748,1,226.513964414597,6.27040863037109e-05
322,2000,108,-0.0177616105573115,0.0474849279517581,0.0477161932909332,-0.110832069342757,0.0753088482281345,1,214.320291280746,6.53266906738281e-05
3230,4000,1077,0.0125682758353935,0.0328700805845973,0.0333443793181008,-0.0518570821104172,0.0769936337812043,1,634.649762868881,7.72476196289062e-05
3231,1000,1078,0.10553522326525,0.0704786839110061,0.0711717136702557,-0.0326029972003225,0.243673443730822,1,102.444053411484,5.14984130859375e-05
3232,2000,1078,0.0299701342603979,0.0483631260432693,0.049549795378428,-0.06482159278441,0.124761861305206,1,219.316627502441,5.07831573486328e-05
3233,4000,1078,-0.00149250528433922,0.032924852108323,0.0335860858179988,-0.0660252154166524,0.063040204847974,1,475.13526391983,8.86917114257812e-05
3234,1000,1079,0.0760600681713642,0.0693703339867506,0.0681538889683888,-0.059905786442667,0.212025922785395,1,120.941776514053,5.26905059814453e-05
3235,2000,1079,-0.0131550148653189,0.0473742601675622,0.0460025373250641,-0.106008564793741,0.0796985350631031,1,211.651802539825,4.86373901367188e-05
3237,1000,1080,0.0103371293434531,0.0692959841071079,0.067653941174995,-0.125482999506478,0.146157258193385,1,136.92254114151,4.60147857666016e-05
3238,2000,1080,-0.0762710064214709,0.0471617278122031,0.0460373073220524,-0.168707992933389,0.0161659800904472,1,363.865044355392,7.82012939453125e-05
3239,4000,1080,0.0207639192993304,0.0339723553910187,0.034261979240984,-0.0458218972670663,0.0873497358657271,1,486.51774764061,8.15391540527344e-05
323,4000,108,0.00585266537057855,0.0328859364998394,0.0333511808815554,-0.0586037701691068,0.0703091009102639,1,962.699750185013,9.20295715332031e-05
3240,1000,1081,0.00344806890906372,0.06661959579301,0.0667098791102295,-0.127126338845236,0.134022476663363,1,145.914232254028,5.76972961425781e-05
3241,2000,1081,0.0913268839077912,0.0485391715725431,0.0487155466203046,-0.00380989237439334,0.186463660189976,1,209.319747924805,3.95774841308594e-05
3242,4000,1081,0.00287159716979178,0.0333314147995772,0.0334872327942004,-0.0624579758373795,0.068201170176963,1,488.728044271469,9.5367431640625e-05
3243,1000,1082,-0.201274127598663,0.068140797002925,0.0686841175780221,-0.334830089724396,-0.0677181654729303,0,180.579032897949,8.79764556884766e-05
3244,2000,1082,0.0547842438594909,0.0458599822596654,0.0464052306040647,-0.0351013213694533,0.144669809088435,1,394.615524291992,6.00814819335938e-05
3245,4000,1082,-0.0210388625435191,0.0338012910591995,0.0339934717628225,-0.08728939301955,0.0452116679325119,1,1235.87239980698,0.000154018402099609
3246,1000,1083,-0.210490823737998,0.0675852508513156,0.0665095348150332,-0.342957915406576,-0.0780237320694193,0,135.218271493912,4.12464141845703e-05
3247,2000,1083,0.0605492019816298,0.048001392741973,0.0472719596446059,-0.0335335277926372,0.154631931755897,1,207.828916311264,5.76972961425781e-05
3248,4000,1083,-0.0282491958459576,0.0331891914841482,0.0328109486859596,-0.093300011154888,0.0368016194629728,1,635.686731338501,6.15119934082031e-05
3249,1000,1084,-0.0793586867821471,0.0701682044458548,0.0678089751908043,-0.216888367496022,0.0581709939317283,1,160.871050357819,9.46521759033203e-05
324,1000,109,0.0657613061258107,0.0680192063241894,0.0693468214008654,-0.0675563382696005,0.199078950521222,1,108.006566286087,6.77108764648438e-05
3250,2000,1084,-0.0672121457918127,0.0472051428231485,0.0473871090861285,-0.159734225725184,0.0253099341415583,1,214.242616891861,5.53131103515625e-05
3251,4000,1084,0.00607225763518352,0.0335324660901771,0.0337565830719545,-0.0596513759015637,0.0717958911719307,1,911.186931371689,0.000112533569335938
3252,1000,1085,-0.0196532958104534,0.0684180675528865,0.066860537345915,-0.153752708214111,0.114446116593204,1,93.074714422226,3.91006469726562e-05
3253,2000,1085,0.0425644525986452,0.0471236246687646,0.0469759084423656,-0.0497978517521335,0.134926756949424,1,399.801170349121,5.7220458984375e-05
3254,4000,1085,0.00735778096629419,0.0327619643501836,0.0331998924948156,-0.0568556691600657,0.0715712310926541,1,445.333801031113,5.48362731933594e-05
3255,1000,1086,-0.0321021045404503,0.0678847142739589,0.0708294902288586,-0.16515614451741,0.100951935436509,1,201.820162296295,7.29560852050781e-05
3256,2000,1086,0.0541848717439054,0.046565002139354,0.0473107588162415,-0.0370825324492284,0.145452275937039,1,290.344595193863,6.43730163574219e-05
3257,4000,1086,0.0703639461225409,0.0322952433314572,0.0332621841721118,0.00706526919288473,0.133662623052197,0,704.140091657639,0.000136137008666992
3258,1000,1087,-0.0951597292856825,0.0656142871788192,0.0646338428832163,-0.223763732156168,0.033444273584803,1,107.088366985321,4.24385070800781e-05
3259,2000,1087,0.0426795943182888,0.048716535279284,0.0488408384400285,-0.0528048148291079,0.138164003465685,1,298.212616443634,5.05447387695312e-05
325,2000,109,0.0205854708858214,0.0465918372032978,0.0468396456406926,-0.0707345300326423,0.111905471804285,1,206.151411771774,5.36441802978516e-05
3260,4000,1087,0.0109491938328638,0.032769423230081,0.0335951351158697,-0.053278875698095,0.0751772633638226,1,463.243219137192,0.000105381011962891
3261,1000,1088,0.0026844370937947,0.067299305740472,0.0664479755555782,-0.12922220215753,0.13459107634512,1,98.3565876483917,4.05311584472656e-05
3262,2000,1088,0.0329986155852573,0.0499442970384228,0.0511646996050426,-0.0648922066100513,0.130889437780566,1,236.312293052673,4.69684600830078e-05
3263,4000,1088,0.00330247774941199,0.03330394219827,0.0338783795968245,-0.0619732489591972,0.0685782044580212,1,491.466568231583,5.81741333007812e-05
3264,1000,1089,0.0355243172444002,0.0704809292619512,0.0667761909888809,-0.102618304109024,0.173666938597824,1,157.934159040451,7.89165496826172e-05
3265,2000,1089,0.0219966725882852,0.0477982180203286,0.0480837991828761,-0.0716878347315588,0.115681179908129,1,337.337780237198,9.34600830078125e-05
3266,4000,1089,-0.0238630054944194,0.0329065590856882,0.0336007608669241,-0.0883598613023684,0.0406338503135295,1,460.998654603958,5.74588775634766e-05
3267,1000,1090,0.0394444469431958,0.0716533549267483,0.0677573454507297,-0.100996128713231,0.179885022599623,1,146.542461872101,5.57899475097656e-05
3268,2000,1090,0.0403672445937644,0.0480941801724547,0.0482421652075954,-0.0538973485442467,0.134631837731776,1,207.991543531418,7.12871551513672e-05
3269,4000,1090,-0.0402633079580153,0.0336461645907237,0.0342125442248454,-0.106209790555834,0.0256831746398031,1,682.220218658447,8.03470611572266e-05
326,4000,109,0.0805837746873174,0.0337296871039078,0.0344619411090396,0.0144735879636581,0.146693961410977,0,466.911323785782,6.91413879394531e-05
3270,1000,1091,0.000620000561712189,0.0658834549501926,0.0659306545388477,-0.128511571140665,0.12975157226409,1,97.6565003395081,4.72068786621094e-05
3271,2000,1091,-0.0995505939118831,0.0479583157616191,0.0479264569229678,-0.193548892804657,-0.00555229501910955,0,281.039514780045,5.53131103515625e-05
3272,4000,1091,-0.00068268924659484,0.0344603256687395,0.0344180797450822,-0.0682249275573242,0.0668595490641345,1,469.712304353714,0.000102043151855469
3273,1000,1092,-0.0084315682707165,0.0664901423883596,0.0656127220103991,-0.138752247351901,0.121889110810468,1,152.867532253265,6.24656677246094e-05
3274,2000,1092,-0.0345366680085685,0.0476846707846891,0.0477872466823271,-0.127998622746559,0.0589252867294222,1,413.101747274399,7.62939453125e-05
3275,4000,1092,-0.0108253424642239,0.0331252321612125,0.0334907252561203,-0.0757507975002004,0.0541001125717527,1,442.720948696136,8.74996185302734e-05
3276,1000,1093,-0.0693537894729645,0.0668775750238375,0.0647865556882736,-0.200433836519686,0.061726257573757,1,96.8597178459167,4.22000885009766e-05
3277,2000,1093,-0.0316203752889305,0.0479051342184962,0.0486505273592662,-0.125514438357183,0.062273687779322,1,279.201073408127,5.00679016113281e-05
3278,4000,1093,0.0383168636369455,0.0332120379942394,0.0342459351522666,-0.0267787308317637,0.103412458105655,1,619.339597225189,6.93798065185547e-05
3279,1000,1094,-0.0224425531765914,0.072270826838864,0.071429383031697,-0.164093373780765,0.119208267427582,1,110.39520573616,6.96182250976562e-05
327,1000,110,-0.0813927293254459,0.0653105857878909,0.0639058616210123,-0.209401477469712,0.0466160188188201,1,109.321690559387,5.67436218261719e-05
3280,2000,1094,0.0241110433028008,0.0469595288884346,0.0474135716191501,-0.0679296333185311,0.116151719924133,1,305.197182893753,6.34193420410156e-05
3281,4000,1094,-0.0480628486437564,0.0335408280008831,0.0337972343614064,-0.113802871525487,0.0176771742379745,1,483.024937391281,7.77244567871094e-05
3282,1000,1095,-0.0360061112108534,0.0670643295469253,0.0659331287677096,-0.167452197122827,0.0954399747011202,1,97.3698806762695,3.29017639160156e-05
3285,1000,1096,-0.0239677715885174,0.0696092146557331,0.0671755490093456,-0.160401832313754,0.112466289136719,1,133.091526031494,5.76972961425781e-05
3287,4000,1096,-0.0447090201323566,0.0344962352545743,0.0348754838141222,-0.112321641231322,0.0229036009666089,1,618.465224027634,5.76972961425781e-05
3288,1000,1097,-0.0222993854621083,0.0684868893801398,0.0669287374511248,-0.156533688647182,0.111934917722966,1,166.852205753326,6.34193420410156e-05
3289,2000,1097,0.0634815186526589,0.0463984219362097,0.0466923002322942,-0.0274593883423122,0.15442242564763,1,390.196295022964,7.17639923095703e-05
328,2000,110,0.0626666935367474,0.048783295154515,0.0494150374069955,-0.032948564966102,0.158281952039597,1,206.463940143585,5.17368316650391e-05
3290,4000,1097,-0.012635726771723,0.0323389191981037,0.0326252626955046,-0.0760200084000063,0.0507485548565603,1,684.730918645859,8.05854797363281e-05
3291,1000,1098,0.103405415222754,0.0677253734373422,0.0656622847550655,-0.0293363167144368,0.236147147159945,1,108.976480960846,6.29425048828125e-05
3292,2000,1098,0.0198985353349468,0.0462301519222722,0.047637626579281,-0.0707125624327066,0.1105096331026,1,385.356978178024,8.84532928466797e-05
3293,4000,1098,0.0761021483294926,0.0335638554828617,0.0339950115319415,0.0103169915830836,0.141887305075902,0,566.152456998825,6.55651092529297e-05
3294,1000,1099,-0.0826192651326281,0.0671222874120763,0.0674988960199685,-0.214178948460298,0.0489404181950413,1,107.608037948608,5.07831573486328e-05
3295,2000,1099,-0.0417344411844964,0.0467024401110507,0.0471361677327837,-0.133271223802156,0.049802341433163,1,382.680888652802,8.72611999511719e-05
3296,4000,1099,0.0419083384419036,0.0336287990606715,0.0336044799442246,-0.0240041077170126,0.10782078460082,1,485.587910413742,5.62667846679688e-05
3297,1000,1100,-0.063047709937365,0.068038536439558,0.0656451092820689,-0.196403241358899,0.0703078214841687,1,184.360013484955,8.22544097900391e-05
3298,2000,1100,-0.00187903150799712,0.0466272882266969,0.045548716221696,-0.0932685164323231,0.0895104534163288,1,308.520195484161,5.93662261962891e-05
3299,4000,1100,0.0210998920058265,0.033064242275745,0.0334696486141623,-0.0437060228546337,0.0859058068662867,1,443.551379203796,8.0108642578125e-05
329,4000,110,-0.00472781706434932,0.0330845694733327,0.0335786455636678,-0.0695735732320815,0.0601179391033828,1,467.599110603333,6.74724578857422e-05
32,4000,11,-0.0031139896237456,0.0329152826714205,0.0339338111003904,-0.0676279436597297,0.0613999644122385,1,455.312133789062,8.86917114257812e-05
330,1000,111,0.0614125413666323,0.065860925802506,0.0674236975870309,-0.0676748732062794,0.190499955939544,1,164.293466567993,7.72476196289062e-05
331,2000,111,0.00768707172220587,0.0456866417906726,0.0457273981081167,-0.0818587461875124,0.0972328896319241,1,322.721090555191,5.62667846679688e-05
332,4000,111,0.066024297191668,0.0334518637861727,0.0341114689940508,0.000458644170769476,0.131589950212566,0,602.105289936066,6.19888305664062e-05
333,1000,112,0.0925335216917742,0.0682781670006327,0.0679636921709549,-0.0412916856294658,0.226358729013014,1,105.381833791733,4.62532043457031e-05
334,2000,112,0.0288008953165717,0.0461536498946472,0.0456896292830993,-0.0616602584769368,0.11926204911008,1,424.067735671997,6.69956207275391e-05
335,4000,112,-0.0323732265385293,0.0331905686951468,0.0332643499668757,-0.0974267411810169,0.0326802881039584,1,615.92076253891,5.7220458984375e-05
336,1000,113,0.00263152429741525,0.0654890173507203,0.0661453731489661,-0.125726949709997,0.130989998304827,1,136.156929969788,4.74452972412109e-05
337,2000,113,0.0411928191937108,0.0451873809882486,0.0466006278970773,-0.0473744475432564,0.129760085930678,1,210.490564823151,6.46114349365234e-05
338,4000,113,-0.0178247305361169,0.0336785779633608,0.0341307205982564,-0.0838347433443041,0.0481852822720703,1,468.704842805862,7.29560852050781e-05
339,1000,114,-0.0170441949712731,0.0700044096634347,0.0700746288416606,-0.154252837911605,0.120164447969059,1,151.925784826279,8.72611999511719e-05
33,1000,12,-0.0561049681183821,0.0649562443002396,0.0657919819272187,-0.183419206946852,0.0712092707100875,1,102.004365205765,4.67300415039062e-05
340,2000,114,0.0155135611791816,0.0461062731802695,0.0459891646175523,-0.0748547342541466,0.10588185661251,1,343.745721340179,5.69820404052734e-05
341,4000,114,0.0825069173943664,0.0332488426275445,0.0337535742986751,0.0173391858443792,0.147674648944354,0,463.738215923309,8.13007354736328e-05
342,1000,115,-0.0291151929694877,0.067579654439018,0.0647676999895275,-0.161571315669963,0.103340929730988,1,209.237753391266,7.84397125244141e-05
343,2000,115,0.0501769048581287,0.0484195449253382,0.0478370143989743,-0.0447254031955343,0.145079212911792,1,276.319238424301,4.81605529785156e-05
344,4000,115,-0.010784828473541,0.033710160827941,0.0338455327005503,-0.0768567436963054,0.0552870867492234,1,1000.38978624344,8.98838043212891e-05
345,1000,116,-0.0250511626968217,0.0669995942446963,0.0664258026209039,-0.156370367416426,0.106268042022783,1,164.000564813614,0.000118494033813477
346,2000,116,-0.0101298699008158,0.04640064334175,0.0460866143835073,-0.101075130850646,0.0808153910490142,1,320.497066497803,0.0213077068328857
347,4000,116,-0.0374727911775494,0.0328192437179592,0.0335208128113106,-0.101798508864749,0.0268529265096506,1,712.789874076843,8.94069671630859e-05
348,1000,117,-0.0949021025737881,0.0639173920406714,0.0685127423087801,-0.220180190973504,0.0303759858259278,1,107.959600687027,3.50475311279297e-05
349,2000,117,0.0688317874239164,0.046146751508375,0.0467266935033984,-0.0216158455324986,0.159279420380331,1,207.328127384186,6.60419464111328e-05
34,2000,12,-0.00554638676508812,0.0463456226360712,0.047779194156139,-0.0963838071317876,0.0852910336016114,1,298.679679632187,8.89301300048828e-05
350,4000,117,-0.0165316771624967,0.033228056899955,0.0333413800644973,-0.0816586686864084,0.048595314361415,1,590.447452306747,6.46114349365234e-05
351,1000,118,0.0787688347863813,0.0681572708722438,0.0690786030723124,-0.0548194161232166,0.212357085695979,1,138.188649177551,5.17368316650391e-05
352,2000,118,0.0325929033525984,0.0466944034548906,0.0466238593915963,-0.0589281274189872,0.124113934124184,1,227.26550579071,7.08103179931641e-05
353,4000,118,-0.0492867084260596,0.0323920069176324,0.0328394830282623,-0.112775041984619,0.0142016251324999,1,510.917212963104,8.96453857421875e-05
354,1000,119,0.144071831060651,0.0699991083015612,0.0669204821201742,0.00687357878959066,0.281270083331711,0,105.405371189117,4.91142272949219e-05
355,2000,119,0.0294205655258983,0.0483291516636986,0.0476383263621554,-0.065304571734951,0.124145702786748,1,444.237547397614,9.58442687988281e-05
356,4000,119,0.000875431209822481,0.0331393169631782,0.033083334955449,-0.0640776300380068,0.0658284924576517,1,978.508372306824,9.10758972167969e-05
357,1000,120,-0.033462072318564,0.0655313300574795,0.0635434770042872,-0.161903479231224,0.0949793345940959,1,103.718606472015,6.22272491455078e-05
358,2000,120,0.0900173452854622,0.0478659800380005,0.0477836903737276,-0.00379997558901866,0.183834666159943,1,414.523465633392,5.07831573486328e-05
359,4000,120,-0.0243361336833937,0.0334790519356783,0.0340494813351407,-0.0899550754773231,0.0412828081105358,1,458.803961277008,0.000106573104858398
35,4000,12,0.0580402152231471,0.0329046419598103,0.0329589519105398,-0.006452883018081,0.122533313464375,1,439.977168083191,8.55922698974609e-05
360,1000,121,0.0831430227288301,0.0678449058402341,0.0674205275662086,-0.0498329927180286,0.216119038175689,1,153.725188732147,9.08374786376953e-05
361,2000,121,-0.0961914980768001,0.0478866296924977,0.0477992214222497,-0.190049292274096,-0.00233370387950459,0,221.346396446228,5.00679016113281e-05
362,4000,121,0.015626180053499,0.0332482703167906,0.0335065309828235,-0.0495404297674105,0.0807927898744086,1,507.176151514053,7.89165496826172e-05
363,1000,122,0.0419980240464109,0.0715481372776625,0.0698127459553057,-0.0982363250178075,0.182232373110629,1,111.171226978302,4.69684600830078e-05
364,2000,122,-0.0205225740834356,0.0482724816941311,0.0489230810967714,-0.115136638203933,0.0740914900370614,1,207.853062868118,9.10758972167969e-05
365,4000,122,-0.0303930761539696,0.0321337373366638,0.0332389755251269,-0.0933752013338306,0.0325890490258913,1,607.288808107376,5.57899475097656e-05
366,1000,123,0.172410374208451,0.0682622729233454,0.0689998822357483,0.0386163192786943,0.306204429138208,0,200.313650131226,8.58306884765625e-05
367,2000,123,-0.0612572662722949,0.0471909479111948,0.0484480054816546,-0.153751524178237,0.031236991633647,1,228.307273387909,5.31673431396484e-05
368,4000,123,0.0588665974296653,0.033463439715857,0.0337133087500333,-0.00672174441341435,0.124454939272745,1,934.170578241348,9.51290130615234e-05
369,1000,124,-0.0861664070586454,0.0704557521285348,0.074576173283695,-0.224259681230574,0.0519268671132829,1,109.032728910446,5.86509704589844e-05
36,1000,13,0.137910538965865,0.0682375645700756,0.0694720412722553,0.00416491240851716,0.271656165523213,0,103.705549478531,5.10215759277344e-05
370,2000,124,0.112081686836434,0.0473427482632702,0.047079679418794,0.0192899002404245,0.204873473432444,0,319.644404411316,6.41345977783203e-05
371,4000,124,-0.0255871406156588,0.0333880603160334,0.0337618917608841,-0.0910277388350843,0.0398534576037667,1,603.62962603569,6.65187835693359e-05
372,1000,125,0.118275664512804,0.0674716700552459,0.0661110512068039,-0.0139688087954777,0.250520137821086,1,211.346287965775,9.10758972167969e-05
373,2000,125,0.0706897184836593,0.0462346195262861,0.0464575318897449,-0.0199301357878615,0.16130957275518,1,313.54177570343,5.62667846679688e-05
374,4000,125,-0.0070126981206141,0.0337337718922609,0.0343343003752952,-0.0731308910294455,0.0591054947882173,1,506.750230789185,8.29696655273438e-05
375,1000,126,-0.0861729517568439,0.0720678857341783,0.0693464731063432,-0.227426007795833,0.0550801042821455,1,108.499419689178,5.69820404052734e-05
376,2000,126,0.024403553980555,0.0459610759588946,0.0460886869970803,-0.0656801548988783,0.114487262859988,1,327.457274675369,7.39097595214844e-05
377,4000,126,0.0170665518286672,0.0341896668523888,0.0343536401392831,-0.0499451952020149,0.0840782988593494,1,463.931156873703,0.000110864639282227
378,1000,127,0.0520587396253341,0.0714532931742555,0.0728572648664089,-0.0879897149962067,0.192107194246875,1,140.204119682312,5.84125518798828e-05
379,2000,127,0.0135714288671624,0.048498443445233,0.0495064436395715,-0.0814855202854942,0.108628378019819,1,214.052016735077,6.98566436767578e-05
37,2000,13,0.0132561705256508,0.0490441425235825,0.0493659170708802,-0.0828703488205709,0.109382689871872,1,213.877531290054,5.57899475097656e-05
380,4000,127,0.0585529290990057,0.0330830985195975,0.0326762868458537,-0.00628994399940552,0.123395802197417,1,665.226633310318,7.22408294677734e-05
381,1000,128,0.0409552891757625,0.069151814013385,0.0687413150363898,-0.0945822662904722,0.176492844641997,1,103.053215026855,4.14848327636719e-05
382,2000,128,0.0939575207931737,0.0465085404451097,0.0464106375109737,0.00280078152075866,0.185114260065589,0,205.467720031738,7.53402709960938e-05
383,4000,128,-0.00402812920308295,0.0327021287635197,0.0327385738512754,-0.0681243015795815,0.0600680431734157,1,459.031978845596,9.72747802734375e-05
384,1000,129,-0.14149872516884,0.0692913555573318,0.0692782449332944,-0.27730978206121,-0.0056876682764691,0,218.745676517487,0.000104427337646484
385,2000,129,0.0181122478820097,0.0487203157382252,0.0487305961630077,-0.0773795709649118,0.113604066728931,1,415.778703451157,7.91549682617188e-05
386,4000,129,0.0527590446832007,0.0333209279807777,0.0337994901640888,-0.0125499741591237,0.118068063525525,1,488.869797706604,8.22544097900391e-05
387,1000,130,-0.0615951050696819,0.0668728729699229,0.064569683882078,-0.192665936090731,0.069475725951367,1,157.735645055771,7.39097595214844e-05
388,2000,130,0.0470811504853206,0.0463516443259253,0.0482398261408381,-0.0437680723934929,0.137930373364134,1,206.183368682861,4.76837158203125e-05
389,4000,130,0.0439324840146466,0.0340110961479077,0.0340489712962097,-0.0227292644352525,0.110594232464546,1,488.781728982925,8.44001770019531e-05
38,4000,13,0.0479346669292274,0.0325547227652794,0.0334278088210855,-0.0158725896907202,0.111741923549175,1,474.386613845825,7.17639923095703e-05
390,1000,131,0.117983458259864,0.0693469564059689,0.0713045439594444,-0.017936576295835,0.253903492815563,1,161.143490314484,8.51154327392578e-05
391,2000,131,0.049805478835848,0.0474640424640865,0.0484006434395326,-0.0432240443937615,0.142835002065457,1,220.359955310822,6.22272491455078e-05
392,4000,131,-0.0244763484691373,0.0340840216654385,0.0346483806084489,-0.0912810309333968,0.0423283339951222,1,452.971263647079,9.72747802734375e-05
393,1000,132,0.0638283207773348,0.0671761803104213,0.0643568444822094,-0.067836992631091,0.195493634185761,1,150.842080354691,5.57899475097656e-05
394,2000,132,-0.0239738727001612,0.0465303006980716,0.0467665407644955,-0.115173262068381,0.067225516668059,1,205.633696556091,5.17368316650391e-05
395,4000,132,-0.0630346862618836,0.0339060440604092,0.035003890497559,-0.129490532620286,0.0034211600965184,1,593.728826522827,6.65187835693359e-05
396,1000,133,0.0685916498176477,0.0655989693792016,0.0648611047379419,-0.0599823301655875,0.197165629800883,1,106.164153337479,4.31537628173828e-05
397,2000,133,0.104765273087982,0.0470839266440121,0.0485500467726398,0.0124807768657186,0.197049769310246,0,217.470438957214,6.53266906738281e-05
398,4000,133,-0.0587794080127086,0.0334098588213443,0.0340554589179086,-0.124262731302543,0.00670391527712626,1,923.317527532578,0.000103473663330078
399,1000,134,0.0487712473304593,0.0707922432484484,0.0696328027406638,-0.0899815494364995,0.187524044097418,1,109.34269285202,4.45842742919922e-05
39,1000,14,-0.0188512738390381,0.0655545997090903,0.0654759502752579,-0.147338289268855,0.109635741590779,1,90.8062400817871,3.83853912353516e-05
3,1000,2,-0.0562321807394151,0.0704904125037469,0.0707740911071973,-0.194393389246759,0.0819290277679287,1,96.1278486251831,6.34193420410156e-05
400,2000,134,-0.0477050464006417,0.0483204912641129,0.0480762466696441,-0.142413209278303,0.0470031164770196,1,216.11659526825,6.12735748291016e-05
401,4000,134,0.0229498329939721,0.0331463723046341,0.0340724139561003,-0.0420170567231107,0.0879167227110549,1,611.826464414597,5.45978546142578e-05
402,1000,135,0.170461789471632,0.0671901238033468,0.0687146094278241,0.0387691468170728,0.302154432126192,0,109.301877737045,5.340576171875e-05
403,2000,135,0.0640401098588598,0.0466913946071474,0.0480271747250173,-0.027475023571149,0.155555243288869,1,209.9773645401,4.43458557128906e-05
404,4000,135,0.0144611858692704,0.0328007623399361,0.0337119217282061,-0.0498283083170043,0.0787506800555451,1,924.480735063553,0.000114917755126953
405,1000,136,0.0454172097601351,0.0667812032464079,0.0664356044441858,-0.0854739486028244,0.176308368123095,1,134.506788253784,4.98294830322266e-05
406,2000,136,0.0500857956624121,0.0478524418613518,0.0458994783933746,-0.0437049903858374,0.143876581710662,1,221.915084838867,3.98159027099609e-05
407,4000,136,-0.0504861595904701,0.0334648159681734,0.0341990245965929,-0.11607719888809,0.0151048797071498,1,506.981231689453,7.27176666259766e-05
408,1000,137,-0.0584394570381618,0.066457076498707,0.0672528616332878,-0.188695326975628,0.071816412899304,1,154.63929605484,6.60419464111328e-05
409,2000,137,-0.0241949321301129,0.0466500192298226,0.0470836958283106,-0.115628969820565,0.0672391055603394,1,216.786554574966,6.03199005126953e-05
40,2000,14,0.0779740576395189,0.0471297892095827,0.0480935662344995,-0.0144003292112632,0.170348444490301,1,207.98920583725,7.00950622558594e-05
410,4000,137,0.0452479148887199,0.0325122527244738,0.0337152733195319,-0.0184761004512487,0.108971930228689,1,605.095453739166,5.65052032470703e-05
411,1000,138,0.0643752548760698,0.0674222099075971,0.0696353325362591,-0.0677722765428205,0.19652278629496,1,134.920565366745,5.69820404052734e-05
412,2000,138,0.0545152295947576,0.0485520674209282,0.047310772637959,-0.0406468225502618,0.149677281739777,1,211.979421377182,5.43594360351562e-05
413,4000,138,-0.00448026627411562,0.0334983547010368,0.0342424621836884,-0.0701370414881477,0.0611765089399165,1,483.085253238678,8.98838043212891e-05
414,1000,139,0.00056714078700256,0.0702889588003887,0.0675745491693197,-0.137199218461759,0.138333500035764,1,131.792750120163,5.45978546142578e-05
415,2000,139,-0.0388375069375083,0.0468328465089273,0.0459608912969557,-0.130629886095006,0.0529548722199892,1,333.30039024353,5.81741333007812e-05
416,4000,139,-0.00438824853081603,0.0324188475347973,0.0331730748553648,-0.0679291896990187,0.0591526926373866,1,619.799992084503,6.81877136230469e-05
417,1000,140,0.0682484256908932,0.0685150850921849,0.0677894161965379,-0.0660411410897893,0.202537992471576,1,111.183510303497,3.4332275390625e-05
418,2000,140,0.014152964380892,0.0474677483066306,0.0473564059099857,-0.0788838223001039,0.107189751061888,1,411.836684465408,7.79628753662109e-05
419,4000,140,0.00413931361079426,0.0329998926373177,0.0332508359068334,-0.0605404759583485,0.068819103179937,1,480.843449354172,7.62939453125e-05
41,4000,14,-0.0439722029583222,0.0325447939649126,0.0327497312442192,-0.107759999129551,0.0198155932129065,1,935.872080564499,9.25064086914062e-05
420,1000,141,0.0695986815695529,0.0725501486953886,0.068511730695253,-0.0725996098734087,0.211796973012515,1,141.738369464874,4.24385070800781e-05
421,2000,141,-0.0320697114613109,0.0467957224341696,0.0474966353766623,-0.123789327432283,0.0596499045096615,1,413.415083885193,8.48770141601562e-05
422,4000,141,-0.0225721647868811,0.0336108216248568,0.0333295201291058,-0.0884493751716005,0.0433050455978383,1,466.55836224556,6.27040863037109e-05
423,1000,142,0.0276563612797918,0.0706082758660683,0.0663940693211126,-0.110735859417702,0.166048581977286,1,106.776411771774,4.31537628173828e-05
424,2000,142,-0.00383918991380222,0.0464098770933856,0.0472469609476402,-0.094802549016838,0.0871241691892336,1,213.571002006531,5.14984130859375e-05
425,4000,142,0.0280926141007214,0.033271524186852,0.0338813735337869,-0.0371195733055085,0.0933048015069513,1,919.543427944183,9.20295715332031e-05
426,1000,143,0.0443956028809686,0.0715830608335968,0.0669296882647334,-0.0959071963528812,0.184698402114818,1,166.252722978592,8.65459442138672e-05
427,2000,143,0.00030754574000011,0.0460510116445793,0.0453290433748109,-0.0899524370833753,0.0905675285633755,1,323.763558864594,8.70227813720703e-05
428,4000,143,0.0133277460849573,0.0343273730571028,0.0344021669514388,-0.0539539051069642,0.0806093972768789,1,506.769731521606,5.38825988769531e-05
429,1000,144,-0.090477502131543,0.0657969363722605,0.0663230348286468,-0.219439497421174,0.0384844931580876,1,155.59629201889,6.50882720947266e-05
42,1000,15,0.0607177814797534,0.0677731923872658,0.0682058055718717,-0.0721176755992875,0.193553238558794,1,100.375967264175,8.03470611572266e-05
430,2000,144,-0.00168706525901903,0.0487635123515734,0.0486128599544686,-0.0972635494681029,0.0938894189500648,1,318.469374418259,0.0001220703125
431,4000,144,0.0160774534590707,0.0327331284676944,0.0326531598079959,-0.0480794783376102,0.0802343852557517,1,467.480814218521,6.96182250976562e-05
432,1000,145,0.0198566201331665,0.0687009666760662,0.0681425783451228,-0.114797274551923,0.154510514818256,1,108.133551120758,4.52995300292969e-05
433,2000,145,0.0416113625338843,0.049009945888989,0.0481195043971678,-0.0544481314085341,0.137670856476303,1,223.81912112236,5.10215759277344e-05
434,4000,145,0.0305757896581516,0.0328702251151792,0.0337067624303077,-0.0338498515675997,0.0950014308839029,1,589.356235027313,6.65187835693359e-05
435,1000,146,-0.0533374013302107,0.068166313399007,0.0649165202012865,-0.186943375592265,0.0802685729318431,1,212.078428506851,8.03470611572266e-05
436,2000,146,0.052986094059465,0.0462032853078944,0.0458528998647118,-0.037572345144008,0.143544533262938,1,224.831062793732,0.000109434127807617
437,4000,146,-0.0115762387488632,0.0326976639538877,0.032925353182869,-0.0756636600984832,0.0525111826007568,1,465.699801683426,8.36849212646484e-05
438,1000,147,0.143361946333902,0.067200941236831,0.0661327335853589,0.0116481015097133,0.275075791158091,0,110.501737594604,6.43730163574219e-05
439,2000,147,0.0651586047101967,0.0474153540607393,0.0476972671276724,-0.0277754892488522,0.158092698669246,1,328.169972896576,9.51290130615234e-05
43,2000,15,-0.0510888849876906,0.0468950886518504,0.047848006027043,-0.143003258745317,0.0408254887699361,1,427.950455904007,8.34465026855469e-05
440,4000,147,0.0358933479048351,0.033440699322155,0.0338896909716509,-0.0296504227665886,0.101437118576259,1,754.731352090836,7.55786895751953e-05
441,1000,148,0.012726048699614,0.065294425758242,0.0656892389143038,-0.11525102578654,0.140703123185768,1,154.419013738632,7.17639923095703e-05
442,2000,148,-0.0984164600711094,0.0475699280283388,0.0478478504662296,-0.191653519006654,-0.0051794011355653,0,220.83100438118,4.74452972412109e-05
443,4000,148,0.0189595669655712,0.0332481842283927,0.0339439756858793,-0.0462068741220784,0.0841260080532209,1,604.435866117477,6.53266906738281e-05
444,1000,149,0.00604458307614235,0.0692111130737678,0.0704393934272158,-0.129609198548443,0.141698364700727,1,107.508641958237,5.41210174560547e-05
445,2000,149,0.00193435384634977,0.0485424376599374,0.0484737111732774,-0.0932088239671276,0.0970775316598271,1,208.389845848083,5.60283660888672e-05
446,4000,149,-0.0453000276783102,0.0335266555271586,0.0333624706115327,-0.111012272511541,0.0204122171549206,1,460.846935033798,7.05718994140625e-05
447,1000,150,0.0212810699737151,0.0661806127133579,0.0665071809634342,-0.108432930944466,0.150995070891897,1,143.052593231201,4.86373901367188e-05
448,2000,150,0.0294275972692184,0.0472015339113777,0.0484766468993126,-0.0630874091970819,0.121942603735519,1,420.558676719666,5.38825988769531e-05
449,4000,150,-0.016166332361686,0.033344678171801,0.0332660170783642,-0.0815219015784161,0.049189236855044,1,628.426057815552,7.48634338378906e-05
44,4000,15,0.0078904111213252,0.0330550249933536,0.0330722617968329,-0.0568974378656479,0.0726782601082983,1,695.45671415329,8.20159912109375e-05
450,1000,151,-0.102975953549802,0.0682500201869077,0.0692392144122027,-0.236745993116141,0.030794086016537,1,203.336656570435,7.27176666259766e-05
451,2000,151,0.0856354030290145,0.04673110552857,0.0481284760843866,-0.00595756380698272,0.177228369865012,1,423.132586479187,5.41210174560547e-05
452,4000,151,0.0324621442832038,0.0328632513277496,0.0335705333310102,-0.0319498283191855,0.0968741168855931,1,480.67376947403,7.65323638916016e-05
453,1000,152,0.0850888363802745,0.0687885294593449,0.0682437962235424,-0.0497366813600415,0.21991435412059,1,107.424337863922,5.7220458984375e-05
454,2000,152,0.0137373790900749,0.047479511180016,0.0463979853530956,-0.0793224628227565,0.106797221002906,1,208.104375123978,6.41345977783203e-05
455,4000,152,-0.0104729260832762,0.0333067441874747,0.0340969432914179,-0.0757541446907266,0.0548082925241742,1,551.858119010925,7.74860382080078e-05
456,1000,153,-0.063135458852821,0.0666368231141757,0.0701480458856355,-0.193743632156605,0.0674727144509633,1,183.908981561661,0.0001068115234375
457,2000,153,-0.0221272253062075,0.0489767180559175,0.0491954884244211,-0.118121592695806,0.0738671420833907,1,212.746057271957,6.34193420410156e-05
458,4000,153,0.0795624031721281,0.0334810291899941,0.0336845988970038,0.0139395859597396,0.145185220384517,0,482.028110027313,6.55651092529297e-05
459,1000,154,-0.0572027512190912,0.0638002277871477,0.0644132162726564,-0.182251197681901,0.0678456952437183,1,133.574936389923,4.24385070800781e-05
45,1000,16,-0.0541968079967553,0.0656570549641323,0.0645827174745016,-0.182884635726455,0.0744910197329439,1,101.706621170044,5.00679016113281e-05
460,2000,154,-0.0348631917654586,0.0476617200092588,0.0480058873903349,-0.128280162983606,0.0585537794526887,1,319.448244571686,9.39369201660156e-05
461,4000,154,-0.0134608133223214,0.0336022092115858,0.0340308731154337,-0.0793211433770296,0.0523995167323867,1,460.707589864731,8.55922698974609e-05
462,1000,155,-0.0126187594524144,0.0668097023360008,0.0645477705611821,-0.143565776030976,0.118328257126147,1,108.392848730087,5.69820404052734e-05
463,2000,155,0.0714170159520902,0.0469601402521853,0.0503491192263143,-0.0206248589421929,0.163458890846373,1,209.062718868256,9.44137573242188e-05
464,4000,155,-0.0206180508619577,0.0328449632370234,0.0336663076162481,-0.0849941788065235,0.0437580770826081,1,449.788043260574,0.000121116638183594
465,1000,156,0.0732223730946675,0.0692095662429773,0.0676596973652659,-0.062428376741568,0.208873122930903,1,105.900718212128,6.00814819335938e-05
466,2000,156,0.0586499298212172,0.0476676337790951,0.0476015765336807,-0.0347786323858093,0.152078492028244,1,206.379437446594,4.72068786621094e-05
467,4000,156,0.0385269225067852,0.0326679699334941,0.0336804727333444,-0.0255022985628634,0.102556143576434,1,453.740346431732,6.91413879394531e-05
468,1000,157,-0.00042966743406783,0.0698783345693999,0.0677958345947362,-0.137391203190092,0.136531868321956,1,109.201946020126,6.29425048828125e-05
469,2000,157,-0.0609701869693596,0.0473822319457609,0.0476994621101389,-0.153839361583051,0.0318989876443317,1,296.312838077545,6.03199005126953e-05
46,2000,16,0.00341397443110065,0.0477818016154701,0.0486687914425643,-0.0902383567352207,0.097066305597422,1,208.357048034668,4.52995300292969e-05
470,4000,157,-0.023189902309444,0.0334216438314772,0.0344700393459053,-0.0886963242191393,0.0423165196002513,1,888.568142175674,0.000113487243652344
471,1000,158,-0.0406579081043187,0.0677893730389793,0.0691267291604841,-0.173525079260718,0.0922092630520809,1,108.767004489899,4.45842742919922e-05
472,2000,158,-0.0598268922184949,0.0468160555355223,0.04777682294392,-0.151586361068119,0.0319325766311289,1,268.442191839218,6.81877136230469e-05
473,4000,158,0.0317623199948807,0.032476880493202,0.0329216939727983,-0.0318923657717953,0.0954170057615567,1,958.466279745102,0.000104904174804688
474,1000,159,-0.00136195363401921,0.0692703984433782,0.0692437155358353,-0.13713193458304,0.134408027315002,1,103.648221254349,9.87052917480469e-05
475,2000,159,-0.0341835032768614,0.0473442012496248,0.0483085460889017,-0.126978137726126,0.0586111311724033,1,209.80098772049,5.41210174560547e-05
476,4000,159,0.00302466187752722,0.0328968137983242,0.0326330821087261,-0.0614530931671883,0.0675024169222427,1,468.106041669846,9.918212890625e-05
477,1000,160,0.0196722586120805,0.0701821543173536,0.0670136281541327,-0.117884763849933,0.157229281074094,1,172.022471904755,6.72340393066406e-05
478,2000,160,-0.00982170417077361,0.0492194983285644,0.0476849537189889,-0.10629192089476,0.0866485125532126,1,215.556987524033,5.81741333007812e-05
479,4000,160,-0.0212445873183684,0.0335065425987325,0.034258718542223,-0.0869174108118841,0.0444282361751472,1,468.893213510513,8.63075256347656e-05
47,4000,16,0.0425163468510758,0.0328428910273358,0.0328105237206795,-0.0218557195625024,0.106888413264654,1,488.457139253616,5.29289245605469e-05
480,1000,161,0.0545677099338303,0.0667225615931965,0.0673167647647842,-0.0762085107888349,0.185343930656496,1,105.536468505859,6.03199005126953e-05
481,2000,161,-0.105429399997367,0.0470347098473725,0.0473888178314559,-0.197617431298217,-0.013241368696517,0,211.494971752167,6.103515625e-05
482,4000,161,-9.13049452943196e-05,0.0337126132751507,0.0337694513950721,-0.0661680269645897,0.0659854170740011,1,460.584944486618,0.000103473663330078
483,1000,162,0.000894361112620762,0.0663795279569662,0.0643039646420353,-0.129209513683033,0.130998235908275,1,186.386070966721,9.01222229003906e-05
484,2000,162,0.00373212220054556,0.0485384683125055,0.0479487184287766,-0.0914032756919653,0.0988675200930564,1,273.679499387741,4.67300415039062e-05
485,4000,162,0.0620869564403989,0.0337883049314948,0.034385134821905,-0.0041381212253308,0.128312034106129,1,473.967348098755,8.51154327392578e-05
486,1000,163,0.00254022899828064,0.070458556181567,0.0713757298634259,-0.135558541117591,0.140638999114152,1,108.981619358063,8.7738037109375e-05
487,2000,163,0.045488115063638,0.0466291410948177,0.0456910583400617,-0.0459050014822048,0.136881231609481,1,203.139801979065,5.07831573486328e-05
488,4000,163,0.0263712978905814,0.0334548780371949,0.0339905483520409,-0.0392002630623205,0.0919428588434833,1,633.119258642197,6.15119934082031e-05
489,1000,164,0.0384006346216314,0.0731242157347937,0.0670544431295896,-0.104922828218564,0.181724097461827,1,150.912284612656,4.60147857666016e-05
48,1000,17,-0.0177246201822582,0.0647816020763833,0.0656424278073898,-0.144696560251969,0.109247319887453,1,101.134037017822,6.22272491455078e-05
490,2000,164,0.0732314175556088,0.0476653138876647,0.048322113626825,-0.0201925976642141,0.166655432775432,1,213.820261955261,5.7220458984375e-05
491,4000,164,-0.000526605895739016,0.0341661321412272,0.0346105040148207,-0.0674922248925444,0.0664390131010664,1,596.775437116623,8.05854797363281e-05
492,1000,165,-0.00458047887940375,0.0656622483816143,0.0632033372151114,-0.133278485707368,0.12411752794856,1,155.916974782944,6.24656677246094e-05
493,2000,165,-0.00472901990408507,0.0474710901144967,0.0467895186031224,-0.0977723565284987,0.0883143167203286,1,372.546883583069,9.17911529541016e-05
494,4000,165,-0.0225272215859456,0.0325250412051672,0.0334446840428311,-0.0862763023480733,0.0412218591761821,1,704.873008966446,7.05718994140625e-05
495,1000,166,-0.0493396457936843,0.0677923370215185,0.0672548877113514,-0.182212626355861,0.0835333347684919,1,103.880846261978,7.70092010498047e-05
496,2000,166,-0.0209112398985802,0.045313411019657,0.0465239900116924,-0.109725525497108,0.0679030456999476,1,219.655589342117,4.45842742919922e-05
497,4000,166,0.013767257737519,0.0339095515101914,0.0342640500023232,-0.0526954632224561,0.080229978697494,1,892.210540056229,9.82284545898438e-05
498,1000,167,0.0239231941168858,0.0687905265682903,0.0687627548483968,-0.110906237956963,0.158752626190735,1,102.099826335907,4.60147857666016e-05
499,2000,167,0.0920670417790831,0.0462076380518182,0.0476744417508906,0.00150007119751942,0.182634012360647,0,424.603482723236,9.39369201660156e-05
49,2000,17,0.0322937528406542,0.0515112465593124,0.0495821855422315,-0.0686682904155981,0.133255796096907,1,341.346590280533,6.03199005126953e-05
4,2000,2,0.0307500854038377,0.0480789088092753,0.047072643865185,-0.0634845758623419,0.124984746670017,1,207.519583463669,8.79764556884766e-05
500,4000,167,-0.0243684449332024,0.0331379583151725,0.0341361251117742,-0.0893188432309406,0.0405819533645357,1,509.159263849258,6.91413879394531e-05
501,1000,168,-0.0716773984822578,0.0673121961334683,0.0651758501694951,-0.203609302903856,0.06025450593934,1,197.46518945694,8.63075256347656e-05
502,2000,168,-0.0839729579930482,0.046578281697883,0.0463426551449473,-0.175266390120899,0.0073204741348025,1,269.63596701622,5.69820404052734e-05
503,4000,168,-0.0235053794723378,0.0337480373222165,0.0345731891265593,-0.0896515326238823,0.0426407736792066,1,502.618060350418,7.20024108886719e-05
504,1000,169,-0.053570992983258,0.0655437216015435,0.0662825321913413,-0.182036687322283,0.0748947013557673,1,107.518324613571,4.14848327636719e-05
505,2000,169,-0.0229900136556939,0.0465876150493977,0.0463103793592935,-0.114301739152513,0.0683217118411256,1,221.313952445984,6.98566436767578e-05
506,4000,169,-0.026074939546951,0.034271624200676,0.0343151577131251,-0.093247322980276,0.0410974438863739,1,476.900117397308,8.27312469482422e-05
507,1000,170,-0.00145316121013911,0.0675842394549755,0.0686098698731413,-0.133918270541891,0.131011948121613,1,106.762195587158,4.79221343994141e-05
508,2000,170,0.00164518049346329,0.0483329245827424,0.0479152318098276,-0.0930873516887119,0.0963777126756384,1,276.538939476013,6.12735748291016e-05
509,4000,170,-0.0426796563203241,0.0335633709869691,0.0339575886887259,-0.108463863454784,0.0231045508141354,1,894.422032356262,8.89301300048828e-05
50,4000,17,0.0387770665758247,0.0337015945711308,0.033872338023954,-0.0272780587835916,0.104832191935241,1,465.87862443924,7.93933868408203e-05
510,1000,171,0.111158612843719,0.0658326965636346,0.0668591805804523,-0.0178734724210046,0.240190698108443,1,172.232870817184,7.74860382080078e-05
511,2000,171,0.0341235116224876,0.0464223931750474,0.0461253551591762,-0.0568643790006052,0.12511140224558,1,199.765376567841,6.81877136230469e-05
512,4000,171,0.0119985248318635,0.0328687504170817,0.0336157651012096,-0.0524242259856167,0.0764212756493437,1,467.903841257095,7.34329223632812e-05
513,1000,172,-0.128640331527299,0.0679210102068239,0.0679691739956477,-0.261765511532674,0.00448484847807556,1,90.7656166553497,5.62667846679688e-05
514,2000,172,-0.00771363460909517,0.0473663962325272,0.047761720284087,-0.100551771224848,0.0851245020066581,1,211.468049049377,5.88893890380859e-05
515,4000,172,0.000939838843596138,0.0341377090699607,0.0337948731518161,-0.0659700709335269,0.0678497486207192,1,458.685615777969,8.48770141601562e-05
516,1000,173,0.0491938487929108,0.0718866546373521,0.0702951378143893,-0.0917039942962993,0.190091691882121,1,153.84944653511,4.67300415039062e-05
517,2000,173,-0.00684132908019129,0.0476226467320692,0.0492172411518194,-0.100181716675047,0.0864990585146644,1,318.142469167709,7.39097595214844e-05
518,4000,173,0.0406045914762218,0.0321194176886846,0.0325387325573387,-0.0223494671936,0.103558650146044,1,708.632509469986,9.08374786376953e-05
519,1000,174,0.111656691054973,0.0676958646205728,0.0649464260623133,-0.0210272036013493,0.244340585711296,1,169.979755401611,5.48362731933594e-05
51,1000,18,-0.106958788459593,0.0678383510152857,0.0683520209227463,-0.239921956449553,0.0260043795303673,1,101.048863649368,7.08103179931641e-05
520,2000,174,0.000233554144777755,0.0469688481016186,0.0475131545408589,-0.0918253881343947,0.0922924964239502,1,321.526962757111,0.000106334686279297
521,4000,174,0.0119693309920987,0.0338951068879516,0.0343020530412844,-0.0544650785082864,0.0784037404924838,1,868.090077877045,8.70227813720703e-05
522,1000,175,0.0424030460365505,0.0693176146125539,0.0668912123096312,-0.0934594786040551,0.178265570677156,1,142.980533123016,0.000108242034912109
523,2000,175,0.0575753064596828,0.0489328475189025,0.0475944022157482,-0.0383330746773661,0.153483687596732,1,301.655179023743,5.31673431396484e-05
524,4000,175,0.00546051162078135,0.0334273973120612,0.0340077007817436,-0.0600571871108586,0.0709782103524213,1,644.692858457565,0.000118017196655273
525,1000,176,0.0240203936965364,0.0671026778831438,0.0654031355380697,-0.107500854954425,0.155541642347498,1,152.235530614853,5.07831573486328e-05
526,2000,176,-0.0276948356329722,0.0464380818941623,0.0467412901650937,-0.11871347614553,0.0633238048795858,1,296.852718353271,0.000115394592285156
527,4000,176,-0.00462117615834804,0.0332130284588072,0.0333798841934265,-0.0697187119376101,0.060476359620914,1,613.981581926346,8.53538513183594e-05
528,1000,177,0.0456210880761334,0.0687826528743022,0.0702173485232085,-0.0891929115574989,0.180435087709766,1,143.592717170715,8.27312469482422e-05
529,2000,177,-0.0741684766783829,0.0482261617751688,0.0482228325663524,-0.168691753757714,0.0203548004009479,1,294.772390842438,5.60283660888672e-05
52,2000,18,0.0437922833339983,0.0481504747791808,0.0484938508680809,-0.050582647233196,0.138167213901193,1,216.867713689804,5.79357147216797e-05
530,4000,177,0.0191933497554136,0.0327150314212985,0.033603895067053,-0.0449281118303315,0.0833148113411586,1,740.24670124054,9.98973846435547e-05
531,1000,178,-0.0196160864166792,0.0704144555260263,0.0678403017921647,-0.157628419247691,0.118396246414332,1,147.908369064331,4.98294830322266e-05
532,2000,178,0.0305053143667041,0.046060330107664,0.0463658379572429,-0.0597729326443172,0.120783561377726,1,324.628468751907,0.000132560729980469
533,4000,178,0.00701554774409332,0.0333795178895728,0.0334276191469429,-0.0584083073194693,0.072439402807656,1,653.118499994278,7.67707824707031e-05
534,1000,179,-0.0520327937978439,0.0654623617553135,0.0639988688222171,-0.180339022838258,0.0762734352425706,1,132.927115678787,4.48226928710938e-05
535,2000,179,0.00201546588760495,0.047598100406242,0.048406209937998,-0.0912768109086293,0.0953077426838392,1,227.165240526199,6.58035278320312e-05
536,4000,179,0.00457420266368105,0.0330123120517685,0.0333398469883187,-0.0601299289577852,0.0692783342851473,1,502.070068120956,7.70092010498047e-05
537,1000,180,-0.0211042593304363,0.066516475966363,0.0668879464686452,-0.151476552224508,0.109268033563635,1,200.828779935837,7.08103179931641e-05
538,2000,180,0.00490315586437255,0.0482276668894176,0.046829283597283,-0.0896230712388859,0.099429382967631,1,413.800478219986,6.69956207275391e-05
539,4000,180,-0.00451938759640137,0.0330002297978844,0.032717293196602,-0.0691998380002547,0.060161062807452,1,739.125905275345,6.15119934082031e-05
53,4000,18,-0.0227950938762375,0.0339276720388763,0.0339796895267512,-0.089293331072435,0.0437031433199601,1,472.427052974701,6.72340393066406e-05
540,1000,181,-0.1309052503939,0.0665775241790875,0.0676735111502022,-0.261397197784912,-0.000413303002888915,0,105.395395755768,4.81605529785156e-05
541,2000,181,-0.0278705786205762,0.0468277833484437,0.048048675139143,-0.119653033983526,0.0639118767423734,1,210.817223787308,5.31673431396484e-05
542,4000,181,-0.00921696787788574,0.0332658328565336,0.0337859265553747,-0.0744180002766915,0.05598406452092,1,465.618009567261,7.65323638916016e-05
543,1000,182,-0.0523100083787972,0.0689338297842254,0.0670600357004766,-0.187420314755879,0.0828002979982846,1,158.71265912056,5.48362731933594e-05
544,2000,182,0.000782990006908347,0.045852667385321,0.0461269747130854,-0.0890882380683209,0.0906542180821376,1,420.878928184509,9.05990600585938e-05
545,4000,182,0.0374062146887672,0.032659914750017,0.0330937701511157,-0.0266072182212662,0.101419647598801,1,508.020496845245,7.79628753662109e-05
546,1000,183,0.0101491074596993,0.0680300471578189,0.067763422300947,-0.123189784969626,0.143487999889024,1,208.323282003403,8.32080841064453e-05
547,2000,183,-0.00815840854502339,0.048116170650933,0.0492574964967232,-0.102466103020852,0.0861492859308053,1,216.198017835617,7.05718994140625e-05
548,4000,183,-0.0156735459102516,0.0341230945211183,0.0338072391745775,-0.0825548111716435,0.0512077193511404,1,681.977822542191,0.00012660026550293
549,1000,184,-0.0216993271911217,0.0680351101534167,0.0653572132702537,-0.155048143091818,0.111649488709575,1,102.887823104858,4.26769256591797e-05
54,1000,19,0.0931782667780736,0.0676304863333978,0.0677127247901652,-0.0393774864353861,0.225734019991533,1,109.812049865723,6.34193420410156e-05
550,2000,184,0.0538185246299985,0.0475222209955764,0.0473656570693139,-0.0393250285213312,0.146962077781328,1,218.471635341644,5.38825988769531e-05
551,4000,184,0.0488700474335344,0.0336054270925972,0.0338781558653644,-0.0169965896679562,0.114736684535025,1,707.535129547119,6.05583190917969e-05
552,1000,185,0.0485272153080793,0.0684450561469948,0.0689629567934515,-0.0856250947400306,0.182679525356189,1,145.843787193298,5.93662261962891e-05
553,2000,185,-0.0530824887940447,0.0488333826413356,0.0479540424594646,-0.148795918771062,0.042630941182973,1,213.798787355423,5.91278076171875e-05
554,4000,185,0.0251976400933749,0.0330846670634273,0.0332450485200015,-0.0396483073509426,0.0900435875376925,1,894.865344285965,0.000104427337646484
555,1000,186,-0.0289720132635257,0.0674137666540726,0.0660176825437102,-0.161102995905508,0.103158969378457,1,142.44552397728,6.38961791992188e-05
556,2000,186,0.0336052236854744,0.0474135835043184,0.0479420196342247,-0.0593253999829896,0.126535847353938,1,435.660744667053,9.75131988525391e-05
557,4000,186,0.0222130712017864,0.0341619097433265,0.0336620523195701,-0.0447442718951335,0.0891704142987064,1,659.547616243362,6.60419464111328e-05
558,1000,187,0.0115646957583735,0.0650545809112358,0.0621173688744034,-0.115942282827649,0.139071674344396,1,209.790050268173,7.43865966796875e-05
559,2000,187,0.0377384019825266,0.0483230307365632,0.0480202207700309,-0.0569747382611372,0.13245154222619,1,273.361456394196,5.03063201904297e-05
55,2000,19,0.0344690760830713,0.0449178826539006,0.0449216758247855,-0.0535699739185739,0.122508126084716,1,216.137402534485,5.45978546142578e-05
560,4000,187,-0.0392450791393127,0.0332448589480613,0.0338803127742479,-0.104405002677513,0.0259148443988873,1,415.653521060944,8.58306884765625e-05
561,1000,188,0.144657365791028,0.0708266458166787,0.0705186506278841,0.00583713999033819,0.283477591591719,0,101.661524295807,6.00814819335938e-05
562,2000,188,-0.0127147908558267,0.0467741506963974,0.0484347642110562,-0.104392126220766,0.0789625445091123,1,216.152611732483,6.69956207275391e-05
563,4000,188,0.0318311144906914,0.0329576617258292,0.0333074674628266,-0.0327659024919339,0.0964281314733167,1,760.020716190338,9.25064086914062e-05
564,1000,189,0.0143136631944752,0.0685438190026152,0.0667493081905746,-0.120032222050651,0.148659548439601,1,100.832457065582,6.55651092529297e-05
565,2000,189,0.0249417946880632,0.0470470698253796,0.0465737513665627,-0.0672704621696808,0.117154051545807,1,204.723305940628,7.62939453125e-05
566,4000,189,0.0212324413247179,0.03390136158085,0.0343315305191896,-0.0452142273737482,0.087679110023184,1,707.684971570969,8.27312469482422e-05
567,1000,190,0.0606931256440865,0.0702463109746882,0.067868318945459,-0.0769896438663022,0.198375895154475,1,102.665426254272,5.24520874023438e-05
568,2000,190,0.0686150049074746,0.0482859201658667,0.0470195021337767,-0.0260253986176241,0.163255408432573,1,213.124686956406,5.81741333007812e-05
569,4000,190,0.00370560438205721,0.0331602937758986,0.0334209068485092,-0.061288571418704,0.0686997801828184,1,445.10910320282,7.2479248046875e-05
56,4000,19,-0.0119718421468013,0.0338907085209767,0.0339722309405969,-0.0783976308479155,0.054453946554313,1,476.59335064888,8.15391540527344e-05
570,1000,191,-0.0351599144523064,0.0667492437195327,0.0659784161098224,-0.16598843214259,0.0956686032379777,1,99.901097536087,6.62803649902344e-05
571,2000,191,-0.0843349075477983,0.0456386349001204,0.046331007184024,-0.173786631952034,0.00511681685643769,1,213.112501621246,7.00950622558594e-05
572,4000,191,4.27727012610897e-05,0.0328723520892915,0.0336838832046342,-0.0643870373937503,0.0644725827962725,1,876.106317281723,6.81877136230469e-05
573,1000,192,-0.0584705244761748,0.0671422097373408,0.0642141671051475,-0.190069255561363,0.0731282066090131,1,154.015785217285,5.22136688232422e-05
574,2000,192,0.0847670555469312,0.0467303587313517,0.046148762605286,-0.00682444756651816,0.176358558660381,1,428.92253613472,8.10623168945312e-05
575,4000,192,-0.00664961111862057,0.0331472190823165,0.0333837133218135,-0.071618160519961,0.0583189382827198,1,716.418828964233,0.000115156173706055
576,1000,193,-0.106424476461236,0.0672468121785113,0.0669877093791436,-0.238228228331118,0.0253792754086463,1,215.160252094269,7.86781311035156e-05
577,2000,193,0.0800870527905409,0.0461676725999389,0.047290859245995,-0.0104015855053394,0.170575691086421,1,422.707359552383,8.17775726318359e-05
578,4000,193,0.0188290098114746,0.0330303665769552,0.0333781447701502,-0.0459105086793576,0.0835685283023067,1,648.626420021057,0.000111103057861328
579,1000,194,0.0564352292464526,0.0722242557503897,0.0670387717047593,-0.0851243120243112,0.197994770517216,1,141.080168247223,5.41210174560547e-05
57,1000,20,0.126777075499557,0.0664249812500466,0.0651183997813691,-0.00341588775053447,0.256970038749648,1,103.830478429794,6.31809234619141e-05
580,2000,194,-0.0169377865935107,0.0473531932319843,0.0473477222465265,-0.1097500453282,0.0758744721411785,1,224.478951931,7.15255737304688e-05
581,4000,194,0.0338315598972093,0.0342427969519187,0.0350118172072153,-0.0332843221285514,0.10094744192297,1,663.918563365936,8.86917114257812e-05
582,1000,195,-0.0881105843025664,0.0658420719301285,0.0679467713852322,-0.217161045285618,0.0409398766804854,1,148.458365917206,6.91413879394531e-05
583,2000,195,-0.0127450115313237,0.0473887784777657,0.0483454130417088,-0.105627017347744,0.080136994285097,1,273.665033817291,4.79221343994141e-05
584,4000,195,0.0164442863608277,0.0337555596899582,0.0342704087296457,-0.0497166106314904,0.0826051833531458,1,449.856420278549,7.53402709960938e-05
585,1000,196,0.0320831255010701,0.0699292569158447,0.0706752313801581,-0.104978218053986,0.169144469056126,1,154.097959041595,0.000106096267700195
586,2000,196,0.0272093468094347,0.046921914320133,0.0466069159115653,-0.0647576052580259,0.119176298876895,1,211.975453853607,8.46385955810547e-05
587,4000,196,-0.0191867484170014,0.0328816659881131,0.0334945267430784,-0.083634813753703,0.0452613169197003,1,459.705866575241,0.000110864639282227
588,1000,197,0.0491683167802074,0.0701804789630308,0.0652346034730358,-0.0883854219873329,0.186722055547748,1,160.841671228409,6.29425048828125e-05
589,2000,197,0.00853215945395097,0.0485034656579932,0.0488304825723341,-0.0865346332357157,0.103598952143618,1,361.67151260376,7.31945037841797e-05
58,2000,20,0.0323652328836755,0.0482511139395671,0.0487160461338597,-0.062206950437876,0.126937416205227,1,213.467076539993,6.22272491455078e-05
590,4000,197,-0.0106828147879802,0.0332075141578481,0.0331874837450189,-0.0757695425373626,0.0544039129614021,1,607.695284605026,9.25064086914062e-05
591,1000,198,-0.0149997305972398,0.0676207774046972,0.0653646839498165,-0.147536454310446,0.117536993115967,1,104.590888261795,4.64916229248047e-05
592,2000,198,-0.06636231089752,0.0484133519302915,0.0475123152060871,-0.161252480680891,0.0285278588858513,1,207.657908439636,5.31673431396484e-05
593,4000,198,0.0298503966050733,0.0334604497321464,0.0337066426417591,-0.0357320848699337,0.0954328780800803,1,479.286953687668,7.05718994140625e-05
594,1000,199,-0.0084426333546823,0.0705398984805192,0.0691389861984749,-0.1467008343765,0.129815567667135,1,109.72470831871,4.55379486083984e-05
595,2000,199,-0.0214650638468435,0.0456182045288316,0.047481955096921,-0.110876744723353,0.0679466170296665,1,283.51687836647,0.00012516975402832
596,4000,199,-0.0516065704064759,0.0325315608706,0.0329048350928502,-0.115368429712852,0.0121552888999001,1,698.658608913422,6.98566436767578e-05
597,1000,200,-0.0815706096277884,0.0680746192267094,0.0686915257423704,-0.214996863312139,0.051855644056562,1,97.4704482555389,5.03063201904297e-05
598,2000,200,-0.0271426648444421,0.0469662184189292,0.0473087797936309,-0.119196452945543,0.0649111232566592,1,217.495588064194,7.34329223632812e-05
599,4000,200,-0.00765090351797957,0.0337970261917018,0.0338150282717041,-0.073893074853715,0.0585912678177559,1,509.371163368225,7.82012939453125e-05
59,4000,20,-0.030931137017257,0.0330080211648908,0.034580600566616,-0.0956268585004431,0.033764584465929,1,460.197846651077,0.000126838684082031
5,4000,2,0.00192335471625054,0.0326700980056004,0.0337602196233205,-0.0621100373747263,0.0659567468072274,1,467.33849978447,6.103515625e-05
600,1000,201,0.0563746979121095,0.0711180861547375,0.069682423445634,-0.0830167509511761,0.195766146775395,1,154.157757043839,6.38961791992188e-05
601,2000,201,0.0992863919774363,0.0478821233952171,0.0476577652024723,0.00543743012281078,0.193135353832062,0,220.703785181046,8.63075256347656e-05
602,4000,201,-0.0582475677983474,0.0332455330172141,0.0329749898291807,-0.123408812512087,0.0069136769153923,1,708.6535384655,9.39369201660156e-05
603,1000,202,-0.0778416182261845,0.0654164944938423,0.0631295055570014,-0.206057947434115,0.0503747109817465,1,101.556765556335,5.91278076171875e-05
604,2000,202,0.0313460583681406,0.0468026593809404,0.0478755773501361,-0.0603871540185025,0.123079270754784,1,215.462786197662,7.43865966796875e-05
605,4000,202,-0.0435150278163516,0.032944979824856,0.0339099019733586,-0.108087188273069,0.0210571326403661,1,977.71441245079,9.87052917480469e-05
606,1000,203,0.0549047329307629,0.067995098336358,0.064659266560815,-0.0783656598084988,0.188175125670025,1,195.50582075119,8.46385955810547e-05
607,2000,203,0.0285673439809096,0.0468531254422552,0.04675231652753,-0.0632647818859107,0.12039946984773,1,210.599948644638,6.91413879394531e-05
608,4000,203,0.00373014005049276,0.0341226563413785,0.033736254807137,-0.0631502663786091,0.0706105464795946,1,462.844545841217,8.72611999511719e-05
609,1000,204,0.0224412636013026,0.0666442024625991,0.0675751377614462,-0.108181373225392,0.153063900427997,1,207.582604169846,6.89029693603516e-05
60,1000,21,0.0122224860460732,0.0667780930391058,0.064811066126518,-0.118662576310574,0.143107548402721,1,101.508895635605,5.43594360351562e-05
610,2000,204,-0.00557270403789375,0.0484719031512351,0.0476032982498067,-0.100577634214315,0.0894322261385271,1,204.833513975143,4.98294830322266e-05
611,4000,204,0.0151008866525375,0.0328909819301185,0.0332981983840443,-0.0493654379304948,0.0795672112355697,1,508.931755781174,8.03470611572266e-05
612,1000,205,0.00510768965500824,0.0692867277869497,0.0661061072450567,-0.130694296807413,0.14090967611743,1,107.506678342819,4.76837158203125e-05
613,2000,205,0.0461177935744321,0.0484305159362252,0.0491360400458945,-0.0488060176605692,0.141041604809433,1,293.958354949951,7.86781311035156e-05
614,4000,205,0.00464942030841708,0.0336024023132169,0.033233850173966,-0.061211288225488,0.0705101288423221,1,508.918776035309,5.29289245605469e-05
615,1000,206,-0.0224752173980695,0.0682358328030321,0.0643727609754205,-0.156217449692012,0.111267014895873,1,143.816636800766,7.91549682617188e-05
616,2000,206,-0.0158225926627258,0.04934650267723,0.0489241883733179,-0.112541737910097,0.080896552584645,1,209.745025873184,5.29289245605469e-05
617,4000,206,0.00940938844711737,0.0330689073333534,0.033469158558212,-0.0554056699262553,0.07422444682049,1,944.375771999359,8.94069671630859e-05
618,1000,207,-0.0331618793859871,0.068451659802893,0.0686132277154962,-0.167327132599657,0.101003373827683,1,107.471264123917,6.46114349365234e-05
619,2000,207,-0.0148910168713728,0.0484379981438081,0.0493005162858239,-0.109829493233237,0.080047459490491,1,224.473329544067,5.50746917724609e-05
61,2000,21,0.0860111055120516,0.0468593790261382,0.0480471328128273,-0.0058332773791793,0.177855488403283,1,311.218832492828,8.96453857421875e-05
620,4000,207,-0.0329569474034464,0.0335085677843798,0.0334326598714372,-0.0986337402608309,0.0327198454539381,1,602.624639987946,6.4849853515625e-05
621,1000,208,0.00903801340299562,0.0689727221823631,0.0690795096386975,-0.126148522074436,0.144224548880427,1,108.327870607376,5.62667846679688e-05
622,2000,208,0.0478437090579237,0.045954368676969,0.049385528888284,-0.0422268535489356,0.137914271664783,1,210.947204351425,6.98566436767578e-05
623,4000,208,-0.000505005690120959,0.0325739386896114,0.0330848212269306,-0.0643499255217593,0.0633399141415174,1,605.028908967972,6.31809234619141e-05
624,1000,209,0.0254778668220974,0.0676991978172018,0.0655982965396936,-0.107212560899618,0.158168294543813,1,102.153223991394,4.1961669921875e-05
625,2000,209,0.0218284943926644,0.0487760092502367,0.049391400198037,-0.0737724837377995,0.117429472523128,1,267.773044109344,4.72068786621094e-05
626,4000,209,0.000339845177839842,0.033648483599764,0.0332482065601304,-0.0656111826776975,0.0662908730333772,1,473.748080015182,6.34193420410156e-05
627,1000,210,0.0305116462818113,0.0693671604576337,0.0676609141924839,-0.105447988215151,0.166471280778773,1,217.13930606842,8.10623168945312e-05
628,2000,210,-0.131951837557391,0.0482697543193488,0.0473347107058995,-0.226560556023314,-0.037343119091467,0,324.094055891037,7.74860382080078e-05
629,4000,210,0.00627236943771177,0.0333948062189644,0.0337213180043855,-0.0591814507514584,0.0717261896268819,1,673.392017602921,9.27448272705078e-05
62,4000,21,-0.0301265080710614,0.0337170656823724,0.0335936287254241,-0.0962119568085114,0.0359589406663886,1,775.998913288116,9.75131988525391e-05
630,1000,211,-0.0409406909553114,0.0678775739664716,0.0695581753564773,-0.173980735929596,0.0920993540189728,1,176.134983539581,6.98566436767578e-05
631,2000,211,-0.0302810289118042,0.0472198910584099,0.0481596610018377,-0.122832015386288,0.0622699575626793,1,421.419879198074,7.36713409423828e-05
632,4000,211,0.00659906757261503,0.0330075465832219,0.0335548496773157,-0.0580957237304998,0.0712938588757299,1,645.826734542847,7.31945037841797e-05
633,1000,212,0.0250722764676486,0.0666429264133601,0.0659000387913177,-0.105547859302537,0.155692412237834,1,112.519781827927,3.91006469726562e-05
634,2000,212,-0.0233090866135734,0.0464449125940996,0.0459780373053174,-0.114341115298009,0.0677229420708619,1,206.040799379349,5.45978546142578e-05
635,4000,212,0.0119034849312628,0.0336516290461242,0.0331525355457824,-0.0540537079991406,0.0778606778616662,1,500.766131401062,0.000100612640380859
636,1000,213,0.0279995198270823,0.0671880214595924,0.0673771832195329,-0.103689002233719,0.159688041887884,1,147.86168718338,8.03470611572266e-05
637,2000,213,0.0122507435594531,0.0462115600420083,0.0461439005566248,-0.0783239141228832,0.102825401241789,1,276.133419036865,5.86509704589844e-05
638,4000,213,0.0506670745572145,0.0333291371060454,0.0333640385598991,-0.0146580341706344,0.115992183285063,1,692.09050154686,8.13007354736328e-05
639,1000,214,-0.0164402496064592,0.0710184928876627,0.0696698226786298,-0.155636495666278,0.12275599645336,1,153.811731815338,4.88758087158203e-05
63,1000,22,-0.0225568503097532,0.0670058163244806,0.0667330445689126,-0.153888250305735,0.108774549686229,1,104.282968997955,5.88893890380859e-05
640,2000,214,-0.0322148689779595,0.0459516169711142,0.0464846782289053,-0.122280038241343,0.0578503002854244,1,323.88622713089,7.34329223632812e-05
641,4000,214,-0.0336056141807699,0.0328067246968092,0.0330269300797052,-0.097906794586516,0.0306955662249762,1,718.941692352295,8.32080841064453e-05
642,1000,215,0.00162641289328268,0.0661922769870603,0.0670443870342671,-0.128110450001356,0.131363275787921,1,215.251066207886,4.86373901367188e-05
643,2000,215,0.0441312619810154,0.0463087820127797,0.045829467619841,-0.0466339507640328,0.134896474726064,1,208.787759065628,5.60283660888672e-05
644,4000,215,0.00558351736543674,0.0333073648345409,0.0337688640056158,-0.0596989177102633,0.0708659524411368,1,674.478923797607,7.60555267333984e-05
645,1000,216,0.0753394564333368,0.0695448970250026,0.0707516971886115,-0.0609685417356683,0.211647454602342,1,114.513967990875,3.98159027099609e-05
646,2000,216,-0.0566863739746946,0.0474094601583511,0.0491777875456911,-0.149608915885063,0.0362361679356736,1,208.800888538361,6.65187835693359e-05
647,4000,216,0.026504056062714,0.0334614607290059,0.0331470874813787,-0.0390804069661376,0.0920885190915656,1,755.714499235153,9.46521759033203e-05
648,1000,217,-0.0181961416749201,0.0701757671708261,0.0645613092290097,-0.155740645329739,0.119348361979899,1,200.295679330826,6.93798065185547e-05
649,2000,217,0.0630101425798112,0.0467927257518239,0.0463876193555989,-0.0287035998937636,0.154723885053386,1,214.375495672226,6.79492950439453e-05
64,2000,22,0.00927264155758527,0.0465255533541027,0.0465200204314972,-0.081917443016456,0.100462726131626,1,215.698302030563,5.22136688232422e-05
650,4000,217,-0.00670146488488282,0.0327273972723211,0.0332288013034288,-0.0708471635386321,0.0574442337688665,1,781.990129709244,9.08374786376953e-05
651,1000,218,-0.0844760949417257,0.0666253256087755,0.0654010407742964,-0.215061733134926,0.0461095432514744,1,100.045119762421,4.22000885009766e-05
652,2000,218,0.0288106904232445,0.0473990480500438,0.0469930863046895,-0.0640914437548412,0.12171282460133,1,205.841458797455,4.76837158203125e-05
653,4000,218,-0.00511761222315102,0.0326248813971739,0.0331497167317379,-0.0690623797616118,0.0588271553153098,1,622.169828891754,6.58035278320312e-05
654,1000,219,0.0975330886391807,0.0654603966054237,0.0640371949719008,-0.0307692887074497,0.225835465985811,1,105.846176624298,6.866455078125e-05
655,2000,219,0.106047393331862,0.0476287225762262,0.0483842200064527,0.0126950970824584,0.199399689581265,0,204.006368398666,8.24928283691406e-05
656,4000,219,-0.017753992642961,0.033499776906865,0.0346145564454705,-0.0834135553804164,0.0479055700944944,1,893.497079133987,9.58442687988281e-05
657,1000,220,-0.0444182610012113,0.0683787406470581,0.0683828249094481,-0.178440592669445,0.0896040706670226,1,99.9062082767487,3.98159027099609e-05
658,2000,220,-0.0330723086132913,0.046904284518272,0.047274038901599,-0.125004706269105,0.0588600890425218,1,280.594574689865,5.12599945068359e-05
659,4000,220,-0.0530618259887545,0.0325793747496944,0.0337086608191357,-0.116917400498155,0.0107937485206465,1,462.579630851746,6.27040863037109e-05
65,4000,22,0.0294076897976648,0.0337454760538929,0.0333658599868067,-0.0367334432679653,0.0955488228632949,1,613.822384595871,6.69956207275391e-05
660,1000,221,0.00327952816916323,0.0739665193553357,0.0669857237739485,-0.141694849767295,0.148253906105621,1,157.175411224365,5.60283660888672e-05
661,2000,221,-0.0132817703597016,0.0473223748295501,0.0469857303342661,-0.10603362502562,0.0794700843062166,1,213.422689437866,4.9591064453125e-05
662,4000,221,-0.118678072137979,0.0327995609069546,0.0338002795012346,-0.18296521151561,-0.0543909327603484,0,655.610048294067,6.22272491455078e-05
663,1000,222,0.0291478961007259,0.0669775473148977,0.0690723672952621,-0.102128096636474,0.160423888837925,1,104.766271591187,5.86509704589844e-05
664,2000,222,0.0409125435554683,0.047254962647125,0.0480879679988997,-0.0517071832328967,0.133532270343833,1,212.58785867691,4.91142272949219e-05
665,4000,222,0.0169184664897232,0.0329530088495105,0.033756903465888,-0.0476694308553174,0.0815063638347637,1,467.870229959488,8.34465026855469e-05
666,1000,223,0.00707135010784752,0.0661860304371942,0.0653049603005655,-0.122653269549053,0.136795969764748,1,102.637328624725,4.62532043457031e-05
667,2000,223,0.0829299440330234,0.0448263984065429,0.0447619553068357,-0.00492979684380065,0.170789684909847,1,216.165651798248,8.03470611572266e-05
668,4000,223,0.00971612903664435,0.0329066459137356,0.0334645006941712,-0.0547808969542775,0.0742131550275662,1,470.250196933746,5.84125518798828e-05
669,1000,224,0.130881917795223,0.0688923180606578,0.0633369120751087,-0.00414702560366642,0.265910861194112,1,105.986863613129,7.74860382080078e-05
66,1000,23,0.0868470312616832,0.0662216114442526,0.0656065994212359,-0.0429473271690518,0.216641389692418,1,186.218638181686,9.79900360107422e-05
670,2000,224,-0.00199361366622181,0.0470619399610606,0.0469001418937664,-0.0942350159899006,0.090247788657457,1,459.88122177124,0.000108718872070312
671,4000,224,-0.00139053271711884,0.0331565285577906,0.0332012416564,-0.0663773286903885,0.0635962632561508,1,458.517109632492,7.08103179931641e-05
672,1000,225,0.0395075471233167,0.0668776487409396,0.0642139457805374,-0.0915726444089248,0.170587738655558,1,106.436338424683,5.91278076171875e-05
673,2000,225,-0.00908670793195513,0.0476798916305129,0.047946651806626,-0.10253929552776,0.0843658796638502,1,212.64758682251,6.38961791992188e-05
674,4000,225,-0.00979555309865739,0.0328644699502725,0.0336783113474412,-0.0742099142011914,0.0546188080038766,1,445.188901424408,0.000106573104858398
675,1000,226,0.0230971710807388,0.0676388460550662,0.0659154137277959,-0.109474967187191,0.155669309348669,1,108.40437412262,7.79628753662109e-05
676,2000,226,-0.0403271926676211,0.0487738441426318,0.0489502443692571,-0.135923927187179,0.0552695418519372,1,213.994341373444,7.74860382080078e-05
677,4000,226,-0.0163714359482027,0.0331007788778621,0.0335543729429301,-0.0812489625488124,0.0485060906524071,1,457.14886879921,6.81877136230469e-05
678,1000,227,-0.0484238620312744,0.0677194191647684,0.0679692106944569,-0.181153923594221,0.0843061995316716,1,131.745534420013,5.57899475097656e-05
679,2000,227,-0.0326393091835515,0.045623886483649,0.0460264837565488,-0.122062126691504,0.0567835083244006,1,282.41596531868,7.08103179931641e-05
67,2000,23,0.0109414994590087,0.0471341132052963,0.0489497994826911,-0.0814413624233721,0.103324361341389,1,284.273459434509,4.76837158203125e-05
680,4000,227,0.000442640818963382,0.0328988247675748,0.0336846922814842,-0.0640390557254832,0.06492433736341,1,736.940323352814,6.103515625e-05
681,1000,228,0.0206317441037881,0.0679304813162632,0.0663065179009677,-0.112511999276088,0.153775487483664,1,188.638259410858,5.67436218261719e-05
682,2000,228,0.0527208509487065,0.0483058348596244,0.0477914508387512,-0.0419585853761573,0.14740028727357,1,303.575463533401,5.50746917724609e-05
683,4000,228,-0.000444382314790169,0.0329460704719034,0.0337216882421815,-0.0650186804397209,0.0641299158101405,1,915.475097179413,8.05854797363281e-05
684,1000,229,0.102443949797516,0.0656012320296916,0.0635731969171405,-0.0261344649806791,0.231022364575712,1,131.635406255722,5.76972961425781e-05
685,2000,229,0.0351130651027712,0.0466679628416113,0.0472405766566649,-0.0563561420667869,0.126582272272329,1,294.413126468658,8.20159912109375e-05
686,4000,229,0.089593581598769,0.0324402179138834,0.0329018929093382,0.0260107544875574,0.153176408709981,0,872.862828969955,0.000101327896118164
687,1000,230,0.0786865451196941,0.0695085266989214,0.0692538476357845,-0.0575501672101919,0.21492325744958,1,146.621850252151,5.67436218261719e-05
688,2000,230,0.0267281251645269,0.0471488926336934,0.0468213756790872,-0.065683704397512,0.119139954726566,1,447.949939250946,6.19888305664062e-05
689,4000,230,0.000387248323714009,0.033138195255468,0.0331967870708617,-0.0645636143770033,0.0653381110244313,1,462.512428998947,6.55651092529297e-05
68,4000,23,-0.0643873959401241,0.0327444213968473,0.0328667320603396,-0.128566461877945,-0.000208330002303359,0,602.789607286453,5.45978546142578e-05
690,1000,231,-0.0113523706504483,0.0739227524041858,0.0671674809401563,-0.156240965362653,0.133536224061756,1,106.471195697784,5.38825988769531e-05
691,2000,231,0.113771535731704,0.0467521327975009,0.0472426509601202,0.0221373554486024,0.205405716014806,0,215.952927350998,6.84261322021484e-05
692,4000,231,-0.0112233056031569,0.0325778628944705,0.0333382268665062,-0.075075916876319,0.0526293056700053,1,472.584056138992,7.22408294677734e-05
693,1000,232,-0.128142139596727,0.0697047024522102,0.0665295629222507,-0.26476335640306,0.00847907720960456,1,150.327975273132,6.53266906738281e-05
694,2000,232,0.0658504019860833,0.0489325656989747,0.0482533313649548,-0.030057426783907,0.161758230756074,1,203.634607791901,5.29289245605469e-05
695,4000,232,0.0613586913702267,0.0325866015425062,0.0331610199239095,-0.0025110476530855,0.125228430393539,1,714.838040351868,8.60691070556641e-05
696,1000,233,0.095905916976425,0.0707067820791874,0.0724499783804022,-0.0426793758987823,0.234491209851632,1,170.674283266068,5.22136688232422e-05
697,2000,233,0.064628485828794,0.049547725098618,0.0514760503302601,-0.0324850553644973,0.161742027022085,1,415.36985373497,8.74996185302734e-05
698,4000,233,0.00249198311257568,0.0339752779003379,0.0341697544544316,-0.0640995615720866,0.0690835277972379,1,802.155295133591,7.91549682617188e-05
699,1000,234,0.0127032608093538,0.0687031858036764,0.067919720515369,-0.121954983365852,0.14736150498456,1,105.862694501877,6.103515625e-05
69,1000,24,-0.0815566198067927,0.0706723838286296,0.0696083424881148,-0.220074492110907,0.0569612524973214,1,108.626448392868,4.1961669921875e-05
6,1000,3,-0.0220249183997527,0.0682376826902165,0.068046103926774,-0.155770776472577,0.111720939673072,1,133.353405952454,4.36305999755859e-05
700,2000,234,0.0193408494642453,0.0461840676896855,0.0483979996573319,-0.0711799232075382,0.109861622136029,1,225.305225133896,6.79492950439453e-05
701,4000,234,-0.00932108283233949,0.0333440876457664,0.0337466878589533,-0.0746754946180416,0.0560333289533627,1,442.491374254227,9.63211059570312e-05
702,1000,235,-0.0202278391960894,0.0658228473113261,0.0663843042367706,-0.149240619926288,0.10878494153411,1,108.572253704071,3.83853912353516e-05
703,2000,235,-0.0587461306996723,0.046197845796812,0.0465629431190232,-0.149293908461424,0.0318016470620792,1,226.925187110901,6.46114349365234e-05
704,4000,235,-0.0175229254574532,0.0336571558406236,0.0337410482520523,-0.0834909509050755,0.0484450999901691,1,1003.3182117939,9.25064086914062e-05
705,1000,236,0.0922101064182826,0.0660868009127116,0.0637016394263894,-0.0373200233706321,0.221740236207197,1,153.738855838776,7.12871551513672e-05
706,2000,236,-0.0628398135665322,0.0462143944642234,0.0476391435955683,-0.15342002671641,0.0277403995833456,1,453.139434099197,8.27312469482422e-05
707,4000,236,-0.0544400684673699,0.0336990705988667,0.0341036023839905,-0.120490246841149,0.0116101099064088,1,442.447224378586,7.84397125244141e-05
708,1000,237,0.0413914093718456,0.0653162083494316,0.0653071917059969,-0.0866283589930403,0.169411177736731,1,231.955967664719,0.000100612640380859
709,2000,237,-0.0416142763141157,0.045907635082045,0.046839648277442,-0.131593241074924,0.0483646884466925,1,205.184825181961,6.05583190917969e-05
70,2000,24,-0.0167747694643327,0.0481613352105836,0.0483301825248642,-0.111170986477076,0.077621447548411,1,210.421958446503,5.340576171875e-05
710,4000,237,0.0133256396396623,0.0334063166532148,0.0334566679021478,-0.0521507410006387,0.0788020202799633,1,503.343423604965,7.22408294677734e-05
711,1000,238,0.080088643863805,0.0699623317578118,0.0682825842559587,-0.057037526381506,0.217214814109116,1,109.008551836014,6.34193420410156e-05
712,2000,238,0.0385272662800871,0.0471070523894807,0.0482234002455683,-0.053802556403295,0.130857088963469,1,457.364679098129,8.82148742675781e-05
713,4000,238,0.00422881552165703,0.0339273279824639,0.0339004434996485,-0.0622687473239722,0.0707263783672862,1,459.478008031845,9.56058502197266e-05
714,1000,239,-0.028735150829473,0.0670702272388143,0.0662016855226917,-0.160192796217549,0.102722494558603,1,107.340875387192,4.83989715576172e-05
715,2000,239,-0.03752917424136,0.0466567159460007,0.0469447169829254,-0.128976337495521,0.0539179890128015,1,343.06875705719,7.31945037841797e-05
716,4000,239,0.0470211544372657,0.033426060694001,0.0337789883689517,-0.0184939245229763,0.112536233397508,1,464.522180318832,6.38961791992188e-05
717,1000,240,0.121319889495296,0.068807646278706,0.0665946765429078,-0.0135430972109676,0.25618287620156,1,159.25621676445,4.67300415039062e-05
718,2000,240,0.00227996466283758,0.0465684578551999,0.0462267283898895,-0.0889942127333542,0.0935541420590293,1,325.327972650528,5.45978546142578e-05
719,4000,240,0.0228598673447212,0.0335742045687121,0.0336590499307002,-0.0429455736099544,0.0886653082993968,1,919.386649370193,9.46521759033203e-05
71,4000,24,-0.0478046254380621,0.0336754145504223,0.0338230771612953,-0.11380843795689,0.0181991870807655,1,835.729794025421,9.77516174316406e-05
720,1000,241,-0.12216375578952,0.0699708862291314,0.067228520803804,-0.259306692798618,0.0149791812195777,1,207.820524215698,0.000122308731079102
721,2000,241,-0.0650764729871093,0.0489297927420986,0.0480686487087643,-0.160978866761623,0.0308259207874038,1,437.539016008377,8.08238983154297e-05
722,4000,241,0.000403283833096448,0.0330003691869816,0.0337904589108366,-0.0642774397733875,0.0650840074395804,1,856.580078125,9.77516174316406e-05
723,1000,242,-0.0835789156113827,0.0685954358416238,0.0675149304432276,-0.218025969860965,0.0508681386382001,1,106.914744615555,5.19752502441406e-05
724,2000,242,0.0129450515637838,0.0471513627878641,0.0468976511264321,-0.0794716195004297,0.105361722627997,1,415.29128241539,7.08103179931641e-05
725,4000,242,0.0185901619885669,0.0338499805910499,0.0339062302543149,-0.0477557999698909,0.0849361239470247,1,933.455580472946,0.000106573104858398
726,1000,243,0.0317258891237871,0.0690472965733653,0.0690063839091617,-0.103606812160009,0.167058590407583,1,174.596614360809,0.000107288360595703
727,2000,243,-0.0241556044841265,0.0463181684446374,0.047405337659654,-0.114939214635616,0.0666280056673628,1,426.803892850876,9.25064086914062e-05
728,4000,243,-0.0693560459817286,0.0339411990681128,0.0338766820534285,-0.13588079615523,-0.00283129580822748,0,652.181639432907,0.000101566314697266
729,1000,244,-0.108027573522153,0.0664911201040798,0.0675197720101731,-0.238350168926149,0.0222950218818437,1,131.464634418488,4.41074371337891e-05
72,1000,25,0.0462929084826326,0.0678308796846427,0.0665877181655258,-0.086655615699267,0.179241432664532,1,208.776257753372,8.53538513183594e-05
730,2000,244,0.0259771144277914,0.0464527554035628,0.0460718771198684,-0.0650702861631917,0.117024515018774,1,188.430000782013,4.50611114501953e-05
731,4000,244,0.0410059749890406,0.0330771910599499,0.0327018303233187,-0.0238253194884613,0.105837269466543,1,460.719399929047,0.000135183334350586
732,1000,245,-0.0750387863632913,0.0687062474657573,0.0653355048900361,-0.209703031396176,0.059625458669593,1,211.263158559799,7.98702239990234e-05
733,2000,245,0.0757954608174255,0.0469918537126887,0.0468962725876088,-0.0163085724594445,0.167899494094295,1,420.400608062744,7.67707824707031e-05
734,4000,245,0.0518447987745488,0.0330385056193941,0.0327915709474425,-0.0129106722394637,0.116600269788561,1,657.273927211761,6.29425048828125e-05
735,1000,246,0.0280560026651139,0.0675957495810807,0.0722071843999782,-0.104431666513804,0.160543671844032,1,107.086098432541,4.86373901367188e-05
736,2000,246,0.0717987538839283,0.0481234868135172,0.0475131750802181,-0.0225232802705655,0.166120788038422,1,207.250729560852,5.88893890380859e-05
737,4000,246,-0.0420055887067822,0.0336436369131992,0.0338022082250279,-0.107947117056653,0.0239359396430882,1,513.556359529495,7.48634338378906e-05
738,1000,247,-0.110148167799054,0.0662120806520241,0.0667258116713024,-0.239923845877021,0.0196275102789129,1,100.451558113098,5.10215759277344e-05
739,2000,247,-0.0670397609957639,0.0456267361819812,0.0464669230237607,-0.156468163912447,0.0223886419209193,1,410.681870222092,8.03470611572266e-05
73,2000,25,-0.0295619066663138,0.0467221593200972,0.0476885707639756,-0.121137338933704,0.0620135256010767,1,210.066739082336,4.67300415039062e-05
740,4000,247,0.0144245615154943,0.0327011041901672,0.0334191289238096,-0.0496696026972333,0.0785187257282219,1,646.54847073555,7.77244567871094e-05
741,1000,248,0.0561191926309256,0.0667443496435189,0.0662327832391075,-0.0746997326703715,0.186938117932223,1,99.1643540859222,5.65052032470703e-05
742,2000,248,-0.0329581836686797,0.0472294091125868,0.047636136062554,-0.12552782552935,0.0596114581919905,1,206.738585948944,5.45978546142578e-05
743,4000,248,0.0293935806066328,0.0323689744652993,0.0325558448814161,-0.0340496093453539,0.0928367705586195,1,453.23658657074,6.866455078125e-05
744,1000,249,-0.102816398449665,0.0657319981144439,0.0655359030718941,-0.231651114753975,0.026018317854645,1,159.470821857452,4.74452972412109e-05
745,2000,249,0.0137876889417554,0.0484931095190348,0.0492437371748305,-0.0812588057155529,0.108834183599064,1,224.619292497635,5.81741333007812e-05
746,4000,249,0.0285778744516512,0.0341721007064222,0.03497737219539,-0.0383994429329362,0.0955551918362386,1,613.634981393814,6.81877136230469e-05
747,1000,250,-0.0177970831354839,0.0733770652611366,0.0645507225955239,-0.161616131047312,0.126021964776344,1,108.844683408737,6.67572021484375e-05
748,2000,250,-0.0107840944491239,0.0465181517801116,0.047701746458918,-0.101959671938143,0.0803914830398948,1,311.164812326431,6.24656677246094e-05
749,4000,250,-0.0255078824073816,0.033844463730921,0.0331640644985122,-0.0918430313199867,0.0408272665052235,1,755.306004285812,6.46114349365234e-05
74,4000,25,0.0224587505255608,0.0330530138299088,0.0329697272257002,-0.0423251565810605,0.0872426576321821,1,701.386731863022,9.1552734375e-05
750,1000,251,-0.031428665906847,0.0686568026666821,0.0681118894403671,-0.165995999133544,0.10313866731985,1,98.6899693012238,5.26905059814453e-05
751,2000,251,-0.00845308626415728,0.0467692595179455,0.047185874628542,-0.100120834919331,0.083214662391016,1,227.205429077148,5.31673431396484e-05
752,4000,251,0.023199759207605,0.0335024063080639,0.0339117268972432,-0.0424649571562002,0.0888644755714102,1,719.069541931152,8.392333984375e-05
753,1000,252,-0.0284059090956219,0.06624949736298,0.0644828589266575,-0.158254923927063,0.101443105735819,1,77.8224022388458,6.38961791992188e-05
754,2000,252,-0.0227425519655456,0.0465689458968923,0.0467552504760804,-0.114017685923455,0.0685325819923634,1,209.929170608521,6.46114349365234e-05
755,4000,252,-0.0374197177231567,0.0332756213123618,0.0329911830912172,-0.102639935495386,0.0278005000490725,1,458.733257055283,7.03334808349609e-05
756,1000,253,-3.34566625769111e-05,0.0653487830728196,0.0640910507582279,-0.128117071485303,0.12805015816015,1,151.594776153564,6.79492950439453e-05
757,2000,253,0.0117481594608705,0.0486529403523513,0.0482172830246278,-0.0836116036297381,0.107107922551479,1,306.110650062561,6.81877136230469e-05
758,4000,253,0.0107175362323997,0.0331471859118314,0.0338604371474322,-0.0542509481547899,0.0756860206195893,1,644.283620595932,0.000107765197753906
759,1000,254,-0.0901310671718621,0.0718900843142667,0.0694704222871784,-0.231035632427825,0.0507734980841006,1,108.533289670944,5.05447387695312e-05
75,1000,26,0.0381205103549871,0.0668850228926491,0.0655124430865339,-0.092974134514605,0.169215155224579,1,108.096555709839,4.31537628173828e-05
760,2000,254,0.0816113465844071,0.0459299233293968,0.0476080890513595,-0.00841130314121057,0.171633996310025,1,214.160233736038,5.91278076171875e-05
761,4000,254,-0.0263335062605612,0.0329231320059922,0.0336512739718479,-0.090862844992306,0.0381958324711835,1,645.416919469833,0.000133037567138672
762,1000,255,0.0129006573651501,0.0643799161214793,0.065820609608143,-0.113283978232949,0.139085292963249,1,110.08393239975,5.57899475097656e-05
763,2000,255,0.0230964278986259,0.0466076605032426,0.0472347435301583,-0.0682545866877297,0.114447442484981,1,212.014528751373,7.00950622558594e-05
764,4000,255,0.00974202346528906,0.0340205931453282,0.0342268092917487,-0.0569383390995541,0.0764223860301323,1,503.130620241165,6.41345977783203e-05
765,1000,256,0.0673737965946309,0.0676404052728473,0.0660038203283967,-0.0652013977401499,0.199948990929412,1,109.699818372726,7.05718994140625e-05
766,2000,256,-0.0289814495120958,0.0467707692658647,0.0465373099898235,-0.120652157273191,0.0626892582489991,1,299.417279720306,6.38961791992188e-05
767,4000,256,-0.00651890598218027,0.033383817305962,0.0335450448488465,-0.0719511879018657,0.0589133759375052,1,684.470636606216,7.41481781005859e-05
768,1000,257,-0.192218333178171,0.065915057799819,0.066870661742933,-0.321411846465816,-0.0630248198905258,0,108.06028842926,8.79764556884766e-05
769,2000,257,-0.0330916803343394,0.0471775750099288,0.046368530174634,-0.1255597273538,0.0593763666851211,1,410.188819646835,7.03334808349609e-05
76,2000,26,-0.0589217289583905,0.0470256877708133,0.0470602384318418,-0.151092076989185,0.0332486190724036,1,221.342538356781,7.10487365722656e-05
770,4000,257,0.00513112140078107,0.033093491648704,0.0324610058034556,-0.0597321222306788,0.0699943650322409,1,734.949456691742,8.36849212646484e-05
771,1000,258,-0.0989827331883187,0.0673403560373268,0.0636294590700969,-0.230969831021479,0.0330043646448419,1,110.808046102524,5.00679016113281e-05
772,2000,258,0.0912882507960521,0.0471913793951847,0.0477512793428029,-0.00120685281850987,0.183783354410614,1,301.350686073303,5.67436218261719e-05
773,4000,258,0.0986647212144943,0.0333174845647368,0.0337077804597505,0.0333624514676101,0.163966990961379,0,636.361685037613,6.62803649902344e-05
774,1000,259,-0.0945831187214391,0.0665531991538383,0.0659342673686828,-0.225027389062962,0.035861151620084,1,155.127032518387,6.53266906738281e-05
775,2000,259,-0.0467871452661728,0.0473401919209027,0.047849187220189,-0.139573921431142,0.0459996308987966,1,289.62007021904,5.60283660888672e-05
776,4000,259,-0.0135119784314062,0.0334959032394744,0.0334769459813584,-0.0791639487807761,0.0521399919179636,1,654.080801725388,9.1552734375e-05
777,1000,260,0.108436210399034,0.070281927466381,0.0688595616028206,-0.0293163674350726,0.246188788233141,1,99.9792201519012,6.24656677246094e-05
778,2000,260,0.0600971194710732,0.0464164623184469,0.0467974248194751,-0.0308791466730826,0.151073385615229,1,211.078055858612,6.4849853515625e-05
779,4000,260,-0.0338806187301745,0.0326159465832569,0.0340323978015286,-0.097807874033358,0.0300466365730091,1,463.613908529282,0.000126361846923828
77,4000,26,-0.057517642999289,0.0329348962033206,0.0339733564366582,-0.122070039557797,0.00703475355921937,1,672.42382311821,0.00010228157043457
780,1000,261,-0.0512515915600399,0.0679629623858987,0.0667948685061105,-0.184458997836401,0.0819558147163215,1,131.662879705429,5.96046447753906e-05
781,2000,261,0.095822091101761,0.0479572989328928,0.0487386414173074,0.00182578519329116,0.189818397010231,0,330.109499692917,5.31673431396484e-05
782,4000,261,0.0628256740516216,0.0334959793993237,0.0339966200140352,-0.00282644557105288,0.128477793674296,1,718.463823795319,9.08374786376953e-05
783,1000,262,0.0840254808894717,0.069969061652075,0.0683220936462472,-0.0531138799485953,0.221164841727539,1,140.352676868439,7.15255737304688e-05
784,2000,262,-0.0450575567440168,0.0466817649202831,0.047203847827058,-0.136553815987772,0.046438702499738,1,209.308758974075,6.22272491455078e-05
785,4000,262,0.0471081971375593,0.0333519075536662,0.0335019677948862,-0.0182615416676264,0.112477935942745,1,449.075655937195,7.2479248046875e-05
786,1000,263,-0.0279744013392159,0.0667989054916843,0.0661213201282547,-0.158900256102917,0.102951453424485,1,161.579488992691,8.67843627929688e-05
787,2000,263,-0.015472110864386,0.0484498233192838,0.0478750425145135,-0.110433764570182,0.0794895428414102,1,437.550307750702,8.24928283691406e-05
788,4000,263,-0.0141131869528556,0.0322907955060357,0.0325287419005931,-0.0774031461446856,0.0491767722389744,1,447.373891592026,9.60826873779297e-05
789,1000,264,0.0434937007606332,0.0655955075418626,0.0657008431058976,-0.0850734940214176,0.172060895542684,1,105.61453294754,4.24385070800781e-05
78,1000,27,-0.0737521404497798,0.0695006671190484,0.0667326727492701,-0.209973448003115,0.062469167103555,1,101.763454675674,5.53131103515625e-05
790,2000,264,-0.0858600504124945,0.0472738603245785,0.0462619314386112,-0.178516816648668,0.00679671582367931,1,203.507168054581,8.392333984375e-05
791,4000,264,-0.0659593625925144,0.0322457672917581,0.0329664631735083,-0.12916106648436,-0.00275765870066855,0,803.584119558334,0.000105619430541992
792,1000,265,0.0281623848496099,0.0664867229982248,0.0654620470815891,-0.102151592226911,0.15847636192613,1,108.440346717834,5.38825988769531e-05
793,2000,265,-0.00206019341612144,0.046266099822103,0.0463578079270444,-0.0927417490674433,0.0886213622352004,1,204.368019104004,5.86509704589844e-05
794,4000,265,0.0282532917835847,0.0333042429869296,0.0331234520827074,-0.0370230244707973,0.0935296080379668,1,508.993947982788,5.22136688232422e-05
795,1000,266,0.0904038389503952,0.0656959161230767,0.0651957430669902,-0.0383601566508352,0.219167834551626,1,99.2971742153168,4.38690185546875e-05
796,2000,266,0.0743368700620318,0.0479667195688044,0.047645056602227,-0.0196779002928248,0.168351640416888,1,226.393505573273,7.03334808349609e-05
797,4000,266,-0.125333769755842,0.0340593254012983,0.0345122772522712,-0.192090047542387,-0.0585774919692976,0,911.244230031967,9.77516174316406e-05
798,1000,267,0.0817009126164006,0.0673075764070037,0.0659068711411949,-0.0502219371413266,0.213623762374128,1,151.51293182373,5.14984130859375e-05
799,2000,267,0.0185809209594399,0.0473917637023275,0.0491287395841578,-0.0743069358971221,0.111468777816002,1,320.247887611389,9.75131988525391e-05
79,2000,27,-0.0792168063434176,0.0466651656743205,0.0470790943617158,-0.170680531065086,0.0122469183782506,1,284.977830171585,7.03334808349609e-05
7,2000,3,0.0527456771979273,0.0485133239200544,0.0481997207436626,-0.0423404376853793,0.147831792081234,1,422.683453083038,9.51290130615234e-05
800,4000,267,0.0260750567356868,0.0323983394864559,0.0326999618086609,-0.0374256886577666,0.0895758021291403,1,999.475213050842,9.32216644287109e-05
801,1000,268,0.00544292806573052,0.0713600724527841,0.0681305540715455,-0.134422813941726,0.145308670073187,1,146.894468784332,7.41481781005859e-05
802,2000,268,0.0897314790896174,0.0490548302516038,0.0485349797507675,-0.00641598820352611,0.185878946382761,1,304.134271383286,5.91278076171875e-05
803,4000,268,-0.0395126741077169,0.0334281814637472,0.0338954810146194,-0.105031909776661,0.0260065615612275,1,425.252526760101,6.4849853515625e-05
804,1000,269,0.0261405143527452,0.0659296451300908,0.0661586720136647,-0.103081590102233,0.155362618807723,1,175.74488401413,7.67707824707031e-05
805,2000,269,-0.0485066328644691,0.0458030502812582,0.0461067927119791,-0.138280611415735,0.0412673456867969,1,208.23841381073,5.31673431396484e-05
806,4000,269,0.0122022877127033,0.0325368607853621,0.032669030702761,-0.0515699594266064,0.0759745348520129,1,504.039783477783,7.67707824707031e-05
807,1000,270,0.0648535301034045,0.0705895275830127,0.0657105496171595,-0.0735019439593005,0.203209004166109,1,106.814393520355,4.79221343994141e-05
808,2000,270,-0.0199640445559595,0.0478166087592954,0.048519471541414,-0.113684597724179,0.0737565086122595,1,205.589432954788,7.53402709960938e-05
809,4000,270,0.000357589081292465,0.0328271177028133,0.0333068397146388,-0.0639835616162215,0.0646987397788065,1,498.179017305374,5.48362731933594e-05
80,4000,27,0.0214278673166787,0.0332148841408269,0.0339671451936183,-0.043673305599342,0.0865290402326995,1,481.077599048615,0.00027012825012207
810,1000,271,-0.132385349988058,0.0680787504332147,0.0656764253509769,-0.265819700837158,0.00104900086104334,1,208.717675685883,7.67707824707031e-05
811,2000,271,-0.00368558613087634,0.0489876972964131,0.0485218849792929,-0.099701472831846,0.0923303005700934,1,210.343257427216,5.36441802978516e-05
812,4000,271,0.0180056581035533,0.0335698500967169,0.0333254084695951,-0.0477912480860118,0.0838025642931184,1,484.825996875763,6.15119934082031e-05
813,1000,272,-0.0123891615287748,0.0679398005194285,0.0668012239358849,-0.145551170546855,0.120772847489305,1,207.81489777565,6.84261322021484e-05
814,2000,272,-0.0107508106845203,0.0481128820969728,0.0493778913437869,-0.105052059594587,0.0835504382255464,1,221.18612742424,6.866455078125e-05
815,4000,272,-0.100105181754215,0.0332803907513434,0.0329443892602085,-0.165334747626848,-0.0348756158815822,0,655.350392341614,6.81877136230469e-05
816,1000,273,-0.0816580698856472,0.0686702286913268,0.0660048337789399,-0.216251718120648,0.0529355783493534,1,133.113618850708,4.86373901367188e-05
817,2000,273,-0.0277955744902761,0.0466235395487174,0.0467622348638041,-0.119177712005762,0.06358656302521,1,221.651516437531,7.84397125244141e-05
818,4000,273,0.00529820948308964,0.0327366319846142,0.0334918594692744,-0.0588655892067542,0.0694620081729335,1,461.812700271606,0.000106096267700195
819,1000,274,-0.15329177645098,0.0665447334899673,0.0668098061855967,-0.283719454091316,-0.0228640988106443,0,140.364679813385,8.05854797363281e-05
81,1000,28,0.134353363151133,0.0660595979930289,0.0634685843308137,0.00487655108479665,0.26383017521747,0,213.404139518738,7.39097595214844e-05
820,2000,274,-0.0240540539566415,0.0475881334159173,0.0472450569715157,-0.117326795451839,0.0692186875385565,1,328.521400213242,7.82012939453125e-05
821,4000,274,0.0245258261007932,0.0329017802524393,0.0335397054598737,-0.0399616631939878,0.0890133153955741,1,486.118618249893,7.41481781005859e-05
822,1000,275,0.0317572040750369,0.0635071225016929,0.0644226533211797,-0.0927167560282811,0.156231164178355,1,102.998595714569,4.22000885009766e-05
823,2000,275,0.0149137032732309,0.0478923608663353,0.0476835853441032,-0.0789553240247862,0.108782730571248,1,228.57056760788,6.38961791992188e-05
824,4000,275,-0.0209623826919591,0.032956611566188,0.033349623721211,-0.0855573413616875,0.0436325759777694,1,680.785621404648,0.00012969970703125
825,1000,276,-0.0294796553438311,0.0669507211184802,0.0678827020204098,-0.160703068736052,0.10174375804839,1,210.780526399612,7.41481781005859e-05
826,2000,276,0.000782861399382426,0.0472587812909871,0.0473546138866901,-0.0918443499309524,0.0934100727297172,1,309.946570158005,8.79764556884766e-05
827,4000,276,-0.0021585945077306,0.032628560176445,0.0340116197240101,-0.0661105724535628,0.0617933834381016,1,442.527338266373,8.34465026855469e-05
828,1000,277,-0.0819455985205622,0.0686718307473372,0.0675890885425584,-0.216542386785343,0.0526511897442188,1,147.796583652496,5.91278076171875e-05
829,2000,277,0.0185891435229853,0.0473908830201997,0.0480158184179016,-0.0742969871966061,0.111475274242577,1,227.838613033295,6.50882720947266e-05
82,2000,28,-0.033440591739403,0.049109902497367,0.0497694121426336,-0.129696000634242,0.0628148171554362,1,279.388728618622,6.43730163574219e-05
830,4000,277,0.0364988025163625,0.0338080154671407,0.0344027806901446,-0.0297649077992333,0.102762512831958,1,702.854939222336,0.000128984451293945
831,1000,278,-0.0228792679583837,0.0674831950542616,0.0679142611468763,-0.155146330264736,0.109387794347969,1,154.699457406998,7.62939453125e-05
832,2000,278,-0.00976058021369134,0.047800963834133,0.0478599453903023,-0.103450469328592,0.0839293089012093,1,266.548002958298,5.10215759277344e-05
833,4000,278,0.0126980763868553,0.0329596845440929,0.0333184345650281,-0.0519029053195666,0.0772990580932773,1,455.391443967819,6.43730163574219e-05
834,1000,279,-0.146123794023511,0.0688427402991344,0.0683208168065483,-0.281055565009814,-0.0111920230372072,0,100.620815038681,4.33921813964844e-05
835,2000,279,-0.000906059614515848,0.0458451536602731,0.0463161047988736,-0.090762560788651,0.0889504415596193,1,314.438343524933,5.50746917724609e-05
836,4000,279,2.50457488343913e-05,0.0327195309798808,0.0335609729882341,-0.0641052349717319,0.0641553264694007,1,647.951547384262,6.93798065185547e-05
837,1000,280,0.0679223970743035,0.0721564435085513,0.0670527013349112,-0.073504232202457,0.209349026351064,1,98.8757543563843,4.57763671875e-05
838,2000,280,-0.0319380044713361,0.0491826022626273,0.0486381539194214,-0.128335904906086,0.0644598959634134,1,279.465899467468,7.20024108886719e-05
839,4000,280,0.00795272239424445,0.0331603403479853,0.0330930487249996,-0.0570415446878067,0.0729469894762956,1,712.517228364944,0.000104427337646484
83,4000,28,-0.0307916306548829,0.0332112388696435,0.033976653355798,-0.0958856588393843,0.0343023975296184,1,451.131346702576,6.41345977783203e-05
840,1000,281,-0.103105575864395,0.0679496897060218,0.0652204153799997,-0.236286967688198,0.0300758159594077,1,147.261314630508,6.55651092529297e-05
841,2000,281,-0.0877739663677092,0.0498788794987418,0.0502967580336034,-0.185536570185243,0.00998863744982478,1,225.367845773697,6.866455078125e-05
842,4000,281,0.0503649381000649,0.0329310710203521,0.032710182142679,-0.0141799610998254,0.114909837299955,1,460.955575942993,0.000101327896118164
843,1000,282,0.0171420482916675,0.0673811989924013,0.0661645903228628,-0.114925101733439,0.149209198316774,1,102.924386501312,4.50611114501953e-05
844,2000,282,-0.0405685011510107,0.0479031617886523,0.0484638579221894,-0.134458698256769,0.0533216959547479,1,325.084141731262,7.10487365722656e-05
845,4000,282,0.0332638843259593,0.0330279300047926,0.0334677498142174,-0.0314708584834342,0.0979986271353527,1,470.731814622879,8.48770141601562e-05
846,1000,283,-0.0921336419080394,0.0676086262965605,0.0691859494546595,-0.224646549449298,0.0403792656332192,1,112.474936723709,6.31809234619141e-05
847,2000,283,0.0765469353468915,0.0470094182655566,0.0467486316860882,-0.0155915244535996,0.168685395147382,1,248.026859045029,7.12871551513672e-05
848,4000,283,-0.0149048030056488,0.0340176252590225,0.034050035119067,-0.0815793485133329,0.0517697425020353,1,962.608529806137,9.82284545898438e-05
849,1000,284,-0.0379875760487526,0.0703342598343823,0.0690360239213799,-0.175842725324142,0.0998675732266366,1,133.521441936493,5.24520874023438e-05
84,1000,29,-0.0226125194194818,0.0644931078115835,0.0642374502923026,-0.149019010730185,0.103793971891222,1,134.795580863953,4.79221343994141e-05
850,2000,284,0.0251541280691446,0.0473343718692801,0.0474287548445723,-0.0676212407946443,0.117929496932934,1,416.167741775513,0.000105381011962891
851,4000,284,0.000244992894664131,0.0336157019614206,0.0342724741109308,-0.0656417829497203,0.0661317687390486,1,437.093895196915,6.12735748291016e-05
852,1000,285,0.0632614674503567,0.0665409507412175,0.0655351005235216,-0.0671587960024297,0.193681730903143,1,162.664585351944,8.72611999511719e-05
853,2000,285,0.0652527474311612,0.0472163688260237,0.0491416907696055,-0.0272913354678452,0.157796830330168,1,211.518535137177,5.53131103515625e-05
854,4000,285,0.00359150082783115,0.0334105467525032,0.033393097647032,-0.0618931708070752,0.0690761724627375,1,455.964676856995,7.91549682617188e-05
855,1000,286,0.0130564090825656,0.0675270632266049,0.0669048446377635,-0.11929663484158,0.145409453006711,1,151.712738513947,3.88622283935547e-05
856,2000,286,0.0146151022549274,0.0465570816756927,0.0461137548114959,-0.0766367778294303,0.105866982339285,1,218.507943630219,8.65459442138672e-05
857,4000,286,0.0605488988664205,0.032888822253751,0.0332256023482953,-0.00391319275093149,0.125010990483773,1,588.781570911407,8.13007354736328e-05
858,1000,287,-0.0685567799046245,0.066341545412781,0.0653193299352946,-0.198586208913675,0.0614726491044262,1,209.940943479538,8.89301300048828e-05
859,2000,287,0.0137749317597049,0.0478350915020325,0.0467219139198356,-0.0799818475842787,0.107531711103689,1,342.423728466034,7.86781311035156e-05
85,2000,29,-0.00329282779872035,0.0467968306718891,0.0474249853936043,-0.0950146159156231,0.0884289603181824,1,189.403903007507,5.14984130859375e-05
860,4000,287,0.0567050701231403,0.0333246256314825,0.0340643976794483,-0.00861119611456541,0.122021336360846,1,895.059561252594,8.84532928466797e-05
861,1000,288,-0.0613025370287017,0.0666221919109835,0.0671206607982918,-0.191882033174229,0.069276959116826,1,138.271303892136,5.14984130859375e-05
862,2000,288,-0.0358815904172448,0.045726907927812,0.0475782837813489,-0.125506329955756,0.0537431491212668,1,207.108078956604,5.38825988769531e-05
863,4000,288,0.0226999502420135,0.033323716350671,0.033793493832407,-0.0426145338053017,0.0880144342893286,1,931.505476474762,8.79764556884766e-05
864,1000,289,0.118365121693974,0.0673688476272595,0.0661726350541525,-0.0136778196554544,0.250408063043403,1,106.612898588181,3.95774841308594e-05
865,2000,289,0.0305000853754705,0.0457310959267397,0.0459532006210325,-0.0591328626409392,0.12013303339188,1,323.366999864578,5.91278076171875e-05
866,4000,289,0.0296465227445413,0.0331205354403029,0.0333329517330245,-0.0352697267184523,0.0945627722075349,1,642.215950250626,7.53402709960938e-05
867,1000,290,-0.130196125461002,0.066471840383166,0.0687859212969007,-0.260480932612007,8.86816900032561e-05,1,103.766000270844,4.05311584472656e-05
868,2000,290,0.0357320678705669,0.0463119603237525,0.0460665021053848,-0.055039374363988,0.126503510105122,1,215.193190336227,7.20024108886719e-05
869,4000,290,-0.0203660292895783,0.0334727086965465,0.0345413440772167,-0.0859725383348095,0.045240479755653,1,998.811075210571,9.96589660644531e-05
86,4000,29,0.0852494843698277,0.0329661601565258,0.0336860441493629,0.0206358104630372,0.149863158276618,0,467.110109806061,7.46250152587891e-05
870,1000,291,0.0185292150357029,0.0672582981675094,0.0673552332568012,-0.113297049372615,0.150355479444021,1,96.7666394710541,4.38690185546875e-05
871,2000,291,-0.0749230584960111,0.0485045380275913,0.0473789696339043,-0.16999195303009,0.0201458360380679,1,211.16198348999,4.98294830322266e-05
872,4000,291,-0.0113170494933767,0.0331952604671123,0.0335775618296619,-0.0763797600089169,0.0537456610221635,1,754.349326848984,6.58035278320312e-05
873,1000,292,-0.0120604798472675,0.0691595615431625,0.0640474216372033,-0.147613220471866,0.123492260777331,1,190.444118022919,7.22408294677734e-05
874,2000,292,-0.03529277055061,0.047979516983354,0.047358867335149,-0.129332623837984,0.0587470827367639,1,275.185526609421,7.17639923095703e-05
875,4000,292,0.0131884647371271,0.0332607289278025,0.0336327922774051,-0.0520025639613658,0.0783794934356199,1,722.780416250229,9.08374786376953e-05
876,1000,293,0.0173762467960925,0.0648407774264959,0.0659421383525278,-0.109711676959839,0.144464170552024,1,106.743795633316,6.34193420410156e-05
877,2000,293,0.0047788553666461,0.0453592857083318,0.0459982546871921,-0.0841253446216843,0.0936830553549765,1,270.701410770416,5.12599945068359e-05
878,4000,293,-0.0163484138803842,0.0330608517212476,0.0331882073463202,-0.0811476832540295,0.0484508554932611,1,469.483736276627,7.84397125244141e-05
879,1000,294,-0.0615055328249433,0.0682527027254182,0.0687714283008548,-0.195280830166763,0.0722697645168764,1,150.320252656937,4.57763671875e-05
87,1000,30,0.0325672074677871,0.066342896836568,0.0631807998983106,-0.0974648703318862,0.16259928526746,1,105.242989778519,4.83989715576172e-05
880,2000,294,-0.0422887049648818,0.0461158042427946,0.0466993365320998,-0.132675681280759,0.0480982713509956,1,370.124124526978,7.27176666259766e-05
881,4000,294,0.0110611309165874,0.0334809068815888,0.0341136803142184,-0.0545614465713266,0.0766837084045014,1,639.224628686905,8.392333984375e-05
882,1000,295,-0.0968929792091001,0.0682182977064075,0.0645750869283891,-0.230600842713659,0.0368148842954586,1,105.335823535919,4.88758087158203e-05
883,2000,295,-0.0170792929947307,0.0481784257966992,0.0497236569031853,-0.111509007556261,0.0773504215667997,1,303.818764209747,5.50746917724609e-05
884,4000,295,0.000932217369731423,0.0334408712150486,0.0346165978785906,-0.0646118902117638,0.0664763249512267,1,619.493427991867,6.22272491455078e-05
885,1000,296,0.0351709044533683,0.0646134936715209,0.0638039082936638,-0.0914715431428128,0.161813352049549,1,101.564806461334,6.866455078125e-05
886,2000,296,0.0490744912353291,0.0474526918373552,0.0474298256036698,-0.043932784765887,0.142081767236545,1,274.905344247818,7.48634338378906e-05
887,4000,296,-0.0649918380763465,0.0337709268293608,0.0338396720908114,-0.131182854661894,0.00119917850920065,1,479.428978681564,6.03199005126953e-05
888,1000,297,0.0437111411756546,0.0723648027091318,0.0705878899773113,-0.0981238721342438,0.185546154485553,1,98.3053765296936,4.55379486083984e-05
889,2000,297,-0.0546854993820408,0.0466850721039103,0.0463843388717631,-0.146188240705705,0.0368172419416233,1,214.326287269592,6.07967376708984e-05
88,2000,30,-0.080535949558471,0.0501595420135441,0.0493023713153518,-0.178848651905017,0.0177767527880753,1,187.927451133728,6.41345977783203e-05
890,4000,297,0.0398339036317113,0.0332102483237397,0.033666735461581,-0.0252581830828185,0.104925990346241,1,633.618197202682,7.48634338378906e-05
891,1000,298,-0.0265045307064914,0.0697541721421089,0.0704284024362042,-0.163222708105025,0.110213646692042,1,212.937390804291,8.48770141601562e-05
892,2000,298,-0.0209492478820238,0.0480042328894086,0.0476507811503696,-0.115037544345265,0.0731390485812171,1,292.773242950439,6.05583190917969e-05
893,4000,298,-0.102020683999032,0.0336947218710958,0.0346781523661152,-0.16806233886638,-0.0359790291316843,0,452.443269968033,7.62939453125e-05
894,1000,299,0.0462562496609848,0.0663509455966727,0.065121271938848,-0.0837916037084936,0.176304103030463,1,97.6897337436676,4.62532043457031e-05
895,2000,299,-0.0202686189377185,0.0465389159695202,0.0471999406871985,-0.111484894237978,0.070947656362541,1,313.741312742233,7.03334808349609e-05
896,4000,299,-0.0132492373500924,0.0328305229340647,0.033257141061575,-0.0775970623008591,0.0510985876006744,1,598.111292362213,6.12735748291016e-05
897,1000,300,0.115664974318901,0.0659580179451488,0.0671703596225446,-0.0136127408535908,0.244942689491392,1,101.232933759689,6.22272491455078e-05
898,2000,300,-0.0213860794847457,0.0457654426571833,0.0466189765406809,-0.111086347092825,0.0683141881233336,1,415.40752696991,6.55651092529297e-05
899,4000,300,-0.0258187513482811,0.033380513584928,0.0339799473269827,-0.09124455797474,0.0396070552781779,1,500.486047029495,9.44137573242188e-05
89,4000,30,-0.0268428612365744,0.033466888252366,0.0343246070166542,-0.0924379622112117,0.038752239738063,1,428.573204278946,8.0108642578125e-05
8,4000,3,0.0629605996149867,0.0337256594375258,0.0340564970046612,-0.00314169288256387,0.129062892112537,1,712.37017416954,8.17775726318359e-05
900,1000,301,0.0868522522663826,0.0733935621212382,0.0701934735739252,-0.0569991294912443,0.230703634024009,1,106.146894454956,4.38690185546875e-05
901,2000,301,-0.0122057088302801,0.0465882800487081,0.0483880224266208,-0.103518737725748,0.0791073200651877,1,270.960574626923,5.57899475097656e-05
902,4000,301,0.0289350924648215,0.0325205406800524,0.0337122855627875,-0.0348051672680812,0.0926753521977243,1,959.30481672287,7.43865966796875e-05
903,1000,302,-0.0860797061402984,0.065185121097391,0.0639659156782777,-0.213842543491185,0.0416831312105879,1,103.911956787109,4.36305999755859e-05
904,2000,302,0.0443627426963947,0.0467783752355047,0.048163737732002,-0.0473228727651946,0.136048358157984,1,324.417689800262,8.7738037109375e-05
905,4000,302,-0.0058307841661959,0.0328532943647369,0.0328683832810654,-0.0702232411210802,0.0585616727886884,1,882.872874736786,9.29832458496094e-05
906,1000,303,0.0285392783718358,0.0705267028817365,0.0686812424673341,-0.109693059276368,0.166771616020039,1,211.609126567841,7.84397125244141e-05
907,2000,303,0.0327811748665257,0.0473572271666659,0.0469828325288119,-0.0600389903801394,0.125601340113191,1,311.359747171402,7.55786895751953e-05
908,4000,303,0.0184057412973766,0.0334220678060434,0.0331015397923457,-0.0471015116024686,0.0839129941972217,1,448.364400625229,6.89029693603516e-05
909,1000,304,0.0485494648933097,0.0634385672377327,0.0626147652459992,-0.0757901268926464,0.172889056679266,1,219.951255083084,6.4849853515625e-05
90,1000,31,0.0320546011841861,0.0663180198083063,0.0662166240520289,-0.0979287176400944,0.162037920008467,1,104.10502243042,4.69684600830078e-05
910,2000,304,0.00657393100847923,0.047608648541805,0.0488283838785401,-0.0867390201334586,0.0998868821504171,1,198.903364181519,5.76972961425781e-05
911,4000,304,-0.0142134010743534,0.0340432004899728,0.0340083758215497,-0.0809380740347002,0.0525112718859933,1,484.079479217529,8.20159912109375e-05
912,1000,305,0.0221459835471388,0.0693508553975459,0.0653137442669979,-0.113781693032051,0.158073660126329,1,153.173195123672,9.84668731689453e-05
913,2000,305,0.0303425372289862,0.0481023088244237,0.0485475326555286,-0.0639379880668842,0.124623062524857,1,417.32464838028,9.48905944824219e-05
914,4000,305,0.0236333158110759,0.0338355219495333,0.0339406608484767,-0.0426843072100095,0.0899509388321612,1,460.347122192383,8.98838043212891e-05
915,1000,306,0.0268712656487119,0.0654637868476831,0.0657988589158753,-0.101437756572747,0.155180287870171,1,108.984567642212,5.69820404052734e-05
916,2000,306,-0.0431752383039415,0.0462313010644571,0.0461133015033261,-0.133788588390277,0.0474381117823943,1,217.292047977448,6.07967376708984e-05
917,4000,306,0.0220008617847857,0.0332340896014519,0.0324353251988542,-0.04313795383406,0.0871396774036313,1,461.252542734146,8.08238983154297e-05
918,1000,307,-0.0324321976230019,0.0710492894067773,0.0663036378945602,-0.171688804860285,0.106824409614281,1,106.576999187469,6.4849853515625e-05
919,2000,307,-0.0650144840785181,0.0472075453589484,0.0476820827060351,-0.157541272982057,0.0275123048250207,1,327.701154947281,6.58035278320312e-05
91,2000,31,-0.0601987937409513,0.0466892943445055,0.045984006938862,-0.151709810656182,0.0313122231742795,1,210.698709487915,6.27040863037109e-05
920,4000,307,-0.00732379764268769,0.0334387493646164,0.0336343816566464,-0.0728637463973357,0.0582161511119604,1,995.1316447258,9.96589660644531e-05
921,1000,308,0.0517984407097047,0.0685950088849152,0.0664400428478627,-0.082647776704729,0.186244658124138,1,184.494693994522,8.67843627929688e-05
922,2000,308,-0.0383782377365015,0.0462770220173796,0.0465553717850603,-0.129081200890566,0.0523247254175625,1,221.994694948196,4.64916229248047e-05
923,4000,308,-0.0338863975785142,0.0325030306070182,0.0334952528511239,-0.09759233756827,0.0298195424112415,1,593.127510070801,7.08103179931641e-05
924,1000,309,0.0159192513559113,0.0660721553051224,0.0635435008145788,-0.113582173042129,0.145420675753951,1,151.834421634674,5.65052032470703e-05
925,2000,309,0.0130584842092845,0.0469712522060395,0.0486249757254067,-0.079005170114553,0.105122138533122,1,209.784256219864,6.50882720947266e-05
926,4000,309,-0.000592851966656602,0.0330372392752475,0.033967282236915,-0.0653458409461418,0.0641601370128286,1,960.40988612175,9.34600830078125e-05
927,1000,310,0.0174580070995328,0.0683889421807703,0.0664252499899275,-0.116584319574777,0.151500333773843,1,104.200076580048,4.38690185546875e-05
928,2000,310,0.0158370798784529,0.0474718301254676,0.0472783733407124,-0.0772077071674636,0.108881866924369,1,294.055154800415,6.72340393066406e-05
929,4000,310,-0.0130991858933264,0.0339989520258299,0.0348703076186351,-0.079737131863953,0.0535387600773003,1,467.357232809067,6.96182250976562e-05
92,4000,31,0.0275949817514716,0.0328049795690077,0.0332550338436473,-0.0367027782037834,0.0918927417067266,1,502.179367303848,7.15255737304688e-05
930,1000,311,0.0198977050642802,0.0663625775801687,0.06554957636178,-0.11017294699285,0.149968357121411,1,108.470268249512,4.72068786621094e-05
931,2000,311,-0.0762908822061125,0.0471332336477083,0.0486231191671447,-0.168672020155621,0.0160902557433958,1,325.849758625031,7.96318054199219e-05
932,4000,311,-0.0222290140774436,0.0324450006310449,0.0324560568567052,-0.0858212153142916,0.0413631871594045,1,710.821587085724,7.89165496826172e-05
933,1000,312,0.233125462366548,0.0674982703162886,0.0674205584472656,0.100828852546622,0.365422072186473,0,103.752579689026,3.57627868652344e-05
934,2000,312,0.0587520724153041,0.0457922008817616,0.0466099311814075,-0.0310006413129488,0.148504786143557,1,203.152089595795,5.05447387695312e-05
935,4000,312,0.0134088791633054,0.0332762271645239,0.0335902543090008,-0.0518125260791615,0.0786302844057723,1,472.508535861969,6.91413879394531e-05
936,1000,313,-0.0199473277610007,0.0668652601547393,0.0684455327927753,-0.15100323766429,0.111108582142288,1,158.900497198105,4.88758087158203e-05
937,2000,313,0.039116065958177,0.0457197375748549,0.0458655747869535,-0.0504946196885385,0.128726751604893,1,362.997887372971,0.000106334686279297
938,4000,313,0.0157835376668237,0.0327080138388976,0.0334551254558698,-0.0483241694574155,0.079891244791063,1,696.098822593689,7.08103179931641e-05
939,1000,314,0.000807548178714797,0.0679723139852891,0.0682991646913121,-0.132418187232452,0.134033283589881,1,209.883987665176,7.15255737304688e-05
93,1000,32,0.0493545425627827,0.0679144711843943,0.0678092367210752,-0.0837578209586301,0.182466906084196,1,133.103139400482,5.7220458984375e-05
940,2000,314,0.0197488058800284,0.0467652371583564,0.0469246205888361,-0.0719110589503501,0.111408670710407,1,225.99267911911,7.31945037841797e-05
941,4000,314,0.0521179935276468,0.03299328331065,0.0335186316435115,-0.0125488417612272,0.116784828816521,1,653.50682759285,9.01222229003906e-05
942,1000,315,-0.0423927249400867,0.0644048220574259,0.0653353568015215,-0.168626176172641,0.083840726292468,1,100.711985826492,4.93526458740234e-05
943,2000,315,-0.00789803790755425,0.0459276286962645,0.0470716845048668,-0.0979161901522326,0.0821201143371241,1,227.608462333679,6.29425048828125e-05
944,4000,315,-0.00933834947466278,0.0336761539348731,0.033604813586833,-0.075343611187014,0.0566669122376884,1,470.839387893677,6.50882720947266e-05
945,1000,316,0.0792685337386661,0.0648283887619119,0.0662383293390557,-0.0477951082346812,0.206332175712013,1,111.463161706924,5.00679016113281e-05
946,2000,316,0.0795171727960698,0.0481909213654219,0.0485648677195865,-0.0149370330801572,0.173971378672297,1,310.975802183151,5.67436218261719e-05
947,4000,316,0.0442280645848665,0.0328679355959867,0.0339265980148223,-0.0201930891832674,0.108649218353,1,892.242367744446,9.41753387451172e-05
948,1000,317,0.0584529297637864,0.0686519365591836,0.0681553536677957,-0.0761048658922134,0.193010725419786,1,106.866677999496,4.07695770263672e-05
949,2000,317,-0.00846053762387298,0.0485530743824849,0.0481270860231935,-0.103624563413543,0.0867034881657974,1,291.226381778717,6.31809234619141e-05
94,2000,32,0.0482820595182504,0.0488993857109219,0.0492116617116429,-0.0475607364751567,0.144124855511657,1,279.124807357788,4.88758087158203e-05
950,4000,317,0.0148554496824403,0.0337954592932651,0.0341642610345209,-0.0513836505323593,0.0810945498972398,1,456.197665214539,0.000107049942016602
951,1000,318,0.0250782818241342,0.0653868630375434,0.0638716671933913,-0.103079969729451,0.153236533377719,1,189.237110376358,7.55786895751953e-05
952,2000,318,-0.0030666474208296,0.046980257465255,0.0492473715097193,-0.0951479520527295,0.0890146572110703,1,202.784932136536,4.9591064453125e-05
953,4000,318,0.00780578425713971,0.0336741913624446,0.0338807753551387,-0.0581956308132516,0.0738071993275311,1,672.146236658096,0.000121116638183594
954,1000,319,0.0309208376417388,0.0650369701047564,0.0675121698477126,-0.0965516237635838,0.158393299047061,1,132.035715579987,4.69684600830078e-05
955,2000,319,0.00943997287855811,0.0453908212228787,0.0451419410776851,-0.0795260367182841,0.0984059824754003,1,299.497252941132,5.65052032470703e-05
956,4000,319,0.0191901540220622,0.0332082715091256,0.0335120177310742,-0.045898058135824,0.0842783661799485,1,509.080120801926,7.39097595214844e-05
957,1000,320,0.0135817877856315,0.0660209428193118,0.0655535903747362,-0.11581926014022,0.142982835711483,1,173.882562160492,7.55786895751953e-05
958,2000,320,-0.00574162165455094,0.0481171660838058,0.0483573295545401,-0.10005126717881,0.0885680238697084,1,205.88737154007,5.55515289306641e-05
959,4000,320,0.0217652104724598,0.0334380325183631,0.0341318069220633,-0.0437733332635318,0.0873037542084515,1,672.982562541962,7.22408294677734e-05
95,4000,32,-0.0269202378871444,0.0333484096882007,0.0335227322918925,-0.0922831208760177,0.0384426451017289,1,597.236505508423,6.62803649902344e-05
960,1000,321,0.0830257580761092,0.0680831838726454,0.0642047359741314,-0.0504172823142757,0.216468798466494,1,110.255892515182,5.91278076171875e-05
961,2000,321,-0.00273917310385384,0.0478130418309795,0.0487387282407608,-0.0964527350925736,0.090974388884866,1,321.887264728546,7.27176666259766e-05
962,4000,321,-0.0472209878975347,0.032556858320816,0.0329806942112629,-0.111032430206334,0.0165904544112648,1,509.659358501434,6.67572021484375e-05
963,1000,322,-0.0776309958422024,0.0700842826216608,0.0697956964519952,-0.214996189780658,0.0597341980962528,1,137.139616727829,7.20024108886719e-05
964,2000,322,-0.0299083515126958,0.0475283084222443,0.0494095262680893,-0.123063836020295,0.0632471329949029,1,210.848933696747,6.43730163574219e-05
965,4000,322,0.00447648662372526,0.0337926792825858,0.0341679032577425,-0.0617571647701429,0.0707101380175934,1,704.925829648972,0.000130653381347656
966,1000,323,0.00759146865812464,0.0681632665070261,0.0687343948203764,-0.126008533695647,0.141191471011896,1,132.775750160217,4.69684600830078e-05
967,2000,323,-0.0986139402445024,0.0456989983202137,0.0455929623712345,-0.188183976952121,-0.00904390353688359,0,334.691607713699,9.17911529541016e-05
968,4000,323,0.0907841834549191,0.0342043762654859,0.0345175832870142,0.0237436059745668,0.157824760935271,0,453.123474359512,6.4849853515625e-05
969,1000,324,0.155891348333385,0.0648746159155598,0.0658953606268761,0.0287371011388874,0.283045595527882,0,104.88177895546,4.69684600830078e-05
96,1000,33,0.0129969562903286,0.0683055272245243,0.0679098072230401,-0.120881877069739,0.146875789650396,1,110.133682012558,4.62532043457031e-05
970,2000,324,0.0467250152227635,0.0476530105948669,0.0480630626987238,-0.0466748855431757,0.140124915988703,1,422.704399108887,0.000120878219604492
971,4000,324,-0.0214611004753998,0.0331660475270367,0.0339845093778469,-0.0864665536283916,0.043544352677592,1,937.519644975662,9.03606414794922e-05
972,1000,325,0.00683515929964131,0.0741183300957762,0.0729014540012235,-0.13843676768808,0.152107086287363,1,214.209210157394,0.000272750854492188
973,2000,325,0.0168995529997116,0.0472717460777288,0.0470341474714735,-0.0757530693126369,0.10955217531206,1,226.131764650345,5.91278076171875e-05
974,4000,325,0.0409394933494744,0.0341132522178409,0.0345349616550005,-0.0259224809974937,0.107801467696442,1,459.439699172974,8.91685485839844e-05
975,1000,326,-0.0120019803667345,0.0689753688750717,0.067490594278346,-0.147193703361875,0.123189742628406,1,106.648109197617,6.15119934082031e-05
976,2000,326,0.0162891567887981,0.0468083478629228,0.047074508861188,-0.0754552050225305,0.108033518600127,1,315.07036614418,6.43730163574219e-05
977,4000,326,-0.0321245462349499,0.0324163764350666,0.0333682295339741,-0.0956606440476805,0.0314115515777807,1,500.985274553299,6.103515625e-05
978,1000,327,-0.175480131694072,0.0685958363763576,0.0730934941720494,-0.309927970991733,-0.0410322923964116,0,152.434430837631,6.38961791992188e-05
979,2000,327,0.0377651735005541,0.0459098101640319,0.0459544113243227,-0.0522180544209485,0.127748401422057,1,211.262187242508,7.53402709960938e-05
97,2000,33,-0.0513331801018707,0.0481211832053379,0.0482270965167979,-0.145650699184333,0.0429843389805916,1,377.840714216232,8.58306884765625e-05
980,4000,327,0.0304059997826813,0.0323580957280247,0.0328175195921189,-0.033015867844247,0.0938278674096096,1,454.68235874176,7.20024108886719e-05
981,1000,328,0.0503084471444012,0.0747251494081094,0.0729762151632019,-0.0961528456954932,0.196769739984296,1,169.911813259125,5.60283660888672e-05
982,2000,328,0.0147636155183444,0.0477716051612179,0.0468894887820792,-0.0788687305976426,0.108395961634331,1,317.697583436966,8.89301300048828e-05
983,4000,328,-0.0468607965576391,0.0338830371339116,0.034210086418193,-0.113271549340106,0.0195499562248277,1,437.11653137207,5.84125518798828e-05
984,1000,329,0.0349480929000288,0.067400780375683,0.0677509660422077,-0.0971574366363099,0.167053622436367,1,103.181391716003,4.57763671875e-05
985,2000,329,0.0616058218032951,0.0468062553377176,0.0460882321866755,-0.0301344386586313,0.153346082265222,1,313.273375749588,7.2479248046875e-05
986,4000,329,0.0187609521507909,0.0325094047176242,0.0330802622773813,-0.0449574810957526,0.0824793853973344,1,517.68138551712,7.03334808349609e-05
987,1000,330,-0.111129141071342,0.0665788084489313,0.0676436730116935,-0.241623605631247,0.0193653234885634,1,104.003484010696,6.24656677246094e-05
988,2000,330,-0.0578202396091019,0.0467625086539819,0.0464623842180216,-0.149474756570906,0.0338342773527026,1,421.722472906113,9.29832458496094e-05
989,4000,330,0.00857924978224186,0.0332618242223212,0.0332719266441908,-0.0566139256935078,0.0737724252579915,1,462.619872808456,7.03334808349609e-05
98,4000,33,-0.00748026177702827,0.0338508413212451,0.0345071070995076,-0.0738279107666687,0.0588673872126122,1,554.857830762863,5.62667846679688e-05
990,1000,331,-0.0650006974335971,0.0658129733091884,0.0655989796472064,-0.193994125119606,0.0639927302524122,1,209.570143461227,8.05854797363281e-05
991,2000,331,0.0632836886117801,0.046854758282857,0.0475208671881806,-0.0285516376226196,0.15511901484618,1,365.15368437767,7.91549682617188e-05
992,4000,331,-0.0786185715966264,0.0330679614734366,0.0336545491139933,-0.143431776084562,-0.0138053671086906,0,607.230735063553,5.86509704589844e-05
993,1000,332,-0.0241429461145905,0.06708291305678,0.0664491743769895,-0.155625455705879,0.107339563476698,1,133.970981121063,4.72068786621094e-05
994,2000,332,-0.0239932700000961,0.047132759462379,0.0470284998767455,-0.116373478546359,0.0683869385461667,1,328.232771396637,8.03470611572266e-05
995,4000,332,-0.0988148364658514,0.0327206109997178,0.0341522964034181,-0.162947234025298,-0.0346824389064046,0,435.515520334244,6.84261322021484e-05
996,1000,333,-0.013866572266705,0.0696553578823741,0.0665554943669987,-0.150391073716158,0.122657929182748,1,103.05094909668,5.74588775634766e-05
997,2000,333,-0.0278823688768557,0.0470544848542613,0.0483128718422832,-0.120109159191208,0.0643444214374964,1,310.899351835251,5.60283660888672e-05
998,4000,333,0.00793468409355241,0.0333530239975059,0.0339027590534495,-0.0574372429415591,0.0733066111286639,1,480.309154987335,6.17504119873047e-05
999,1000,334,0.137077552213773,0.0679496460174894,0.0676149535406074,0.00389624601949398,0.270258858408052,0,206.237422704697,7.74860382080078e-05
99,1000,34,-0.00807449066775988,0.066514583510794,0.0663348235945037,-0.138443074348916,0.122294093013396,1,134.012668609619,5.98430633544922e-05
9,1000,4,0.0438220879082911,0.06795360347358,0.0679684661140079,-0.0893669748999257,0.177011150716508,1,157.020564556122,0.000105619430541992
