"BATCH","N","SEED","ATE_EST","SE","SEB","Lower","Upper","Cover","Best_Step","DCAR_Score","Boundary_Hit","Time_Point","Time_CI"
2998,1000,1000,-0.110633444393055,0.0660408658024907,0.066422765967061,-0.240073541365937,0.0188066525798264,1,1,0.0159735083140337,TRUE,516.604310750961,0.000105381011962891
3001,1000,1001,-0.0322126963510374,0.0672704112662285,0.0713763955262046,-0.164062702432845,0.0996373097307704,1,1,0.00213076871747575,TRUE,555.751677751541,5.84125518798828e-05
3004,1000,1002,0.0130675331855667,0.0652379566678758,0.067721745400408,-0.11479886188347,0.140933928254603,1,7,0.00132795712442893,FALSE,339.013633489609,0.000129461288452148
3007,1000,1003,0.0790805980599432,0.0638203605313089,0.0660848763091094,-0.0460073085814223,0.204168504701309,1,1,0.00827106614713547,TRUE,460.394630670547,5.53131103515625e-05
3010,1000,1004,0.0305156796436821,0.0780489560527029,0.0685761659327427,-0.122460274219616,0.18349163350698,1,20,0.00478500440388356,TRUE,685.149970769882,7.67707824707031e-05
3013,1000,1005,-0.0294878383726679,0.0828364606344127,0.0684862082943922,-0.191847301216117,0.132871624470781,1,18,0.000994125734613812,FALSE,284.502894639969,7.79628753662109e-05
3016,1000,1006,0.0950729881308552,0.0692052223808697,0.0692675707387749,-0.0405692477356493,0.23071522399736,1,6,0.000259868529693877,FALSE,425.690088510513,6.34193420410156e-05
3019,1000,1007,0.0165242130362361,0.0691685526019066,0.0691711677940231,-0.119046150063501,0.152094576135973,1,1,0.00759023646588851,TRUE,308.42924785614,8.24928283691406e-05
3022,1000,1008,-0.0211509008125093,0.0681460342046571,0.0663212042049651,-0.154717127853637,0.112415326228619,1,1,0.000148557203703303,TRUE,277.301279306412,5.84125518798828e-05
3025,1000,1009,0.00684838931903542,0.0652007473584893,0.0652002988451177,-0.120945075503604,0.134641854141674,1,2,1.86923788428973e-05,FALSE,307.625522851944,7.15255737304688e-05
298,1000,100,0.0800711213340461,0.0693322382366094,0.0659880116733663,-0.0558200656097084,0.215962308277801,1,3,0.000368714654479766,FALSE,468.681179285049,0.00011444091796875
3028,1000,1010,-0.00597865790231689,0.0618699198121016,0.0632401630841899,-0.127243700734036,0.115286384929402,1,1,0.00194753016224479,TRUE,827.789910316467,0.000165462493896484
3031,1000,1011,-0.0173571917573745,0.0622743683213938,0.0656101823147015,-0.139414953667306,0.104700570152557,1,1,0.00103048243836976,TRUE,438.453420162201,7.89165496826172e-05
3034,1000,1012,0.0431334990547509,0.0729546769397006,0.0657798109578365,-0.0998576677470623,0.186124665856564,1,17,0.000628770781766831,FALSE,448.748145103455,0.000188350677490234
3037,1000,1013,-0.0521984643862028,0.0703515960465495,0.0718653872761671,-0.19008759263744,0.0856906638650343,1,4,0.00418949358341906,FALSE,329.032273769379,8.86917114257812e-05
3040,1000,1014,0.0647851044380092,0.0696110653314559,0.0649188965123451,-0.0716525836116443,0.201222792487663,1,2,0.000391737673053216,FALSE,277.788409233093,6.69956207275391e-05
3043,1000,1015,0.0111343365579756,0.0719982987042206,0.0661729893603797,-0.129982328902297,0.152251002018248,1,10,1.93576998610397e-05,FALSE,850.613750696182,0.000100612640380859
3046,1000,1016,0.113356100814715,0.0637128286167156,0.0656580857975774,-0.0115210432740473,0.238233244903478,1,1,0.0106291980428462,TRUE,523.676985502243,7.58171081542969e-05
3049,1000,1017,-0.0291167750928525,0.0689899813165585,0.0680183852444156,-0.164337138473307,0.106103588287602,1,2,0.000672613396180536,FALSE,322.63805437088,4.43458557128906e-05
3052,1000,1018,-0.0770144692456426,0.0821602256001981,0.070775870877321,-0.238048511422031,0.0840195729307456,1,17,0.00497718472955432,FALSE,560.54052233696,0.000100135803222656
3055,1000,1019,-0.0602095038109216,0.0651164552856852,0.0689647809416307,-0.187837756170865,0.0674187485490213,1,1,0.00316783318428655,TRUE,355.431983470917,7.29560852050781e-05
301,1000,101,-0.0891857740297287,0.0629665100884182,0.0658801107583623,-0.212600133803028,0.0342285857435709,1,1,0.0139791458635791,TRUE,323.653593063354,0.000151872634887695
3058,1000,1020,-0.0324196480018063,0.0712987448834665,0.0696093985943647,-0.172165187973401,0.107325891969788,1,15,0.000490515916977298,FALSE,438.783145666122,7.20024108886719e-05
3061,1000,1021,0.108232576777011,0.0696237220748321,0.067460906753165,-0.0282299184896598,0.244695072043682,1,1,0.00583752370617532,TRUE,597.373249769211,7.55786895751953e-05
3064,1000,1022,-0.0593019428712818,0.0710849999929913,0.0686833844162897,-0.198628542857545,0.0800246571149812,1,1,0.0274709571438103,TRUE,435.866041660309,6.74724578857422e-05
3067,1000,1023,0.0377911098247816,0.0735322598984035,0.0677850893451515,-0.106332119576089,0.181914339225652,1,20,0.00201628143753228,TRUE,417.351191759109,5.57899475097656e-05
3070,1000,1024,0.095977040430847,0.0678456122602575,0.0693137034306587,-0.0370003595992578,0.228954440460952,1,9,0.000120994877719029,FALSE,311.746910095215,0.000138998031616211
3073,1000,1025,-0.0415095153407941,0.0751852323666941,0.0658648986825231,-0.188872570779514,0.105853540097926,1,16,0.000391047535477083,FALSE,414.894598245621,0.000107765197753906
3076,1000,1026,-0.0424580855804861,0.0658684405373935,0.0665961025867206,-0.171560229033777,0.0866440578728052,1,1,0.00674732487922431,TRUE,608.643853902817,6.74724578857422e-05
3079,1000,1027,-0.0136609040301583,0.0674176042728332,0.0676191529133465,-0.145799408404911,0.118477600344595,1,1,0.0167484025415922,TRUE,475.975383520126,0.000103235244750977
3082,1000,1028,0.0311858896897892,0.0684079659249682,0.0691522701557013,-0.102893723523148,0.165265502902727,1,12,0.000201316373574581,FALSE,773.928649187088,5.62667846679688e-05
3085,1000,1029,0.0628101518609202,0.065734092618018,0.066389921655456,-0.066028669670395,0.191648973392235,1,1,0.00184715989922005,TRUE,378.441010951996,0.000124454498291016
304,1000,102,-0.0499348242348177,0.0755525534877757,0.0686468174394493,-0.198017829070858,0.0981481806012227,1,13,0.000344132581781262,FALSE,317.690851211548,4.12464141845703e-05
3088,1000,1030,-0.180761240330538,0.0652575788543276,0.0667739069150721,-0.30866609488502,-0.0528563857760562,0,1,0.0103285102506749,TRUE,306.306137561798,7.22408294677734e-05
3091,1000,1031,-0.111631826666763,0.0699462841398829,0.0694295703616836,-0.248726543580933,0.025462890247408,1,6,8.14219285964799e-06,FALSE,302.983631372452,4.33921813964844e-05
3094,1000,1032,-0.10383126675043,0.0661540910408966,0.0679678474968891,-0.233493285190588,0.0258307516897271,1,1,0.00132887527394783,TRUE,801.674088954926,0.000322103500366211
3097,1000,1033,0.0931755515856413,0.0653903962861105,0.0671798240954379,-0.0349896251351353,0.221340728306418,1,3,0.00607011676025821,FALSE,520.227680921555,7.00950622558594e-05
3100,1000,1034,0.113502673890663,0.0659905398026315,0.0684257040317135,-0.0158387841224944,0.242844131903821,1,1,0.00812860007869425,TRUE,831.392765760422,0.000144481658935547
3103,1000,1035,0.106061998933209,0.0643963899239583,0.0679644225239896,-0.0201549253177496,0.232278923184167,1,1,0.00142927199051662,TRUE,437.536017656326,8.03470611572266e-05
3106,1000,1036,0.036994412495849,0.0659579563437394,0.0691714495333157,-0.0922831819378802,0.166272006929578,1,4,0.0121179762808105,FALSE,530.16819024086,7.53402709960938e-05
3109,1000,1037,0.00844937517628797,0.0664617226619135,0.0667816687049689,-0.121815601241063,0.138714351593638,1,1,0.0177298164663903,TRUE,316.701203107834,0.000183820724487305
3112,1000,1038,0.00484502234123918,0.0700521499595446,0.0694617062563371,-0.132457191579468,0.142147236261947,1,1,0.00896298762796441,TRUE,331.874111652374,7.51018524169922e-05
3115,1000,1039,0.0636712292147856,0.0650333623687283,0.0698139886966452,-0.0637941610279218,0.191136619457493,1,2,0.000106985790947351,FALSE,353.870697498322,6.43730163574219e-05
307,1000,103,0.0163285312849666,0.0691982401619966,0.0682541411975853,-0.119300019432547,0.15195708200248,1,1,0.0235287652590193,TRUE,491.315149307251,0.000115156173706055
3118,1000,1040,-0.00783894309825084,0.0722155814923196,0.0685846238251395,-0.149381482823197,0.133703596626696,1,19,0.00385540496873421,FALSE,592.276942968369,9.96589660644531e-05
3121,1000,1041,-0.0568382366990465,0.0654831093975151,0.0638375606411784,-0.185185131118176,0.0715086577200831,1,2,9.06649485271282e-05,FALSE,310.749932527542,5.62667846679688e-05
3124,1000,1042,0.0378586980690637,0.0638460846908402,0.0670629962837686,-0.0872796279249831,0.162997024063111,1,1,0.0147731147223433,TRUE,312.583273887634,9.01222229003906e-05
3127,1000,1043,0.0219553080871409,0.0741462374951738,0.0703890636244881,-0.1233713174034,0.167281933577681,1,14,0.000100707437841483,FALSE,824.359074354172,0.000148773193359375
3130,1000,1044,0.0998732067409371,0.0654691269353097,0.0654241933198224,-0.0284462820522698,0.228192695534144,1,1,0.00791118784412563,TRUE,575.398622274399,9.51290130615234e-05
3133,1000,1045,-0.00418228921628772,0.0691625809040012,0.0671371189067711,-0.13974094778813,0.131376369355555,1,9,1.25768073345864e-05,FALSE,309.702476024628,0.000125646591186523
3136,1000,1046,0.0203163837312224,0.0627736470179984,0.0657353563581517,-0.102719964424055,0.143352731886499,1,5,0.00048255261863026,FALSE,284.673604011536,8.84532928466797e-05
3139,1000,1047,-0.00323113239739958,0.0688053819864233,0.0649564354592123,-0.138089681090789,0.13162741629599,1,19,0.000399042728655969,FALSE,482.450458526611,0.000124692916870117
3142,1000,1048,0.0458052950859831,0.0684251869318853,0.0735253214422255,-0.0883080713005121,0.179918661472478,1,1,0.0131676786383845,TRUE,333.026418209076,7.22408294677734e-05
3145,1000,1049,-0.0475376746157506,0.0692152830369213,0.0685552687683398,-0.183199629368116,0.0881242801366151,1,1,0.0409100128181474,TRUE,531.203818559647,7.55786895751953e-05
310,1000,104,0.0715323009081213,0.0694434770399465,0.0690858363624009,-0.0645769140901739,0.207641515906417,1,6,0.000818933076015308,FALSE,602.138038158417,6.41345977783203e-05
3148,1000,1050,-0.0555899863392886,0.0675035207031033,0.0695486253468549,-0.187896886917371,0.0767169142387939,1,1,1.63058007666417e-05,TRUE,436.925348997116,0.000183820724487305
3151,1000,1051,-0.00105914795284734,0.0659612868128674,0.0630534700778345,-0.130343270106067,0.128224974200373,1,6,0.000151788594972272,FALSE,278.992948532104,8.51154327392578e-05
3154,1000,1052,0.00110177839769554,0.0773609713215157,0.0645373213775799,-0.150525725392475,0.152729282187866,1,18,0.0272732755988876,FALSE,758.455679416656,0.00014948844909668
3157,1000,1053,-0.0105648281586819,0.0647019495982196,0.0649937217042954,-0.137380649371192,0.116250993053829,1,1,0.0120836087402734,TRUE,573.676630735397,8.392333984375e-05
3160,1000,1054,0.0370368822313807,0.0669893588166777,0.0675021270936002,-0.0942622610493075,0.168336025512069,1,8,0.000726819061267612,FALSE,285.712866306305,7.58171081542969e-05
3163,1000,1055,0.0487065024025493,0.0663543495206689,0.0705375090950776,-0.0813480226579617,0.17876102746306,1,5,0.00724246153483223,FALSE,505.563947200775,0.000313043594360352
3166,1000,1056,0.0437400028058035,0.0692328452834779,0.0693608305934048,-0.0919563739498131,0.17943637956142,1,3,0.000573226745897356,FALSE,379.708399772644,4.93526458740234e-05
3169,1000,1057,0.0335995261104534,0.0652056774036812,0.0656365668149012,-0.0942036016007619,0.161402653821669,1,1,0.0237716293903938,TRUE,499.096295595169,0.000106334686279297
3172,1000,1058,0.0491669101188161,0.0677156599387748,0.0682024963419233,-0.0835557833611825,0.181889603598815,1,7,0.0131501367694411,FALSE,469.100813627243,5.38825988769531e-05
3175,1000,1059,-0.00922016976714968,0.0643850693110198,0.0651440559402782,-0.135414905616748,0.116974566082449,1,5,0.000103877191629147,FALSE,439.839223623276,5.19752502441406e-05
313,1000,105,-0.0138247109059246,0.0824156174770549,0.0649164063734269,-0.175359321160952,0.147709899349103,1,19,0.000572851607349238,FALSE,320.471667528152,6.866455078125e-05
3178,1000,1060,-0.0345809942411897,0.0679208463787327,0.0638857473073684,-0.167705853143506,0.0985438646611265,1,1,0.00949845208809695,TRUE,320.41668009758,4.62532043457031e-05
3181,1000,1061,-0.0424121820685428,0.0665468479229369,0.0665755202046294,-0.172844003997499,0.0880196398604135,1,11,0.000626199109592464,FALSE,431.480616807938,5.86509704589844e-05
3184,1000,1062,-0.0898667652107303,0.0660915052267852,0.0683894038155644,-0.219406115455229,0.0396725850337686,1,2,0.00603761600313982,FALSE,318.734107494354,8.27312469482422e-05
3187,1000,1063,0.0319369116974983,0.0706339327869601,0.0689944104118953,-0.106505596564943,0.17037941995994,1,8,7.08617359356692e-05,FALSE,545.658537626266,0.000100135803222656
3190,1000,1064,-0.0534284542376351,0.0729278816430201,0.0697682519404797,-0.196367102257954,0.0895101937826842,1,9,3.41423126104433e-05,FALSE,560.820846557617,8.27312469482422e-05
3193,1000,1065,-0.00407110091097573,0.0668205456986032,0.0661876081262153,-0.135039370480238,0.126897168658287,1,12,3.15079520317545e-05,FALSE,635.848326683044,0.000156402587890625
3196,1000,1066,-0.0998432554893702,0.0695007950974155,0.0653505477073165,-0.236064813880305,0.0363783029015641,1,4,9.76770290192419e-05,FALSE,459.363100767136,0.000148773193359375
3199,1000,1067,-0.0357727755337442,0.0675435316040895,0.0654095936217579,-0.16815809747776,0.0966125464102711,1,1,0.0252579275121834,TRUE,297.357580184937,0.000102043151855469
3202,1000,1068,0.00314567532652599,0.064137954313035,0.0652308216937292,-0.122564715127023,0.128856065780075,1,1,0.00840672216034571,TRUE,643.103537797928,0.000182867050170898
3205,1000,1069,0.0783202828651337,0.0714211571891532,0.0689620780587924,-0.0616651852256065,0.218305750955874,1,7,0.000726676273216436,FALSE,580.911712169647,6.22272491455078e-05
316,1000,106,-0.00489001279609624,0.0669384731031337,0.0662623242558158,-0.136089420078238,0.126309394486046,1,1,0.00192398272445048,TRUE,473.734701871872,7.62939453125e-05
3208,1000,1070,-0.123815277811257,0.0681481108694683,0.0705344159536567,-0.257385575115415,0.00975501949290095,1,1,0.0168314224386308,TRUE,528.825578212738,0.00018620491027832
3211,1000,1071,0.0233115193289153,0.0632458635974858,0.0625921377213133,-0.100650373322157,0.147273411979988,1,1,0.00715288911604957,TRUE,524.686035394669,7.86781311035156e-05
3214,1000,1072,0.0120082113783614,0.0662749742247807,0.0661300919533768,-0.117890738102209,0.141907160858932,1,1,0.00620718318719857,TRUE,352.38089799881,0.00015568733215332
3217,1000,1073,-0.0224041108769475,0.0671705177152859,0.069338818013553,-0.154058325598908,0.109250103845013,1,1,0.00830076399740658,TRUE,432.951742649078,0.00010371208190918
3220,1000,1074,-0.0140651621661121,0.0677749750957641,0.0642445490781023,-0.14690411335381,0.118773789021586,1,7,0.000509561976969248,FALSE,351.973441839218,3.814697265625e-05
3223,1000,1075,-0.0229780055568315,0.0693572557347756,0.0678566444626791,-0.158918226796992,0.112962215683329,1,1,0.0134846242928593,TRUE,649.387921571732,7.41481781005859e-05
3226,1000,1076,0.0448668406689179,0.062898245802578,0.0648705756405158,-0.0784137211041349,0.168147402441971,1,1,0.0230309273813482,TRUE,770.861610412598,0.000150203704833984
3229,1000,1077,-0.046077014186666,0.0664248518891185,0.0678628628380094,-0.176269723889338,0.0841156955160064,1,10,0.0117852401363137,FALSE,415.552695512772,3.86238098144531e-05
3232,1000,1078,0.106270994051552,0.0676050333687303,0.0711717136702557,-0.0262348713511593,0.238776859454264,1,1,0.00785907950865784,TRUE,299.243694543839,6.29425048828125e-05
3235,1000,1079,0.106771445017975,0.0658027760345488,0.0681538889683888,-0.0222019960097407,0.23574488604569,1,1,0.00285468178155739,TRUE,355.152684926987,8.65459442138672e-05
319,1000,107,0.0221450625793859,0.0710816941255275,0.0673195394607516,-0.117175057906648,0.16146518306542,1,10,0.000223079162591426,FALSE,410.931157588959,6.77108764648438e-05
3238,1000,1080,0.0416462104278567,0.0691808743670137,0.067653941174995,-0.0939483033314902,0.177240724187203,1,20,0.000478459185059262,TRUE,567.633435964584,0.000105857849121094
3241,1000,1081,-0.0136794632258919,0.0668786319936297,0.0667098791102295,-0.144761581933406,0.117402655481622,1,1,0.0223727610716698,TRUE,503.343086242676,8.17775726318359e-05
3244,1000,1082,-0.229796393075751,0.0731263322414347,0.0686841175780221,-0.373124004268963,-0.0864687818825393,0,11,0.00011756988781122,FALSE,296.349665403366,5.48362731933594e-05
3247,1000,1083,-0.203319360832143,0.0688510385150945,0.0665095348150332,-0.338267396321728,-0.0683713253425576,0,16,0.000771327682719655,FALSE,839.770501852036,0.000121355056762695
3250,1000,1084,-0.0889247949662153,0.0702954842546811,0.0678089751908043,-0.22670394410539,0.0488543541729597,1,8,0.000388560758273088,FALSE,554.946712255478,7.51018524169922e-05
3253,1000,1085,-0.00695954774027863,0.0738636448371769,0.066860537345915,-0.151732291621145,0.137813196140588,1,20,0.0128095290112053,TRUE,332.373492479324,7.00950622558594e-05
3256,1000,1086,-0.0445132733255401,0.0655520309836525,0.0708294902288586,-0.172995254053499,0.0839687074024188,1,1,0.00107132099087421,TRUE,706.700717449188,0.0001220703125
3259,1000,1087,-0.10326889905933,0.0650182116498622,0.0646338428832163,-0.23070459389306,0.0241667957743998,1,1,0.016329883430854,TRUE,324.68304848671,0.000108242034912109
3262,1000,1088,0.0219552018570572,0.0645268759150691,0.0664479755555782,-0.104517474936478,0.148427878650593,1,4,0.000131036308679946,FALSE,379.234122514725,6.50882720947266e-05
3265,1000,1089,0.0501766507182737,0.0734067225827066,0.0667761909888809,-0.0937005255438312,0.194053826980379,1,12,0.000657478440721373,FALSE,325.853161334991,7.98702239990234e-05
322,1000,108,0.0898744236018589,0.071010163777364,0.0654357917673374,-0.0493054974017745,0.229054344605492,1,20,0.00167282497707408,TRUE,452.886953353882,5.93662261962891e-05
3268,1000,1090,0.0716751415643854,0.067284319451994,0.0677573454507297,-0.0602021245615229,0.203552407690294,1,1,0.00999607783105382,TRUE,415.780585289001,7.96318054199219e-05
3271,1000,1091,0.00809844988617847,0.0637390631106577,0.0659306545388477,-0.116830113810711,0.133027013583068,1,1,0.0165912723555732,TRUE,265.903222560883,7.46250152587891e-05
3274,1000,1092,0.00609832923402687,0.0649954026941648,0.0656127220103991,-0.121292660046536,0.13348931851459,1,1,0.0278140509336264,TRUE,593.99565076828,0.000119209289550781
3277,1000,1093,-0.0629492839536353,0.0699327984002595,0.0647865556882736,-0.200017568818144,0.0741190009108734,1,6,0.000669040988060858,FALSE,478.082002639771,0.000104904174804688
3280,1000,1094,0.00163173749487266,0.0675653602324507,0.071429383031697,-0.130796368560731,0.134059843550476,1,1,0.00631819825922649,TRUE,822.846261978149,9.22679901123047e-05
3283,1000,1095,-0.0723770479534092,0.0826906953935015,0.0659331287677096,-0.234450810924672,0.0896967150178538,1,20,0.0053715795156011,TRUE,356.676990270615,8.98838043212891e-05
3286,1000,1096,0.00474932256025795,0.0653937155607246,0.0671755490093456,-0.123422359938762,0.132921005059278,1,1,0.0082747327915451,TRUE,618.845465421677,7.41481781005859e-05
3289,1000,1097,-0.0109241155800028,0.0654828900392881,0.0669287374511248,-0.139270580057007,0.117422348897002,1,1,0.0149903670965288,TRUE,307.840535640717,0.000116348266601562
3292,1000,1098,0.0928241041961912,0.0638643520881313,0.0656622847550655,-0.0323500258965461,0.217998234288929,1,1,0.0160892911473493,TRUE,533.599296092987,8.44001770019531e-05
3295,1000,1099,-0.0652008202804186,0.0640212806456838,0.0674988960199685,-0.190682530345959,0.0602808897851216,1,6,0.000128445228188454,FALSE,434.809330940247,0.000105142593383789
325,1000,109,0.102834277744712,0.0734286253147072,0.0693468214008654,-0.0410858278721143,0.246754383361538,1,20,0.00448889283567288,TRUE,670.041114807129,0.000130891799926758
28,1000,10,0.0315311361795227,0.0649865983883666,0.0651580712746862,-0.0958425966616757,0.158904869020721,1,1,0.0107170918025464,TRUE,780.461841821671,0.000121355056762695
3298,1000,1100,-0.0491774742108795,0.0712456494511583,0.0656451092820689,-0.18881894713515,0.0904639987133908,1,15,0.00152149930461283,FALSE,580.502046823502,0.000121831893920898
328,1000,110,-0.0832826244494402,0.0646584869149478,0.0639058616210123,-0.210013258802738,0.0434480099038574,1,1,0.0259453059172073,TRUE,535.360551834106,5.98430633544922e-05
331,1000,111,0.0463998251048092,0.0675505394231753,0.0674236975870309,-0.0859992321646144,0.178798882374233,1,16,0.000692102920334265,FALSE,450.362095594406,8.55922698974609e-05
334,1000,112,0.0881425359200958,0.0686107238017404,0.0679636921709549,-0.0463344827313154,0.222619554571507,1,5,0.0051662985764407,FALSE,939.235340833664,5.65052032470703e-05
337,1000,113,0.00189952298829144,0.0642060858919884,0.0661453731489661,-0.123944405360006,0.127743451336589,1,1,0.00939155093344547,TRUE,787.019303321838,8.29696655273438e-05
340,1000,114,-0.00129436186082232,0.0740627302329059,0.0700746288416606,-0.146457313117318,0.143868589395673,1,13,1.85808535312099e-06,FALSE,474.119560003281,0.000124692916870117
343,1000,115,-0.0264201149611367,0.0654478290532748,0.0647676999895275,-0.154697859905555,0.101857629983282,1,5,0.000277707122408549,FALSE,369.772747516632,8.96453857421875e-05
346,1000,116,-0.0135520201502104,0.0647373947654177,0.0664258026209039,-0.140437313890429,0.113333273590008,1,1,0.0109839982321761,TRUE,370.270844936371,4.02927398681641e-05
349,1000,117,-0.137666133599988,0.0699303858144638,0.0685127423087801,-0.274729689796337,-0.000602577403639171,0,15,0.000252079918203589,FALSE,495.329154968262,0.000104188919067383
352,1000,118,0.0962240111402964,0.0671381844888515,0.0690786030723124,-0.0353668304578525,0.227814852738445,1,1,0.00631517916648037,TRUE,328.546428442001,9.75131988525391e-05
355,1000,119,0.151069369944152,0.0676766496299987,0.0669204821201742,0.0184231366693549,0.28371560321895,0,1,0.00359089730417968,TRUE,446.796325206757,8.05854797363281e-05
31,1000,11,0.0307714175622757,0.0654047998071818,0.066026689952615,-0.0974219900598007,0.158964825184352,1,2,0.000210245920241337,FALSE,507.843610286713,7.60555267333984e-05
358,1000,120,-0.0250798951291773,0.0637424053211237,0.0635434770042872,-0.15001500955858,0.0998552193002251,1,13,0.000886823452519273,FALSE,377.099866390228,9.05990600585938e-05
361,1000,121,0.0600760700317151,0.0715404462885108,0.0674205275662086,-0.080143204693766,0.200295344757196,1,19,3.35586780801586e-05,FALSE,517.389885902405,6.03199005126953e-05
364,1000,122,0.0416451659323582,0.0743049010666128,0.0698127459553057,-0.103992440158203,0.187282772022919,1,13,0.000297077828958741,FALSE,338.544562101364,4.10079956054688e-05
367,1000,123,0.164684634365373,0.0680281245525117,0.0689998822357483,0.0313495102424502,0.298019758488296,0,3,0.00793937561267029,FALSE,533.52095580101,0.000174283981323242
370,1000,124,-0.0923385099922854,0.0890868774311004,0.074576173283695,-0.266948789757242,0.0822717697726713,1,19,5.24598146211851e-05,FALSE,380.477365016937,6.36577606201172e-05
373,1000,125,0.131285528337177,0.0670793830583109,0.0661110512068039,-0.000190062457112172,0.262761119131467,1,8,0.000114329169064685,FALSE,504.866976499557,7.08103179931641e-05
376,1000,126,-0.0559827673865805,0.0706060489435934,0.0693464731063432,-0.194370623316024,0.0824050885428626,1,1,0.00385980264220364,TRUE,970.713147163391,0.000173091888427734
379,1000,127,0.0992985977328514,0.0818417466092706,0.0728572648664089,-0.0611112256213189,0.259708421087022,1,14,0.010920539877819,FALSE,610.523666381836,0.000172853469848633
382,1000,128,0.0581619432168019,0.0663632968863103,0.0687413150363898,-0.0719101186803662,0.18823400511397,1,4,3.09173496411894e-06,FALSE,628.034152984619,5.03063201904297e-05
385,1000,129,-0.123034908715363,0.0729090599968002,0.0692782449332944,-0.265936666309092,0.0198668488783653,1,18,0.000520403877736298,FALSE,420.886929750443,4.31537628173828e-05
34,1000,12,-0.0448344098092287,0.0633943954532756,0.0657919819272187,-0.169087424897649,0.0794186052791914,1,1,0.00657688204075497,TRUE,557.582914113998,6.866455078125e-05
388,1000,130,-0.0319415679168557,0.0638259181192791,0.064569683882078,-0.157040367430643,0.0931572315969313,1,1,0.0112669971264585,TRUE,451.298020124435,7.51018524169922e-05
391,1000,131,0.102501319571292,0.0679647124760729,0.0713045439594444,-0.0307095168818104,0.235712156024395,1,1,0.0100966071038629,TRUE,629.164219141006,0.000278472900390625
394,1000,132,0.0729335936293803,0.0715610121956685,0.0643568444822094,-0.0673259902741299,0.213193177532891,1,15,0.000553876323078319,FALSE,405.589951515198,5.48362731933594e-05
397,1000,133,0.0711570673751551,0.0648870077248782,0.0648611047379419,-0.0560214677656062,0.198335602515917,1,1,0.00496524108256584,TRUE,452.606489419937,0.000246047973632812
400,1000,134,0.0539193424097211,0.0666264121071856,0.0696328027406638,-0.0766684253203627,0.184507110139805,1,1,0.000230360884576223,TRUE,565.681763648987,0.000116348266601562
403,1000,135,0.187164261344069,0.0655095651850351,0.0687146094278241,0.0587655135813999,0.315563009106738,0,1,0.0104518683506702,TRUE,637.607766866684,7.10487365722656e-05
406,1000,136,0.0487813055397045,0.0629201456824532,0.0664356044441858,-0.0745421799979039,0.172104791077313,1,1,9.18736629785491e-05,TRUE,393.683983325958,8.0108642578125e-05
409,1000,137,-0.0303973161934494,0.0647117786966435,0.0672528616332878,-0.157232402438871,0.0964377700519718,1,1,0.00281624232007796,TRUE,327.565913438797,0.000116825103759766
412,1000,138,0.0985811840888695,0.0654863175134453,0.0696353325362591,-0.0297719982374833,0.226934366415222,1,1,0.0125686976576188,TRUE,550.928899049759,0.000190496444702148
415,1000,139,0.0161588118076739,0.0678157857717216,0.0675745491693197,-0.116760128304901,0.149077751920248,1,1,0.0312751108158026,TRUE,388.741286039352,8.74996185302734e-05
37,1000,13,0.143698394034015,0.0654876587740374,0.0694720412722553,0.0153425828369015,0.272054205231128,0,1,0.00031857866371717,TRUE,336.57471036911,9.51290130615234e-05
418,1000,140,0.0829351647476004,0.0672017154675634,0.0677894161965379,-0.0487801975688238,0.214650527064025,1,6,4.57613764460197e-05,FALSE,467.471640348434,0.00012969970703125
421,1000,141,0.0598010772628783,0.0714124292208194,0.068511730695253,-0.0801672840099277,0.199769438535684,1,1,0.0251419940761515,TRUE,381.333217144012,8.03470611572266e-05
424,1000,142,0.0304454692027404,0.065871584027941,0.0663940693211126,-0.0986628354920239,0.159553773897505,1,1,0.00530915635134701,TRUE,312.310106992722,0.000129461288452148
427,1000,143,0.0729268271042326,0.0704806153996485,0.0669296882647334,-0.0652151790790784,0.211068833287544,1,14,1.76141814539018e-05,FALSE,520.622087001801,0.000128984451293945
430,1000,144,-0.0853570457774309,0.0708732977607608,0.0663230348286468,-0.224268709388522,0.0535546178336602,1,20,0.00273424531899507,TRUE,364.778354406357,0.000192642211914062
433,1000,145,0.0264453766835193,0.0670108562121989,0.0681425783451228,-0.104895901492391,0.157786654859429,1,1,0.0046331934256965,TRUE,560.587662220001,0.000228166580200195
436,1000,146,-0.0283289696560441,0.0663068234129232,0.0649165202012865,-0.158290343545374,0.101632404233285,1,1,0.0090697999392963,TRUE,445.635079622269,0.000121355056762695
439,1000,147,0.14672905622135,0.068708360124109,0.0661327335853589,0.0120606703780967,0.281397442064604,0,15,0.000312571663938759,FALSE,357.744236707687,0.000242233276367188
442,1000,148,0.018263006801277,0.0632489618429442,0.0656892389143038,-0.105704958410894,0.142230972013448,1,1,0.0123902508683807,TRUE,400.474950790405,4.1961669921875e-05
445,1000,149,0.00909544017187258,0.067994173324329,0.0704393934272158,-0.124173139543812,0.142364019887557,1,6,0.0012344775642076,FALSE,682.236742258072,8.58306884765625e-05
40,1000,14,-0.0175563601360953,0.0693470293427396,0.0654759502752579,-0.153476537647865,0.118363817375674,1,6,0.000347341379389294,FALSE,338.263177156448,7.79628753662109e-05
448,1000,150,0.0536516172928583,0.0651754440938307,0.0665071809634342,-0.0740922531310499,0.181395487716766,1,1,0.0130798784311222,TRUE,948.123505115509,0.000167131423950195
451,1000,151,-0.129448816301654,0.0670086331050914,0.0692392144122027,-0.260785737187633,0.00188810458432498,1,1,0.00500065293661569,TRUE,848.111798524857,0.000140666961669922
454,1000,152,0.0819932349641548,0.0673189770179589,0.0682437962235424,-0.0499519599910447,0.213938429919354,1,1,0.00517320744231106,TRUE,460.944312810898,8.32080841064453e-05
457,1000,153,-0.0652481625239353,0.0638862864898814,0.0701480458856355,-0.190465284044103,0.0599689589962323,1,1,0.00936382997793453,TRUE,418.181058645248,4.93526458740234e-05
460,1000,154,-0.0355415864639997,0.0694306226199896,0.0644132162726564,-0.171625606799179,0.10054243387118,1,15,0.00354791032477342,FALSE,862.974320411682,0.000657796859741211
463,1000,155,-0.010118736090314,0.072720166314959,0.0645477705611821,-0.152650262067634,0.132412789887006,1,14,0.000422801186520592,FALSE,350.760720491409,9.51290130615234e-05
466,1000,156,0.0981187736262005,0.0649321907669178,0.0676596973652659,-0.0291483202769585,0.225385867529359,1,1,0.00713819759473454,TRUE,420.265608549118,7.00950622558594e-05
469,1000,157,0.0248822033923977,0.0665165965557567,0.0677958345947362,-0.105490325856885,0.155254732641681,1,1,0.0151696114670717,TRUE,449.158002138138,7.03334808349609e-05
472,1000,158,-0.0307673346072905,0.0703459057437165,0.0691267291604841,-0.168645309864975,0.107110640650394,1,20,0.00329336227227661,TRUE,411.582734823227,4.62532043457031e-05
475,1000,159,-0.0106634051735548,0.0775083209461617,0.0692437155358353,-0.162579714228032,0.141252903880922,1,14,0.000474241569698644,FALSE,320.538090467453,8.60691070556641e-05
43,1000,15,0.028388121678253,0.0703663127625127,0.0682058055718717,-0.109529851336272,0.166306094692778,1,14,0.00358293097652322,FALSE,365.980989694595,7.60555267333984e-05
478,1000,160,0.0680482732827801,0.0664107235046712,0.0670136281541327,-0.0621167447863754,0.198213291351936,1,1,0.0033206814949714,TRUE,418.880754232407,7.39097595214844e-05
481,1000,161,0.0618063889085881,0.0655722687131038,0.0673167647647842,-0.0667152577690954,0.190328035586272,1,1,0.0011740302642812,TRUE,307.626465320587,8.58306884765625e-05
484,1000,162,-0.0262083125449977,0.0644211800623251,0.0643039646420353,-0.152473825467155,0.10005720037716,1,1,0.010821674647333,TRUE,297.13050365448,7.17639923095703e-05
487,1000,163,0.0168131670228884,0.0672709364658208,0.0713757298634259,-0.11503786845012,0.148664202495897,1,10,0.00025422299039556,FALSE,305.748507738113,8.17775726318359e-05
490,1000,164,0.0250988721501649,0.0701800443557677,0.0670544431295896,-0.11245401478714,0.16265175908747,1,1,0.00825931881878207,TRUE,290.729470252991,8.03470611572266e-05
493,1000,165,-0.0210351224427932,0.0700231920103516,0.0632033372151114,-0.158280578783082,0.116210333897496,1,11,0.000217909108575981,FALSE,361.268187761307,7.98702239990234e-05
496,1000,166,-0.0360666500890872,0.0671334315216157,0.0672548877113514,-0.167648175871454,0.0955148756932797,1,7,0.000170431523211218,FALSE,555.066576004028,7.36713409423828e-05
499,1000,167,0.0243022173975689,0.0687341266588514,0.0687627548483968,-0.11041667085378,0.159021105648918,1,6,0.000150561519261824,FALSE,475.231399536133,8.15391540527344e-05
502,1000,168,-0.057481471679668,0.0675718285032482,0.0651758501694951,-0.189922255546035,0.0749593121866985,1,8,0.000433723090029411,FALSE,452.903643369675,0.000187397003173828
505,1000,169,-0.0190394969767305,0.0636366640306018,0.0662825321913413,-0.14376735847671,0.105688364523249,1,1,0.00788984862312622,TRUE,498.534806728363,6.89029693603516e-05
46,1000,16,-0.0377981396600882,0.063806546908123,0.0645827174745016,-0.162858971600009,0.0872626922798328,1,9,0.000700821544598084,FALSE,309.873212814331,0.000101566314697266
508,1000,170,-0.0080729684072165,0.0673248882928466,0.0686098698731413,-0.140029749461196,0.123883812646763,1,1,0.00146077201288602,TRUE,605.570698261261,7.48634338378906e-05
511,1000,171,0.115869817416088,0.0671533888620955,0.0668591805804523,-0.0157508247536187,0.247490459585795,1,1,0.0162543485723484,TRUE,518.174669504166,0.000268220901489258
514,1000,172,-0.12314351734328,0.0668079983552364,0.0679691739956477,-0.254087194119544,0.00780015943298326,1,1,0.0105851459227456,TRUE,452.184075117111,5.00679016113281e-05
517,1000,173,0.0321186164531488,0.0820753240776321,0.0702951378143893,-0.12874901873901,0.192986251645308,1,20,0.000372642636147532,TRUE,305.069306373596,7.60555267333984e-05
520,1000,174,0.07302382399667,0.0735418396837807,0.0649464260623133,-0.0711181817835403,0.21716582977688,1,20,0.00500443342214795,TRUE,473.218964576721,7.43865966796875e-05
523,1000,175,0.0491956338769981,0.0718317863750178,0.0668912123096312,-0.0915946674180368,0.189985935172033,1,13,0.000407408785837926,FALSE,469.740613698959,7.65323638916016e-05
526,1000,176,0.0170722520734425,0.0656454588754047,0.0654031355380697,-0.111592847322351,0.145737351469236,1,2,0.00392973147905266,FALSE,362.321507930756,5.05447387695312e-05
529,1000,177,0.0437033441371334,0.0671047154786058,0.0702173485232085,-0.0878218982009341,0.175228586475201,1,1,0.0139225008660439,TRUE,448.816752433777,7.27176666259766e-05
532,1000,178,0.0132702509552132,0.0703809943517323,0.0678403017921647,-0.124676497974182,0.151216999884609,1,1,0.00915066796008949,TRUE,550.170990467072,7.89165496826172e-05
535,1000,179,-0.080570598085977,0.0644317220237793,0.0639988688222171,-0.206856773252584,0.0457155770806304,1,1,0.0132208922402335,TRUE,376.930903434753,6.103515625e-05
49,1000,17,0.00633219832088106,0.0640703148763741,0.0656424278073898,-0.119245618836812,0.131910015478574,1,1,0.000176033177828525,TRUE,478.463538646698,5.36441802978516e-05
538,1000,180,-0.00102335248487906,0.0649097743640161,0.0668879464686452,-0.128246510238351,0.126199805268592,1,1,0.000173563073134612,TRUE,446.703245162964,6.38961791992188e-05
541,1000,181,-0.117908292032221,0.0752496550690473,0.0676735111502022,-0.265397615967554,0.0295810319031115,1,17,8.98016282962081e-05,FALSE,309.080459594727,6.79492950439453e-05
544,1000,182,-0.0220952501234164,0.0654038991167859,0.0670600357004766,-0.150286892392317,0.106096392145484,1,1,0.000302474479081631,TRUE,339.68973326683,7.27176666259766e-05
547,1000,183,0.0231609664003618,0.0670104215692906,0.067763422300947,-0.108179459875448,0.154501392676171,1,1,0.0271294875795457,TRUE,407.072376489639,6.65187835693359e-05
550,1000,184,-0.0249448161448906,0.0659729180561358,0.0653572132702537,-0.154251735534917,0.104362103245136,1,1,0.00921786869254233,TRUE,393.51171374321,4.14848327636719e-05
553,1000,185,0.0747445581084251,0.0668909331737145,0.0689629567934515,-0.0563616709120554,0.205850787128905,1,7,0.00541387565291521,FALSE,471.431894302368,7.17639923095703e-05
556,1000,186,0.00818255966897574,0.0668751830303315,0.0660176825437102,-0.122892799070474,0.139257918408426,1,3,0.00543083491578476,FALSE,328.494277715683,4.29153442382812e-05
559,1000,187,0.0202309848144674,0.0626904840215174,0.0621173688744034,-0.102642363867707,0.143104333496641,1,1,0.0221919906308741,TRUE,522.498510599136,0.000241279602050781
562,1000,188,0.146540555209413,0.068030489714247,0.0705186506278841,0.0132007953694884,0.279880315049337,0,1,0.00458952593796276,TRUE,599.902176856995,0.000212669372558594
565,1000,189,-0.00361577127792589,0.0772213696841802,0.0667493081905746,-0.154969655858919,0.147738113303067,1,20,0.00499951310433736,TRUE,514.483849048615,0.000112295150756836
52,1000,18,-0.0940845300378079,0.0666090288138782,0.0683520209227463,-0.224638226513009,0.0364691664373933,1,4,0.000568098419078172,FALSE,569.725037574768,8.63075256347656e-05
568,1000,190,0.0645409752040809,0.0746988880187395,0.067868318945459,-0.0818688453126485,0.21095079572081,1,20,0.00770705545444334,TRUE,522.93628692627,7.08103179931641e-05
571,1000,191,-0.0279680573453547,0.0644625626422588,0.0659784161098224,-0.154314680124182,0.0983785654334725,1,1,0.00384507764011714,TRUE,570.628611326218,7.27176666259766e-05
574,1000,192,-0.0233993037157534,0.0645021788656477,0.0642141671051475,-0.149823574292423,0.103024966860916,1,1,0.00688445278523715,TRUE,305.896542310715,0.000107288360595703
577,1000,193,-0.0899678778989228,0.0710785778068871,0.0669877093791436,-0.229281890400422,0.049346134602576,1,13,0.000222886533807248,FALSE,402.721534967422,5.340576171875e-05
580,1000,194,0.0307495840862736,0.0670264418631156,0.0670387717047593,-0.100622241965433,0.16212141013798,1,1,0.00448199986918346,TRUE,754.442810535431,0.000135898590087891
583,1000,195,-0.0829545001026358,0.0660378895164882,0.0679467713852322,-0.212388763554953,0.046479763349681,1,1,0.00499624787747564,TRUE,566.377589225769,0.000125885009765625
586,1000,196,0.0282009897761107,0.0744008549356541,0.0706752313801581,-0.117624685897771,0.174026665449993,1,19,0.000270507627246806,FALSE,620.381875991821,8.82148742675781e-05
589,1000,197,0.0859732852966308,0.0664220847799582,0.0652346034730358,-0.0442140008720872,0.216160571465349,1,1,0.00171018868559778,TRUE,364.154223442078,6.103515625e-05
592,1000,198,-0.0249577258448392,0.0651539005862811,0.0653646839498165,-0.15265937099395,0.102743919304272,1,9,0.000260969306267218,FALSE,323.693044662476,0.000113010406494141
595,1000,199,0.0135347174270728,0.0685077713086439,0.0691389861984749,-0.120740514337869,0.147809949192015,1,2,0.00976152961742682,FALSE,628.610801458359,6.74724578857422e-05
55,1000,19,0.0926388525717159,0.0662381938287594,0.0677127247901652,-0.0371880073326526,0.222465712476084,1,1,0.0115260778608067,TRUE,523.370094060898,8.94069671630859e-05
1,1000,1,0.00392478833823329,0.0679637317899896,0.07166425940136,-0.129284125970146,0.137133702646613,1,1,0.0083674888520112,TRUE,628.729289054871,6.53266906738281e-05
598,1000,200,-0.101203612046132,0.0658135622511601,0.0686915257423704,-0.230198194058406,0.0277909699661415,1,1,0.00700298717646067,TRUE,366.446154594421,6.79492950439453e-05
601,1000,201,0.0717130238867016,0.0686427857367976,0.069682423445634,-0.0628268361574216,0.206252883930825,1,11,0.0105618800792938,FALSE,288.513360738754,0.000627517700195312
604,1000,202,-0.05800380665325,0.0618752964836403,0.0631295055570014,-0.179279387761185,0.0632717744546849,1,1,0.0251071186127588,TRUE,505.435449838638,4.69684600830078e-05
607,1000,203,0.050785385343603,0.0678367288759339,0.064659266560815,-0.0821746032532274,0.183745373940433,1,10,0.000658728429954716,FALSE,335.793066740036,4.31537628173828e-05
610,1000,204,0.0352233798465926,0.0658542833107337,0.0675751377614462,-0.0938510154424455,0.164297775135631,1,1,2.1008634625112e-05,TRUE,374.021281480789,4.22000885009766e-05
613,1000,205,0.00593738775651387,0.0660147942236991,0.0661061072450567,-0.123451608921936,0.135326384434964,1,3,0.000165894354389949,FALSE,618.966551542282,0.000277042388916016
616,1000,206,-0.0341587099921188,0.0658944380997021,0.0643727609754205,-0.163311808667535,0.0949943886832973,1,1,0.0110006371184533,TRUE,359.018079996109,6.79492950439453e-05
619,1000,207,-0.0200824709500147,0.0685338044198283,0.0686132277154962,-0.154408727612878,0.114243785712849,1,1,0.000332763596600098,TRUE,381.458468198776,0.000149965286254883
622,1000,208,0.0159079410075563,0.0752162466528533,0.0690795096386975,-0.131515902432036,0.163331784447149,1,18,0.000723249970106271,FALSE,469.1797914505,7.96318054199219e-05
625,1000,209,0.0310749719470487,0.065763301356856,0.0655982965396936,-0.0978210987123891,0.159971042606486,1,1,0.00876646075351373,TRUE,450.65953874588,4.62532043457031e-05
58,1000,20,0.12013183641241,0.0634758204541309,0.0651183997813691,-0.00428077167768647,0.244544444502507,1,1,0.00368931018649246,TRUE,397.631877422333,4.14848327636719e-05
628,1000,210,0.0465313199597299,0.0681741949382195,0.0676609141924839,-0.0870901021191803,0.18015274203864,1,1,0.0126009209952074,TRUE,606.229389190674,5.57899475097656e-05
631,1000,211,-0.0392464103489831,0.0692001699150451,0.0695581753564773,-0.174878743382472,0.0963859226845052,1,1,0.0117606150074096,TRUE,386.435604810715,7.98702239990234e-05
634,1000,212,0.0329613166239391,0.0655358530052331,0.0659000387913177,-0.0954889552663177,0.161411588514196,1,4,0.000687849682797598,FALSE,359.735290527344,6.55651092529297e-05
637,1000,213,0.0238444489262637,0.0700413304141024,0.0673771832195329,-0.113436558685377,0.161125456537904,1,20,0.00941144320597038,TRUE,298.999103784561,0.000112533569335938
640,1000,214,0.0143842152288325,0.0703079045069762,0.0696698226786298,-0.123419277604841,0.152187708062506,1,7,0.0227067141156696,FALSE,538.816970348358,0.000105381011962891
643,1000,215,-0.00722166113576783,0.0680732724485249,0.0670443870342671,-0.140645275134877,0.126201952863341,1,7,0.00199373596265296,FALSE,398.273498773575,4.31537628173828e-05
646,1000,216,0.0690494168734026,0.0691046475850446,0.0707516971886115,-0.0663956923932848,0.20449452614009,1,1,0.0267934856207633,TRUE,454.455808162689,7.22408294677734e-05
649,1000,217,-0.0254430444041134,0.0663152891805224,0.0645613092290097,-0.155421011197937,0.10453492238971,1,1,0.000950326583007782,TRUE,786.998300790787,0.000126361846923828
652,1000,218,-0.0775938628041623,0.06582175246538,0.0654010407742964,-0.206604497636307,0.0514167720279825,1,3,0.000198268266177126,FALSE,962.384072542191,0.000157833099365234
655,1000,219,0.0972570246233704,0.0640337181613771,0.0640371949719008,-0.0282490629729288,0.22276311221967,1,2,0.00435539616327594,FALSE,522.22397851944,0.000143766403198242
61,1000,21,-0.00656251548432707,0.0663552010373399,0.064811066126518,-0.136618709517513,0.123493678548859,1,1,0.0134579404605275,TRUE,389.656213283539,4.14848327636719e-05
658,1000,220,-0.00711707919529569,0.0681695266252513,0.0683828249094481,-0.140729351380788,0.126495192990197,1,8,0.00143332409601343,FALSE,399.106111526489,7.00950622558594e-05
661,1000,221,-0.00742893797163913,0.0843995326382985,0.0669857237739485,-0.172852021942704,0.157994145999426,1,20,0.0115693953728557,TRUE,469.877784013748,4.41074371337891e-05
664,1000,222,0.0566985461855537,0.0676314452175644,0.0690723672952621,-0.0758590864408726,0.18925617881198,1,11,6.92467398744739e-05,FALSE,533.849579334259,0.000101566314697266
667,1000,223,0.012216568926162,0.0645247708272458,0.0653049603005655,-0.11425198189524,0.138685119747564,1,1,0.00560913254054595,TRUE,335.895658731461,7.98702239990234e-05
670,1000,224,0.132431648463876,0.0787038067303459,0.0633369120751087,-0.0218278127276019,0.286691109655354,1,20,8.69239308801655e-05,TRUE,874.528737306595,0.000135421752929688
673,1000,225,0.0555296401345318,0.0708262846996674,0.0642139457805374,-0.0832898778768163,0.19434915814588,1,20,0.0107167111212967,TRUE,328.708819389343,6.29425048828125e-05
676,1000,226,0.0255269528435913,0.0692924361277409,0.0659154137277959,-0.110286221966781,0.161340127653963,1,5,0.000542629154052854,FALSE,297.871942281723,5.07831573486328e-05
679,1000,227,-0.0686400633272862,0.0674675451359145,0.0679692106944569,-0.200876451793679,0.0635963251391062,1,3,4.81522440828507e-06,FALSE,403.531424045563,6.41345977783203e-05
682,1000,228,0.0322772993809008,0.0656395904457776,0.0663065179009677,-0.0963762978928232,0.160930896654625,1,2,0.000176728400580653,FALSE,543.374036073685,9.29832458496094e-05
685,1000,229,0.125018361375969,0.0628556194384532,0.0635731969171405,0.00182134727660035,0.248215375475337,0,1,0.00922642764857325,TRUE,506.499767780304,7.96318054199219e-05
64,1000,22,0.00650148792380156,0.0643160500832547,0.0667330445689126,-0.119557970239378,0.132560946086981,1,1,0.0126400536650877,TRUE,392.392417907715,5.05447387695312e-05
688,1000,230,0.0503997710055529,0.072032999265241,0.0692538476357845,-0.0907849075543195,0.191584449565425,1,16,0.000573750971839044,FALSE,736.536411523819,8.03470611572266e-05
691,1000,231,-0.0343966008955279,0.0709766736076687,0.0671674809401563,-0.173510881166558,0.104717679375503,1,1,0.0127079485005685,TRUE,283.773849487305,8.65459442138672e-05
694,1000,232,-0.120070894082818,0.0756259276293716,0.0665295629222507,-0.268297712236386,0.0281559240707503,1,13,0.000217629750752984,FALSE,349.986578226089,5.86509704589844e-05
697,1000,233,0.100203694369594,0.0659026538615641,0.0724499783804022,-0.028965507199072,0.229372895938259,1,1,0.00438376440644739,TRUE,516.685921430588,8.05854797363281e-05
700,1000,234,0.0304930925239012,0.0722329641221556,0.067919720515369,-0.111083517155524,0.172069702203326,1,18,0.000113067908616117,FALSE,590.515794754028,9.89437103271484e-05
703,1000,235,-0.0297679804757696,0.0665450028233326,0.0663843042367706,-0.160196186009501,0.100660225057962,1,5,0.00012907425729017,FALSE,401.580064535141,8.74996185302734e-05
706,1000,236,0.0927944271945149,0.0671776434217072,0.0637016394263894,-0.0388737539120312,0.224462608301061,1,17,0.00072469300277766,FALSE,520.122648239136,0.000265359878540039
709,1000,237,0.052922196531098,0.0640243283948156,0.0653071917059969,-0.0725654871227406,0.178409880184937,1,2,0.000590907245131253,FALSE,609.778610706329,0.000126838684082031
712,1000,238,0.0761147787604305,0.069361909337614,0.0682825842559587,-0.059834563541293,0.212064121062154,1,3,0.0210755750314484,FALSE,523.891452074051,7.96318054199219e-05
715,1000,239,-0.0211995997012516,0.0804297999276784,0.0662016855226917,-0.178842007559501,0.136442808156998,1,18,0.000836434917327572,FALSE,584.285775184631,8.53538513183594e-05
67,1000,23,0.0564182373521844,0.0644422843509981,0.0656065994212359,-0.0698886399757718,0.182725114680141,1,2,0.000178034797546444,FALSE,387.713862657547,7.72476196289062e-05
718,1000,240,0.126638452146265,0.0663255488850025,0.0665946765429078,-0.00335962366833997,0.25663652796087,1,1,0.0233383730393948,TRUE,569.173919200897,0.000128984451293945
721,1000,241,-0.146704292621772,0.0770131460674965,0.067228520803804,-0.297650058914065,0.00424147367052102,1,17,0.0011230719722039,FALSE,504.562672376633,0.000130176544189453
724,1000,242,-0.0662652938139582,0.0665705619178576,0.0675149304432276,-0.196743595172959,0.0642130075450428,1,1,0.0257719415404303,TRUE,564.548978328705,0.0002899169921875
727,1000,243,0.030174044942983,0.0694952202963831,0.0690063839091617,-0.106036586837928,0.166384676723894,1,1,0.0172260045777554,TRUE,551.092268466949,0.000126838684082031
730,1000,244,-0.0832090345279911,0.0659533062422368,0.0675197720101731,-0.212477514762775,0.046059445706793,1,1,0.0105246920472878,TRUE,597.585337877274,8.63075256347656e-05
733,1000,245,-0.0555016868859231,0.0658420826464376,0.0653355048900361,-0.184552168872941,0.0735487951010947,1,1,0.0323895902838964,TRUE,417.50267291069,8.34465026855469e-05
736,1000,246,0.0354776201607855,0.0667052712348637,0.0722071843999782,-0.0952647114595474,0.166219951781118,1,4,6.29556990992487e-05,FALSE,389.26243853569,5.7220458984375e-05
739,1000,247,-0.094514506273462,0.0698316207581621,0.0667258116713024,-0.23138448295946,0.0423554704125357,1,8,0.000361870749786211,FALSE,585.302359580994,0.000355720520019531
742,1000,248,0.0464846262103479,0.0658717171145788,0.0662327832391075,-0.0826239393342266,0.175593191754922,1,12,0.000120730816971295,FALSE,643.066809177399,7.2479248046875e-05
745,1000,249,-0.11571683230446,0.0726563767270449,0.0655359030718941,-0.258123330689468,0.026689666080548,1,14,0.00112015221119193,FALSE,430.618074893951,4.52995300292969e-05
70,1000,24,-0.0519582662040794,0.0679563341744035,0.0696083424881148,-0.18515268118591,0.0812361487777514,1,1,0.00151578265090872,TRUE,450.645816802979,7.82012939453125e-05
748,1000,250,-0.0668011362872818,0.0742092166877918,0.0645507225955239,-0.212251200995354,0.0786489284207902,1,10,0.000937310903013728,FALSE,495.198763132095,8.32080841064453e-05
751,1000,251,-0.0324584514581683,0.0673638847238111,0.0681118894403671,-0.164491665516838,0.0995747626005014,1,1,0.0356996883962187,TRUE,607.926612138748,9.67979431152344e-05
754,1000,252,-0.036416874583873,0.0686684343724853,0.0644828589266575,-0.171007005953944,0.0981732567861982,1,15,0.000236609436374811,FALSE,497.101371765137,0.000180244445800781
757,1000,253,0.00243839240325117,0.0717761052350749,0.0640910507582279,-0.138242773857496,0.143119558663998,1,20,0.0161821074292156,TRUE,622.29070520401,0.000113010406494141
760,1000,254,-0.0671382608159741,0.0698005193105294,0.0694704222871784,-0.203947278664612,0.0696707570326635,1,2,0.000698018664048902,FALSE,538.722856521606,7.48634338378906e-05
763,1000,255,0.0441227577903693,0.0690869253081803,0.065820609608143,-0.0912876158136641,0.179533131394403,1,17,4.5184023523349e-05,FALSE,345.129940032959,9.79900360107422e-05
766,1000,256,0.0518220715916169,0.0699157261927112,0.0660038203283967,-0.0852127517460972,0.188856894929331,1,14,0.0207424696349572,FALSE,496.132383584976,8.32080841064453e-05
769,1000,257,-0.149855884730667,0.0642426482699662,0.066870661742933,-0.2757714753398,-0.0239402941215328,0,1,0.0100039056599486,TRUE,395.018239736557,5.45978546142578e-05
772,1000,258,-0.107309042003,0.0644023471372511,0.0636294590700969,-0.233537642392012,0.0189195583860117,1,2,0.000565725875764899,FALSE,494.60693359375,6.43730163574219e-05
775,1000,259,-0.0659307009680701,0.0656039007272848,0.0659342673686828,-0.194514346393548,0.0626529444574081,1,1,0.004948651824547,TRUE,386.646515607834,4.07695770263672e-05
73,1000,25,0.0345599816697388,0.0734057472941644,0.0665877181655258,-0.109315283026823,0.178435246366301,1,15,5.77543927179496e-05,FALSE,502.493716955185,0.000119924545288086
778,1000,260,0.120894462182969,0.0677222744030426,0.0688595616028206,-0.0118411956469949,0.253630120012932,1,1,0.00724192449234347,TRUE,361.960087776184,0.0002593994140625
781,1000,261,-0.0571432684418878,0.0705413993317352,0.0667948685061105,-0.195404411132089,0.0811178742483132,1,16,0.00122147364413555,FALSE,368.973082780838,4.14848327636719e-05
784,1000,262,0.105177927945507,0.0688697478355944,0.0683220936462472,-0.0298067778122575,0.240162633703272,1,1,0.00909730231221463,TRUE,852.101905584335,6.24656677246094e-05
787,1000,263,-0.0599322903307349,0.0741579105745393,0.0661213201282547,-0.205281795056832,0.0854172143953622,1,20,0.00298734907579585,TRUE,401.141529798508,6.55651092529297e-05
790,1000,264,0.0515896222656012,0.0652177366306992,0.0657008431058976,-0.0762371415305692,0.179416386061772,1,1,0.00234299545490343,TRUE,354.18165063858,0.00017857551574707
793,1000,265,0.042336558412564,0.0638212165202146,0.0654620470815891,-0.0827530259670566,0.167426142792185,1,1,0.00187745579477512,TRUE,344.119468688965,5.88893890380859e-05
796,1000,266,0.0974437108809754,0.0661631892266589,0.0651957430669902,-0.0322361400032762,0.227123561765227,1,1,0.0132254832077125,TRUE,542.833366394043,5.60283660888672e-05
799,1000,267,0.0912266718565363,0.0651501956676946,0.0659068711411949,-0.036467711652145,0.218921055365218,1,2,0.000265216062047092,FALSE,475.71194434166,8.13007354736328e-05
802,1000,268,0.0159392842867774,0.0735039019574902,0.0681305540715455,-0.128128363549903,0.160006932123458,1,9,0.000788262876370013,FALSE,390.287483453751,4.38690185546875e-05
805,1000,269,0.0480464005212993,0.0649109442799538,0.0661586720136647,-0.0791790502674101,0.175271851310009,1,1,0.00379758729100182,TRUE,361.564157247543,0.000146150588989258
76,1000,26,0.0425988296223815,0.0651007844479563,0.0655124430865339,-0.0849987078956128,0.170196367140376,1,6,0.000318110076340336,FALSE,340.628130912781,0.000103235244750977
808,1000,270,0.0701360629171029,0.0679623718671648,0.0657105496171595,-0.0630701859425401,0.203342311776746,1,6,0.000348117911749355,FALSE,399.818999767303,4.88758087158203e-05
811,1000,271,-0.0906731043647798,0.0688327784407606,0.0656764253509769,-0.225585350108671,0.0442391413791111,1,9,0.000351123562993083,FALSE,304.115941762924,0.000157833099365234
814,1000,272,0.0121440315931635,0.0662448613511064,0.0668012239358849,-0.117695896655005,0.141983959841332,1,1,0.0115929036421861,TRUE,474.253420352936,0.000120162963867188
817,1000,273,-0.0669225733833287,0.0687818962927116,0.0660048337789399,-0.201735090117044,0.067889943350386,1,1,0.0187005835093559,TRUE,589.398425340652,0.000220060348510742
820,1000,274,-0.132090463465987,0.0666796423658918,0.0668098061855967,-0.262782562503134,-0.00139836442883876,0,7,2.23782486481625e-05,FALSE,328.830875635147,5.48362731933594e-05
823,1000,275,0.0187814130398847,0.0659481316075402,0.0644226533211797,-0.110476924910894,0.148039750990663,1,1,0.00309027222621715,TRUE,515.611924886703,0.000132560729980469
826,1000,276,-0.0269856258829895,0.0667061176493021,0.0678827020204098,-0.157729616475622,0.103758364709643,1,1,0.00175703177010415,TRUE,601.931901931763,0.00011134147644043
829,1000,277,-0.0606028266340992,0.0667041389939886,0.0675890885425584,-0.191342939062317,0.0701372857941184,1,1,0.0223470553199961,TRUE,308.302999019623,9.22679901123047e-05
832,1000,278,-0.0317529502099455,0.0668198573164072,0.0679142611468763,-0.162719870550104,0.0992139701302125,1,1,0.0125007817301799,TRUE,869.844369649887,0.000272989273071289
835,1000,279,-0.142970401066464,0.0667962551205512,0.0683208168065483,-0.273891061102745,-0.0120497410301841,0,4,6.99086951472613e-06,FALSE,311.602777242661,5.93662261962891e-05
79,1000,27,-0.0699033291473365,0.0674350086776504,0.0667326727492701,-0.202075946155531,0.0622692878608582,1,1,0.00999103284523429,TRUE,449.357102632523,8.08238983154297e-05
838,1000,280,0.0979391989940065,0.0665936160914388,0.0670527013349112,-0.0325842885452136,0.228462686533227,1,1,0.00931221544903503,TRUE,689.654110431671,4.55379486083984e-05
841,1000,281,-0.0965281997004507,0.0664592363020112,0.0652204153799997,-0.226788302852393,0.0337319034514912,1,1,0.0153142359923246,TRUE,507.522364616394,7.96318054199219e-05
844,1000,282,0.0468846423517526,0.0727948626927285,0.0661645903228628,-0.0957932885259953,0.1895625732295,1,20,0.00111021488836305,TRUE,304.118040800095,9.17911529541016e-05
847,1000,283,-0.091034537840247,0.0677825141314049,0.0691859494546595,-0.2238882655378,0.0418191898573066,1,9,0.000407519158189231,FALSE,690.764340639114,6.50882720947266e-05
850,1000,284,-0.0332172073290167,0.0699519672630928,0.0690360239213799,-0.170323063164679,0.103888648506645,1,1,0.0106678751116013,TRUE,401.023715019226,9.17911529541016e-05
853,1000,285,0.0716919140650021,0.0657294809799099,0.0655351005235216,-0.0571378686556213,0.200521696785626,1,1,0.0100478414396059,TRUE,487.433364868164,0.000124931335449219
856,1000,286,0.0348768964070365,0.0662758891621158,0.0669048446377635,-0.0950238463507105,0.164777639164784,1,2,0.00234259622116322,FALSE,417.785818099976,5.41210174560547e-05
859,1000,287,-0.0355811984222297,0.0627516235828614,0.0653193299352946,-0.158574380644638,0.0874119838001786,1,1,0.00288834495098393,TRUE,713.68363571167,5.67436218261719e-05
862,1000,288,-0.0378288237458593,0.0671854211632015,0.0671206607982918,-0.169512249225734,0.0938546017340157,1,7,0.000491049242163521,FALSE,724.276784896851,5.65052032470703e-05
865,1000,289,0.115462942214248,0.0635229584173095,0.0661726350541525,-0.00904205628367845,0.239967940712175,1,1,0.0119458983733482,TRUE,781.414943933487,6.43730163574219e-05
82,1000,28,0.159895781761312,0.0671752474452128,0.0634685843308137,0.0282322967686945,0.291559266753929,0,5,0.0030502700476421,FALSE,296.225870132446,0.000118017196655273
868,1000,290,-0.0903920533108838,0.0672139475721989,0.0687859212969007,-0.222131390552394,0.041347283930626,1,1,0.0070753060619184,TRUE,311.350791215897,7.58171081542969e-05
871,1000,291,0.033067607677028,0.0652595761278025,0.0673552332568012,-0.094841161533465,0.160976376887521,1,1,0.00914439008793403,TRUE,538.663736104965,0.000143527984619141
874,1000,292,-0.0359490425083426,0.0751195745778927,0.0640474216372033,-0.183183408681012,0.111285323664327,1,14,0.00214012877255008,FALSE,315.980085611343,0.000281810760498047
877,1000,293,0.0203057829492779,0.0629707218485408,0.0659421383525278,-0.103116831873862,0.143728397772418,1,1,0.000707103433099246,TRUE,445.970913410187,7.74860382080078e-05
880,1000,294,-0.0500900836211838,0.0674496938418012,0.0687714283008548,-0.182291483551114,0.0821113163087465,1,1,0.0112471136423671,TRUE,880.329382181168,0.000293970108032227
883,1000,295,-0.0800535715924218,0.0659158427158767,0.0645750869283891,-0.20924862331554,0.0491414801306966,1,3,0.000688732188929029,FALSE,498.770537137985,9.98973846435547e-05
886,1000,296,0.0344203733014667,0.0639789984084975,0.0638039082936638,-0.0909784635791884,0.159819210182122,1,1,0.0302979332673814,TRUE,825.364364624023,7.72476196289062e-05
889,1000,297,0.0592115166903062,0.0699048019473181,0.0705878899773113,-0.0778018951264372,0.19622492850705,1,1,0.00228116728880298,TRUE,365.382254600525,6.866455078125e-05
892,1000,298,-0.0170225989598212,0.0677232188568865,0.0704284024362042,-0.149760107919319,0.115714909999676,1,9,0.000267911165195692,FALSE,441.600806474686,0.000187158584594727
895,1000,299,0.0495250034279817,0.0633288040375796,0.065121271938848,-0.0745994524856743,0.173649459341638,1,1,0.021174428249447,TRUE,465.06150841713,0.000113487243652344
85,1000,29,-0.00433565124481572,0.063772584358018,0.0642374502923026,-0.129329916586531,0.120658614096899,1,4,0.000107868742291368,FALSE,397.92677283287,5.05447387695312e-05
4,1000,2,-0.0502581422966261,0.0703793567148425,0.0707740911071973,-0.188201681457717,0.0876853968644653,1,8,0.000693293953341,FALSE,339.2828540802,8.67843627929688e-05
898,1000,300,0.130616107829171,0.0651086733484363,0.0671703596225446,0.0030031080662356,0.258229107592106,0,1,0.0081187230046999,TRUE,563.552337408066,8.15391540527344e-05
901,1000,301,0.0785274632551608,0.0722901353875189,0.0701934735739252,-0.0631612021043762,0.220216128614698,1,3,0.00166162586366933,FALSE,698.786051988602,0.000172853469848633
904,1000,302,-0.0682343359363842,0.0664537178060834,0.0639659156782777,-0.198483622836308,0.0620149509635393,1,1,0.00649673581527064,TRUE,536.961558818817,0.000471115112304688
907,1000,303,0.0500631725283334,0.0793886962487176,0.0686812424673341,-0.105538672119153,0.20566501717582,1,19,1.72612614153196e-05,FALSE,573.189675331116,8.46385955810547e-05
910,1000,304,0.053166469579101,0.0631432187206193,0.0626147652459992,-0.0705942391133129,0.176927178271515,1,4,0.000683601937626182,FALSE,386.633857727051,6.38961791992188e-05
913,1000,305,0.0325936534308848,0.0690917839558867,0.0653137442669979,-0.102826243122653,0.168013549984423,1,6,0.000214831556223023,FALSE,451.077034950256,6.77108764648438e-05
916,1000,306,0.0360728971314032,0.0650407689291201,0.0657988589158753,-0.0914070099696722,0.163552804232479,1,1,0.00882205201523559,TRUE,572.934352397919,0.000111103057861328
919,1000,307,-0.0315977911284842,0.0670093453039759,0.0663036378945602,-0.162936107924277,0.0997405256673087,1,1,0.00690472484533549,TRUE,588.01157784462,5.79357147216797e-05
922,1000,308,0.0618825637443485,0.0682590735054268,0.0664400428478627,-0.0719052203262881,0.195670347814985,1,1,0.0113459622554133,TRUE,318.247522592545,7.77244567871094e-05
925,1000,309,0.00771427575694883,0.0664808762910464,0.0635435008145788,-0.122588241773502,0.1380167932874,1,3,0.000326102281188995,FALSE,624.651505947113,8.29696655273438e-05
88,1000,30,0.0164976296387176,0.0654557430968017,0.0631807998983106,-0.111795626831014,0.144790886108449,1,11,0.000189010108295809,FALSE,658.718484163284,0.000169038772583008
928,1000,310,0.0162567225753049,0.0657015008287427,0.0664252499899275,-0.112518219049031,0.145031664199641,1,1,0.0176132544974009,TRUE,384.725930690765,4.10079956054688e-05
931,1000,311,0.0176709555657086,0.0718286334755819,0.06554957636178,-0.123113166046432,0.158455077177849,1,20,0.000910557819680903,TRUE,508.907387495041,4.74452972412109e-05
934,1000,312,0.200706715732803,0.0647909659301791,0.0674205584472656,0.0737164225096521,0.327697008955954,0,1,0.00392595650128183,TRUE,737.349197626114,7.03334808349609e-05
937,1000,313,-0.0158351228128568,0.068485336208426,0.0684455327927753,-0.150066381781372,0.118396136155658,1,1,0.0122350751059089,TRUE,301.97888302803,7.82012939453125e-05
940,1000,314,-0.0123548507884216,0.0649076205390257,0.0682991646913121,-0.139573787044912,0.114864085468069,1,1,0.00163137411254308,TRUE,531.571993350983,0.000184535980224609
943,1000,315,-0.0420781835748498,0.0626742499123035,0.0653353568015215,-0.164919713402965,0.0807633462532651,1,1,0.00468544978945031,TRUE,267.764395475388,7.84397125244141e-05
946,1000,316,0.0776968404578684,0.0649792651028558,0.0662383293390557,-0.049662519143729,0.205056200059466,1,12,0.000327628055838267,FALSE,455.196449279785,0.000113010406494141
949,1000,317,0.0513035369241513,0.0656015060992707,0.0681553536677957,-0.0772754150304191,0.179882488878722,1,6,0.00497215367691487,FALSE,351.944646596909,5.98430633544922e-05
952,1000,318,0.0282809399612347,0.065103468416406,0.0638716671933913,-0.099321858134921,0.15588373805739,1,6,0.000290899974176444,FALSE,294.590289115906,4.33921813964844e-05
955,1000,319,-0.0272463672047221,0.0694816867906497,0.0675121698477126,-0.163430473314396,0.108937738904951,1,20,0.000920085256452469,TRUE,361.780937194824,7.43865966796875e-05
91,1000,31,0.0345506630886058,0.0635187093207613,0.0662166240520289,-0.0899460071800865,0.159047333357298,1,1,0.0050219262754757,TRUE,292.935450553894,4.45842742919922e-05
958,1000,320,0.0208778943108078,0.0636595741540679,0.0655535903747362,-0.103894871031165,0.145650659652781,1,1,0.00480629829175741,TRUE,305.557282686234,0.000284433364868164
961,1000,321,0.0789607247196576,0.0647360282532378,0.0642047359741314,-0.0479218906566885,0.205843340096004,1,1,0.0110318792772009,TRUE,397.136310577393,5.340576171875e-05
964,1000,322,-0.076619458838463,0.0749865405623288,0.0697956964519952,-0.223593078340627,0.0703541606637015,1,11,0.000127988146026999,FALSE,517.266694307327,0.000116586685180664
967,1000,323,0.0352966092419931,0.0659489662917262,0.0687343948203764,-0.0939633646897902,0.164556583173776,1,1,0.000698946438685974,TRUE,567.271645545959,5.12599945068359e-05
970,1000,324,0.153694739177657,0.0651924718949244,0.0658953606268761,0.0259174942636051,0.281471984091709,0,1,0.00698131665797524,TRUE,485.736128330231,0.000172853469848633
973,1000,325,-0.00661458236849843,0.0754078350286636,0.0729014540012235,-0.154413939024679,0.141184774287682,1,1,0.0245875155804028,TRUE,330.663520097733,3.45706939697266e-05
976,1000,326,-0.0189416445411814,0.0698422853174443,0.067490594278346,-0.155832523763372,0.117949234681009,1,1,0.00371253659603976,TRUE,596.623443841934,0.000268936157226562
979,1000,327,-0.151349472137663,0.0687889112141169,0.0730934941720494,-0.286175738117332,-0.016523206157994,0,1,0.0141811019684577,TRUE,339.346529006958,8.36849212646484e-05
982,1000,328,0.0440126057802249,0.0740476060645466,0.0729762151632019,-0.101120702106286,0.189145913666736,1,1,0.00906802198778768,TRUE,488.729327917099,0.00011134147644043
985,1000,329,0.0517922217063549,0.0649252507831251,0.0677509660422077,-0.0754612698285703,0.17904571324128,1,1,0.0130062411487668,TRUE,423.77481007576,4.26769256591797e-05
94,1000,32,0.0429796587604816,0.0727894521675165,0.0678092367210752,-0.0996876674878507,0.185646985008814,1,12,0.000989968149621825,FALSE,486.308791399002,7.15255737304688e-05
988,1000,330,-0.0969070432715685,0.0654644173522511,0.0676436730116935,-0.225217301281981,0.0314032147388437,1,1,0.00152278570840661,TRUE,331.208788633347,6.29425048828125e-05
991,1000,331,-0.0256045707794457,0.0679253597919571,0.0655989796472064,-0.158738275971681,0.10752913441279,1,1,0.00949683686290198,TRUE,476.10422706604,7.89165496826172e-05
994,1000,332,-0.00100319636777346,0.0649130096215418,0.0664491743769895,-0.128232695225995,0.126226302490448,1,1,0.0197601007332821,TRUE,528.839904308319,0.000169038772583008
997,1000,333,0.0100793722347366,0.0657954099954583,0.0665554943669987,-0.118879631356362,0.139038375825835,1,3,0.00619976313868514,FALSE,478.001563310623,8.15391540527344e-05
1000,1000,334,0.144531773271348,0.0688862692742243,0.0676149535406074,0.00951468549386814,0.279548861048827,0,8,0.0132762340024229,FALSE,346.682970046997,3.31401824951172e-05
1003,1000,335,0.0896148256269828,0.0724312519207604,0.0698502312786122,-0.0523504281377077,0.231580079391673,1,12,0.00376144925735855,FALSE,409.166597604752,6.24656677246094e-05
1006,1000,336,-0.174189588207687,0.0767601353263619,0.07190770251657,-0.324639453447356,-0.0237397229680175,0,7,0.000600083959028429,FALSE,414.646244049072,4.02927398681641e-05
1009,1000,337,-0.00462844790351524,0.0620810468485189,0.0636263391443228,-0.126307299726612,0.117050403919582,1,1,0.00263579015603315,TRUE,386.835430145264,7.29560852050781e-05
1012,1000,338,0.053916144442257,0.0689937369703102,0.0672522017434165,-0.081311580019551,0.189143868904065,1,9,0.00408678441764382,FALSE,383.233760118484,7.72476196289062e-05
1015,1000,339,0.0193501760143558,0.066053725408071,0.0669412802599455,-0.110115125785463,0.148815477814175,1,1,0.00373496349391055,TRUE,314.414786338806,9.51290130615234e-05
97,1000,33,0.0330044246199406,0.0655143408273271,0.0679098072230401,-0.0954036834016204,0.161412532641502,1,1,0.0120097621059083,TRUE,583.829403162003,0.000168323516845703
1018,1000,340,-0.058885518863139,0.0734163071490816,0.0687535046990062,-0.202781480875339,0.0850104431490611,1,20,0.00227666772106943,TRUE,667.996594429016,0.000124216079711914
1021,1000,341,0.0971506126566701,0.0637998933484683,0.0696394396410524,-0.0278971783063277,0.222198403619668,1,1,0.00446465335684297,TRUE,495.724199533463,5.41210174560547e-05
1024,1000,342,0.0949022028500368,0.0691047688187667,0.0679766714880013,-0.040543144034746,0.23034754973482,1,1,0.0159215500688235,TRUE,384.32492351532,5.50746917724609e-05
1027,1000,343,0.0336139579437865,0.063735879755594,0.0658066642404251,-0.0913083663771777,0.158536282264751,1,1,0.00121996947502337,TRUE,335.142072200775,4.50611114501953e-05
1030,1000,344,-0.0692396403739555,0.0691658873987446,0.0686342412739763,-0.204804779675495,0.066325498927584,1,1,0.0140960114275104,TRUE,406.870034217834,6.22272491455078e-05
1033,1000,345,0.0629933150271318,0.0648569193404752,0.0631087498636422,-0.0641262468801997,0.190112876934463,1,1,0.00697763030781916,TRUE,436.295996427536,8.22544097900391e-05
1036,1000,346,0.131117834187189,0.0657692554133926,0.0652704766168795,0.00221009357693983,0.260025574797439,0,1,0.0180410868941097,TRUE,447.628063201904,6.53266906738281e-05
1039,1000,347,0.0346186577196103,0.0652993030493476,0.065225290886013,-0.093367976257111,0.162605291696332,1,1,0.0155394785109379,TRUE,432.660558462143,5.14984130859375e-05
1042,1000,348,0.0260773406282947,0.0632866553855475,0.0655412951411903,-0.0979645039273785,0.150119185183968,1,1,0.00445703960346362,TRUE,358.068494081497,5.81741333007812e-05
1045,1000,349,-0.0358543649531819,0.0682249031765863,0.0691245480540599,-0.169575175179291,0.0978664452729272,1,1,0.0116504876993934,TRUE,542.929312467575,7.58171081542969e-05
100,1000,34,-0.0188321853557631,0.0710060605435985,0.0663348235945037,-0.158004064021216,0.12033969330969,1,16,0.000820623104846621,FALSE,544.82186794281,5.45978546142578e-05
1048,1000,350,-0.0539992577876494,0.0698350019916293,0.0701335657496325,-0.190875861691243,0.082877346115944,1,1,1.19624235408754e-05,TRUE,340.123742580414,0.000155210494995117
1051,1000,351,0.0941245387143285,0.0623225830127212,0.0622762928187729,-0.0280277239906052,0.216276801419262,1,6,0.000297887679464846,FALSE,537.942130088806,0.000134468078613281
1054,1000,352,-0.036977450026412,0.068084857672779,0.0714434303730673,-0.170423771065059,0.0964688710122348,1,1,0.00129915204757515,TRUE,784.009248018265,5.79357147216797e-05
1057,1000,353,0.0093795415615836,0.072581026492049,0.0641798011123989,-0.132879270362833,0.151638353486,1,20,0.021088294509446,TRUE,543.338188648224,0.000194311141967773
1060,1000,354,0.0519133294471925,0.0689336616571374,0.0672148760929007,-0.0831966474007967,0.187023306295182,1,1,0.0231638619810475,TRUE,309.983601331711,7.79628753662109e-05
1063,1000,355,-0.0054981567201382,0.066130737486658,0.0679428068091662,-0.135114402193988,0.124118088753711,1,1,0.00528437104376515,TRUE,633.100961685181,0.000153779983520508
1066,1000,356,0.112286066123184,0.0690535629324371,0.0673205321156543,-0.0230589172243932,0.24763104947076,1,6,0.000417321967792365,FALSE,329.80975985527,4.67300415039062e-05
1069,1000,357,0.0604940183829127,0.0666503677762831,0.0658043960014173,-0.0701407024586023,0.191128739224428,1,2,0.000134619895498909,FALSE,368.09378695488,6.31809234619141e-05
1072,1000,358,-0.0154329794575966,0.0761625226612964,0.0706194999715013,-0.164711523873738,0.133845564958544,1,20,0.0112165534545386,TRUE,952.843669176102,9.96589660644531e-05
1075,1000,359,0.0413843009528821,0.0656620365276376,0.0668005679231223,-0.0873132906412876,0.170081892547052,1,3,3.63738329221671e-05,FALSE,595.077726364136,6.98566436767578e-05
103,1000,35,0.0427977820871352,0.0725370625658514,0.0680576152608105,-0.0993748605419335,0.184970424716204,1,12,0.000409840830947194,FALSE,884.925735235214,0.000156402587890625
1078,1000,360,-0.0325013356088895,0.0713940937082254,0.0713174455809534,-0.172433759277011,0.107431088059232,1,5,0.000543391653916736,FALSE,776.752629041672,5.53131103515625e-05
1081,1000,361,0.0707465136987377,0.0678108264635498,0.0685775120043887,-0.0621627061698199,0.203655733567295,1,1,0.014217147154453,TRUE,326.648499965668,6.43730163574219e-05
1084,1000,362,0.108027961724028,0.0643668066643364,0.063511814847642,-0.0181309793380712,0.234186902786127,1,1,0.000290432264570278,TRUE,610.765835046768,0.000358104705810547
1087,1000,363,-0.0182192034367619,0.0625795026887394,0.0641398155655168,-0.140875028706691,0.104436621833167,1,1,0.0135915242988288,TRUE,549.317930936813,0.000240802764892578
1090,1000,364,0.059703291175535,0.066454059578844,0.0655352778346982,-0.0705466655989992,0.189953247950069,1,1,0.01368640557624,TRUE,290.73286151886,9.34600830078125e-05
1093,1000,365,-0.0506550054232355,0.0662892438412065,0.0672020524202824,-0.180581923352,0.0792719125055292,1,1,0.00130893760399308,TRUE,652.95778632164,5.65052032470703e-05
1096,1000,366,-0.0137901846602793,0.0767973555219681,0.0726588139267454,-0.164313001483337,0.136732632162778,1,20,0.00195791334486957,TRUE,842.169098854065,9.5367431640625e-05
1099,1000,367,0.127466097950525,0.0708305989066678,0.0672242503872337,-0.0113618759065437,0.266294071807594,1,1,0.0171370007228279,TRUE,489.225950479507,0.000357866287231445
1102,1000,368,0.0185309133146992,0.0647825649932692,0.0653139803850874,-0.108442914072108,0.145504740701507,1,3,0.003019791681654,FALSE,588.114167690277,6.53266906738281e-05
1105,1000,369,-0.0671653828611434,0.0677915995688608,0.0678552460111808,-0.200036918016111,0.0657061522938238,1,1,0.000664472074176215,TRUE,640.246759653091,6.07967376708984e-05
106,1000,36,-0.0446119299168259,0.0694144845608915,0.0676327679568499,-0.180664319656173,0.0914404598225214,1,4,0.00030102008692227,FALSE,877.036847829819,0.000156402587890625
1108,1000,370,0.0551975075893928,0.0640091563342012,0.0647265342429502,-0.0702604388256416,0.180655454004427,1,1,0.00247326606921795,TRUE,411.611835002899,4.31537628173828e-05
1111,1000,371,-0.0334986404948867,0.0742701040615762,0.0700807139299384,-0.179068044455576,0.112070763465803,1,16,0.000508920756672117,FALSE,493.732182741165,0.000105619430541992
1114,1000,372,0.121234068598831,0.0699630564778727,0.067297248656998,-0.0158935220977993,0.258361659295462,1,10,0.000539435695948763,FALSE,502.081620931625,8.74996185302734e-05
1117,1000,373,0.0424479903264019,0.0680510545194629,0.0670154341697897,-0.0909320765317454,0.175828057184549,1,1,0.00520312791586715,TRUE,346.44046664238,0.000119447708129883
1120,1000,374,0.0718769957600562,0.0757603034209593,0.0668296098463075,-0.076613198945024,0.220367190465136,1,13,0.000311405343595131,FALSE,365.755557060242,7.03334808349609e-05
1123,1000,375,-0.101689925022778,0.0744460468233735,0.0637121234853523,-0.24760417679659,0.0442243267510341,1,18,0.000352462238808528,FALSE,943.240909814835,0.000178337097167969
1126,1000,376,0.0274207325885765,0.0644810076718174,0.066684038432911,-0.0989620424481857,0.153803507625339,1,1,0.0105237310251369,TRUE,486.783868551254,0.000221967697143555
1129,1000,377,-0.0242947542780318,0.066236964474704,0.0627039882030749,-0.154119204648452,0.105529696092388,1,5,0.000396526913787678,FALSE,369.616307497025,8.392333984375e-05
1132,1000,378,0.00580156599053705,0.0645267864572562,0.0642438013834222,-0.120670935465685,0.132274067446759,1,2,0.000258235083827523,FALSE,452.071217060089,7.43865966796875e-05
1135,1000,379,0.0100327277119536,0.0678434394759379,0.0683250251526566,-0.122940413660885,0.143005869084792,1,1,0.0179986926552921,TRUE,347.533928155899,7.12871551513672e-05
109,1000,37,0.0328969625090998,0.0677304896204996,0.0697359813356317,-0.0998547971470795,0.165648722165279,1,1,0.00898629201114228,TRUE,951.364574670792,0.000385522842407227
1138,1000,380,-0.0519990416996918,0.0639933870991295,0.0649899546475412,-0.177426080413986,0.0734279970146019,1,1,0.00328599817788012,TRUE,330.787346839905,6.866455078125e-05
1141,1000,381,0.0332799939951954,0.0682848570550376,0.0683477834435023,-0.100558325832678,0.167118313823069,1,3,0.000648177601584202,FALSE,515.807455062866,0.000118494033813477
1144,1000,382,0.0918336599872315,0.0693706518726115,0.0678385627949394,-0.0441328176830871,0.22780013765755,1,12,0.000670468111448515,FALSE,493.626911640167,0.000183343887329102
1147,1000,383,-0.0367301937820165,0.0742665714241195,0.0664235477352232,-0.182292673773291,0.108832286209258,1,16,0.000496364476346615,FALSE,309.96061205864,4.64916229248047e-05
1150,1000,384,-0.161714387993451,0.0692318736533232,0.0676400241875118,-0.297408860353964,-0.0260199156329374,0,7,0.00233809854784119,FALSE,320.277081251144,5.62667846679688e-05
1153,1000,385,-0.0395300672148988,0.064130747219706,0.0660836703943271,-0.165226331765523,0.086166197335725,1,1,0.0214542251188466,TRUE,362.234752178192,4.91142272949219e-05
1156,1000,386,-0.00976831466648043,0.0708385179029353,0.068943213435709,-0.148611809756234,0.129075180423273,1,9,6.6585492679744e-05,FALSE,586.916484355927,5.55515289306641e-05
1159,1000,387,0.031617635267902,0.0685121285679296,0.0624764979414214,-0.10266613672524,0.165901407261044,1,19,0.000173301659578706,FALSE,586.507474660873,0.000142097473144531
1162,1000,388,-0.00662839448392405,0.0658392682923166,0.0660737894213794,-0.135673360336865,0.122416571369016,1,2,0.000434666458671432,FALSE,370.89328622818,5.74588775634766e-05
1165,1000,389,-0.177899434617939,0.0695238847462098,0.0695119526768729,-0.31416624872051,-0.041632620515368,0,1,0.00604786688616002,TRUE,530.049912929535,6.12735748291016e-05
112,1000,38,0.0497796034116877,0.069173963331057,0.0667483208093468,-0.0858013647171839,0.185360571540559,1,1,0.0253173708512001,TRUE,556.966247558594,0.000100135803222656
1168,1000,390,0.0348604075487733,0.0679466103462898,0.0657214310188133,-0.0983149487299547,0.168035763827501,1,7,0.000219517292081997,FALSE,737.661311388016,0.000122308731079102
1171,1000,391,-0.0209143424442109,0.0673131391152799,0.0720222353960604,-0.152848095110159,0.111019410221738,1,4,1.65627176065768e-05,FALSE,424.315907478333,0.00010991096496582
1174,1000,392,-0.0316027362312545,0.0665030827276436,0.0687477574545101,-0.161948778377436,0.098743305914927,1,1,0.01114345870609,TRUE,538.717549324036,0.000427961349487305
1177,1000,393,-0.0237977144677799,0.0700766275586926,0.0659576489835118,-0.161147904482817,0.113552475547258,1,5,0.000221173019836863,FALSE,457.635279417038,6.60419464111328e-05
1180,1000,394,0.0512987349240873,0.0670280743774815,0.0678247510757982,-0.0800762908557763,0.182673760703951,1,1,0.0146308456706173,TRUE,613.057482719421,7.77244567871094e-05
1183,1000,395,0.0424814034427823,0.0674280864896478,0.070225504328662,-0.0896776460769275,0.174640452962492,1,1,0.00587656273373211,TRUE,469.448346853256,7.65323638916016e-05
1186,1000,396,0.0374584099453031,0.0699044698551653,0.0656963031712584,-0.0995543509708208,0.174471170861427,1,15,0.00146706641921445,FALSE,551.596864461899,0.000226020812988281
1189,1000,397,0.0524858512119996,0.0653874198007676,0.0681430520120934,-0.075673491597505,0.180645194021504,1,4,0.000194208051552522,FALSE,595.47868180275,0.00025629997253418
1192,1000,398,0.0114707798179459,0.068581117299207,0.0642661966767829,-0.1229482100885,0.145889769724392,1,8,0.000469075868269444,FALSE,474.068900585175,7.77244567871094e-05
1195,1000,399,-0.0115831474905149,0.0717841772677192,0.0661046836372889,-0.152280134935244,0.129113839954215,1,17,0.00236348235289954,FALSE,513.446320772171,0.000360965728759766
115,1000,39,0.0453047599968083,0.0656681384188558,0.0669523335198165,-0.083404791304149,0.174014311297766,1,5,8.96085461402748e-05,FALSE,445.879610061646,4.29153442382812e-05
7,1000,3,0.000131347106052448,0.0660365968819614,0.068046103926774,-0.129300382782592,0.129563076994697,1,1,0.00528943637182522,TRUE,462.087632894516,8.29696655273438e-05
1198,1000,400,-0.0446145358232541,0.0787302522445726,0.069464187702622,-0.198925830222617,0.109696758576108,1,19,0.00124959225577238,FALSE,444.379410743713,0.000142812728881836
1201,1000,401,-0.00371783977841389,0.0634208464220154,0.0678034344847968,-0.128022698765564,0.120587019208736,1,1,0.00138760776433188,TRUE,515.512386798859,8.60691070556641e-05
1204,1000,402,0.0205795425243163,0.0658171241169044,0.064621303414626,-0.108422020744816,0.149581105793449,1,1,0.0124008010501515,TRUE,788.824573755264,0.000124454498291016
1207,1000,403,-0.102860815809219,0.0650958074358523,0.070357536052303,-0.23044859838349,0.0247269667650513,1,1,0.00541922384258728,TRUE,539.311456918716,5.14984130859375e-05
1210,1000,404,0.0208575075373441,0.0822248864157536,0.0644414655565044,-0.140303269837533,0.182018284912221,1,20,0.000356061053477868,TRUE,527.03080201149,0.00012660026550293
1213,1000,405,0.0557252617120579,0.0668728052238143,0.0673213551009967,-0.0753454365266181,0.186795959950734,1,7,0.00116074737787736,FALSE,512.873195409775,4.43458557128906e-05
1216,1000,406,-0.0426744671282253,0.0699439645288779,0.0647783575855032,-0.179764637604826,0.0944157033483754,1,19,1.39685746735188e-05,FALSE,383.993988275528,4.74452972412109e-05
1219,1000,407,0.067381140862272,0.0639791727514794,0.0667147218875278,-0.0580180377306277,0.192780319455172,1,1,0.0110558361018594,TRUE,533.67548084259,7.79628753662109e-05
1222,1000,408,0.0645121034994856,0.064971949688009,0.0670540336423289,-0.0628329178890122,0.191857124887983,1,1,0.00710432799807939,TRUE,369.066302061081,6.00814819335938e-05
1225,1000,409,0.0255168239518595,0.0744362753206009,0.0669987065507716,-0.120378275676518,0.171411923580237,1,1,0.00339565894320858,TRUE,585.60208439827,9.60826873779297e-05
118,1000,40,0.052597608369662,0.0645492106210679,0.0661397440905552,-0.0739188444476311,0.179114061186955,1,3,0.000704814847567655,FALSE,448.063328504562,6.22272491455078e-05
1228,1000,410,-0.0265092430158056,0.0666591685049802,0.0679457285619186,-0.157161213285567,0.104142727253956,1,1,0.0113670087791415,TRUE,302.514295101166,0.000102758407592773
1231,1000,411,0.117126961675481,0.0647926724462514,0.0667204404503953,-0.0098666763191716,0.244120599670134,1,1,0.00819296706927408,TRUE,324.301334142685,8.13007354736328e-05
1234,1000,412,0.0662369407749743,0.0639611920659346,0.0644208135653256,-0.0591269956742574,0.191600877224206,1,1,0.00673757187772616,TRUE,534.870642662048,0.000111818313598633
1237,1000,413,0.00726584481698356,0.0687352057319757,0.0691850532242908,-0.127455158417689,0.141986848051656,1,6,0.000438313794737064,FALSE,595.740533828735,0.000112533569335938
1240,1000,414,0.168514123263469,0.0670512993367375,0.0663810539499093,0.0370935765634639,0.299934669963475,0,2,0.00033980618659215,FALSE,558.477295875549,6.50882720947266e-05
1243,1000,415,0.116467520385355,0.0643170894763461,0.0621831711965827,-0.00959397498828377,0.242529015758993,1,1,0.00821730328820667,TRUE,330.238116025925,5.03063201904297e-05
1246,1000,416,0.0500318429909786,0.0665947121348399,0.0692554049348488,-0.0804937927933076,0.180557478775265,1,1,0.0109529340767123,TRUE,649.316271781921,0.000113487243652344
1249,1000,417,-0.0376506803332393,0.0688162896856175,0.0694253346817944,-0.172530608117049,0.097229247450571,1,1,0.00473974483601729,TRUE,749.258567094803,0.000141143798828125
1252,1000,418,0.0664901965648516,0.0710706376220453,0.0721185692064675,-0.0728082531743572,0.20578864630406,1,1,0.0124458928197776,TRUE,471.925711393356,0.000203847885131836
1255,1000,419,0.0326785551972375,0.0648029405353935,0.0668565488306024,-0.0943352082521337,0.159692318646609,1,1,0.00501420271190937,TRUE,403.261124134064,5.7220458984375e-05
121,1000,41,0.0519614715518159,0.0638226212315123,0.0676801725188144,-0.0731308660619483,0.17705380916558,1,3,0.00121645958450494,FALSE,636.749489307404,6.69956207275391e-05
1258,1000,420,0.14501315366953,0.0645150265254039,0.0653127687838278,0.0185637016797386,0.271462605659322,0,1,0.00686752287169108,TRUE,460.340621948242,7.53402709960938e-05
1261,1000,421,0.109012827451782,0.0664773914360455,0.0673201592512097,-0.0212828597628676,0.239308514666431,1,1,0.0110178377214751,TRUE,583.531426668167,0.000196456909179688
1264,1000,422,-0.0705303367472545,0.0607590199498553,0.0629632218736743,-0.189618015848971,0.0485573423544619,1,1,0.011546512934679,TRUE,598.450799942017,0.000111103057861328
1267,1000,423,-0.0129748606117557,0.0672719649612167,0.0702638177839121,-0.14482791193574,0.118878190712229,1,1,0.0180138314980576,TRUE,508.346940755844,0.000123023986816406
1270,1000,424,0.0618427465987004,0.0646337901607156,0.0687247381321243,-0.0648394821163021,0.188524975313703,1,1,0.00822330455270676,TRUE,614.395158529282,8.70227813720703e-05
1273,1000,425,0.0341257358739973,0.0666146781047231,0.0672942186021657,-0.0964390332112601,0.164690504959255,1,5,2.39078500197358e-06,FALSE,622.588128328323,0.000186443328857422
1276,1000,426,0.0846839559592287,0.0639771955107982,0.0655871141660814,-0.0407113472419357,0.210079259160393,1,1,0.000922308285162298,TRUE,529.465077400208,0.00012969970703125
1279,1000,427,0.00555135131319884,0.0667664283575914,0.0655886038487515,-0.12531084826768,0.136413550894078,1,1,0.0181443333681588,TRUE,498.60563158989,0.0001068115234375
1282,1000,428,0.0410759161551417,0.06736912221715,0.0660569368550581,-0.0909675633904723,0.173119395700756,1,1,0.0287953421776449,TRUE,487.899776935577,0.000112295150756836
1285,1000,429,-0.0193849402174364,0.0685292215706831,0.0687206813843375,-0.153702214495975,0.114932334061102,1,5,0.000968161652569653,FALSE,534.814409732819,0.000119209289550781
124,1000,42,-0.0232805704702966,0.0738378141045326,0.0692546432419194,-0.16800268611518,0.121441545174587,1,19,1.87857416598346e-05,FALSE,624.769619703293,0.000101089477539062
1288,1000,430,0.0783476830967158,0.0671341768185568,0.0674266025225101,-0.0532353034676556,0.209930669661087,1,1,0.0122466254447524,TRUE,376.767316579819,6.27040863037109e-05
1291,1000,431,-0.029639113156086,0.0715218764791758,0.0706532285833799,-0.169821991055271,0.110543764743098,1,12,0.000577321164999438,FALSE,351.100094079971,4.74452972412109e-05
1294,1000,432,0.00643419672313494,0.0663646082489526,0.0678100246372497,-0.123640435444812,0.136508828891082,1,1,0.0120344294018762,TRUE,397.960202693939,9.03606414794922e-05
1297,1000,433,-0.0659835114729085,0.0669048046609311,0.0664235923879728,-0.197116928608333,0.0651499056625164,1,1,0.0027237322350968,TRUE,532.922085046768,0.00012969970703125
1300,1000,434,-0.0303316920644925,0.0654592434886009,0.0674368314239862,-0.15863180930215,0.0979684251731653,1,1,0.00333707264993142,TRUE,414.170389890671,0.000414609909057617
1303,1000,435,0.0197168773331695,0.0742252231762782,0.0679973110792086,-0.125764560092336,0.165198314758675,1,20,0.00671786950791317,TRUE,394.894953250885,0.000136375427246094
1306,1000,436,0.0724718562132458,0.0732898966006277,0.0677692832127266,-0.0711763411239846,0.216120053550476,1,17,6.22096018959795e-06,FALSE,442.437772274017,0.000196218490600586
1309,1000,437,-0.00646351861770722,0.0737835251185,0.0704208330801082,-0.151079227849967,0.138152190614553,1,17,8.42502732394903e-05,FALSE,384.367399215698,7.98702239990234e-05
1312,1000,438,0.111959947260301,0.0694550247389224,0.0694653002105623,-0.0241719012279867,0.248091795748589,1,1,0.00921664180756012,TRUE,351.876856565475,4.22000885009766e-05
1315,1000,439,0.0253014958014268,0.0663415532845576,0.0667409039075192,-0.104727948636306,0.15533094023916,1,5,0.000420009626545678,FALSE,627.775351285934,8.32080841064453e-05
127,1000,43,-0.00442198648617742,0.0703323238344658,0.0711803848519802,-0.14227334120173,0.133429368229375,1,1,0.016588738796183,TRUE,388.657634496689,4.88758087158203e-05
1318,1000,440,0.00180332919994819,0.0685358137548044,0.0702349384033142,-0.132526865759469,0.136133524159365,1,2,0.000157592736859083,FALSE,864.566634654999,0.000139474868774414
1321,1000,441,-0.00706266121759247,0.0630849343378707,0.0639448746831518,-0.130709132519819,0.116583810084634,1,1,0.00937645901206267,TRUE,683.836738824844,0.000115871429443359
1324,1000,442,0.0297536497394157,0.0673827154435428,0.0704144847775378,-0.102316472529928,0.16182377200876,1,1,0.0172847009567706,TRUE,575.329008817673,0.000128984451293945
1327,1000,443,0.0941694911474493,0.0633875005139918,0.0651858769035139,-0.0300700098599746,0.218408992154873,1,2,0.000333307091822158,FALSE,795.904989957809,8.41617584228516e-05
1330,1000,444,0.103091735554054,0.063987622468785,0.0679397664552445,-0.0223240044847648,0.228507475592872,1,1,0.000220694075494898,TRUE,629.14369058609,0.000113725662231445
1333,1000,445,-0.0786642192980623,0.0655241248927499,0.068101058095293,-0.207091504087852,0.0497630654917276,1,1,0.0119768331231051,TRUE,394.800886869431,9.39369201660156e-05
1336,1000,446,0.118018023057227,0.0655136823622222,0.0677219614553515,-0.0103887943727284,0.246424840487183,1,1,0.016121783275643,TRUE,747.674076318741,0.000367641448974609
1339,1000,447,-0.039536905705123,0.0678697582421113,0.0686722338767864,-0.172561631859661,0.0934878204494151,1,7,0.00124206867160544,FALSE,365.012637615204,0.000101804733276367
1342,1000,448,0.0505085030381223,0.0677277913401129,0.0677360314186965,-0.0822379679884991,0.183254974064744,1,1,0.0112423814843975,TRUE,319.980421304703,7.74860382080078e-05
1345,1000,449,-0.00163127657373918,0.0715549073620221,0.0681321134635222,-0.141878895003303,0.138616341855824,1,14,0.00037142718522173,FALSE,627.147606372833,6.41345977783203e-05
130,1000,44,0.0715647686583587,0.0624328789628918,0.0645249278191106,-0.0508036741089092,0.193933211425627,1,1,0.000380097342835555,TRUE,576.677882194519,0.000100612640380859
1348,1000,450,0.0810488615286543,0.0636932709592407,0.0651541753393657,-0.0437899495514574,0.205887672608766,1,1,0.00880564899778358,TRUE,342.46323800087,8.10623168945312e-05
1351,1000,451,-0.0345460692048596,0.0642473340354769,0.0707580892626963,-0.160470843914394,0.0913787055046752,1,1,0.00670864399083399,TRUE,314.324959278107,0.000124931335449219
1354,1000,452,-0.0533518594199178,0.0676256443973258,0.0668691681530415,-0.185898122438676,0.0791944035988407,1,1,0.015276539480709,TRUE,857.499747991562,0.000348329544067383
1357,1000,453,-0.0336195416057463,0.0760879112022848,0.0702721093373457,-0.182751847562224,0.115512764350732,1,20,0.00266544948158421,TRUE,317.553283929825,6.55651092529297e-05
1360,1000,454,-0.0270278441160974,0.0617495241580919,0.064222981990164,-0.148056911465957,0.0940012232337627,1,4,0.000218857058940211,FALSE,365.952928066254,5.60283660888672e-05
1363,1000,455,-0.0590471435577051,0.062678014246873,0.0664303427145411,-0.181896051481576,0.063801764366166,1,2,2.74115002604723e-05,FALSE,323.245515584946,5.12599945068359e-05
1366,1000,456,-0.0270169795016246,0.0666353599970854,0.0659620252715851,-0.157622285095912,0.103588326092663,1,1,0.02628816233883,TRUE,496.650173187256,7.67707824707031e-05
1369,1000,457,0.0324182618821236,0.062680663915,0.0679137159413581,-0.0904358393912764,0.155272363155524,1,1,0.00181879545922218,TRUE,507.634427070618,0.000170469284057617
1372,1000,458,0.0868231175435469,0.0653656714293406,0.0682664077736792,-0.0412935984579608,0.214939833545055,1,8,8.43602408646302e-05,FALSE,596.830417156219,8.55922698974609e-05
1375,1000,459,0.0679722311036799,0.0668781775906803,0.0659485093623013,-0.0631089969740536,0.199053459181413,1,4,0.000317373160177525,FALSE,327.099369287491,0.00021815299987793
133,1000,45,-0.0145494433208023,0.0679903027551253,0.0640117429501188,-0.147810436720848,0.118711550079243,1,14,0.000398302291351114,FALSE,387.353283166885,6.103515625e-05
1378,1000,460,-0.0350128953535618,0.0646893154338831,0.0651700035469179,-0.161803953603973,0.0917781628968491,1,1,0.00114728707866536,TRUE,339.409971237183,7.84397125244141e-05
1381,1000,461,-0.0201732690538643,0.06413609897,0.0643542171770616,-0.145880023035064,0.105533484927336,1,1,0.00557305636867692,TRUE,422.654273033142,0.000269651412963867
1384,1000,462,0.0879141401591981,0.0684864437184985,0.0683582426851451,-0.0463192895290591,0.222147569847455,1,1,0.00513372227923473,TRUE,641.528448581696,4.43458557128906e-05
1387,1000,463,0.0711660343852174,0.0648949087665308,0.0678701978678729,-0.056027986797183,0.198360055567618,1,1,0.0109661100316662,TRUE,596.353004455566,0.000508546829223633
1390,1000,464,-0.064749852675363,0.0666755562626923,0.0651299537653291,-0.19543394295024,0.0659342375995139,1,1,0.0111203992400237,TRUE,534.082744598389,9.34600830078125e-05
1393,1000,465,0.113832548215666,0.0668028611215366,0.0697958557146325,-0.0171010595825462,0.244766156013877,1,1,0.00531719664382032,TRUE,359.630087852478,0.000249147415161133
1396,1000,466,0.107255768613521,0.0690569781079995,0.0680132947721969,-0.0280959084781582,0.2426074457052,1,4,0.000480106441917126,FALSE,528.136388540268,7.89165496826172e-05
1399,1000,467,0.0091123911088884,0.0733923433810341,0.0664719712867588,-0.134736601917939,0.152961384135715,1,20,0.00113999593985313,TRUE,467.285022974014,5.69820404052734e-05
1402,1000,468,-0.0145512516404971,0.0697497143193549,0.068161228786444,-0.151260691706433,0.122158188425438,1,1,0.0033539291914171,TRUE,284.555577516556,4.41074371337891e-05
1405,1000,469,-0.0309038424488859,0.0635828956788345,0.0637972536608644,-0.155526317979401,0.0937186330816297,1,4,0.00142094565573457,FALSE,574.571232795715,6.81877136230469e-05
136,1000,46,0.0150360175019377,0.0675834579305958,0.0668729039418879,-0.11742756004203,0.147499595045905,1,13,0.000769560109943711,FALSE,407.621126890182,7.00950622558594e-05
1408,1000,470,-0.0432790017289596,0.0675251066620947,0.0679267232000349,-0.175628210786665,0.089070207328746,1,11,0.000211339389815574,FALSE,490.391087055206,7.43865966796875e-05
1411,1000,471,0.106385597818284,0.0665544271933252,0.0675170363983441,-0.0240610794806335,0.236832275117201,1,8,0.000536718694040928,FALSE,582.282644271851,0.000174283981323242
1414,1000,472,-0.0831751608606665,0.067247638782144,0.0644579263867409,-0.214980532873669,0.0486302111523359,1,1,0.00676933289183849,TRUE,486.987241029739,8.03470611572266e-05
1417,1000,473,0.0222657729419543,0.0662857976908944,0.0651937543397637,-0.107654390532199,0.152185936416107,1,1,0.0278825430615955,TRUE,666.465805530548,6.69956207275391e-05
1420,1000,474,0.0875142176764988,0.0669510065977502,0.0679055630042499,-0.0437097552550915,0.218738190608089,1,1,0.0134622314576423,TRUE,437.444549560547,5.24520874023438e-05
1423,1000,475,-0.0185940559012313,0.0658544429095522,0.0693746200452331,-0.147668764003954,0.110480652201491,1,1,0.00646130335473564,TRUE,483.904971837997,8.74996185302734e-05
1426,1000,476,0.0185095844334806,0.0683399907621872,0.0694866342219608,-0.115436797460406,0.152455966327368,1,1,0.0105893174996986,TRUE,445.53844499588,4.31537628173828e-05
1429,1000,477,0.0368411774413873,0.0623774051284322,0.0659447617069384,-0.0854185366103398,0.159100891493114,1,1,7.80752199195078e-05,TRUE,530.570885896683,5.60283660888672e-05
1432,1000,478,0.0329450151765263,0.0696742594602977,0.0710821290900876,-0.103616533365657,0.16950656371871,1,16,0.00136596549866002,FALSE,538.584501028061,0.00011444091796875
1435,1000,479,0.0539263549727662,0.0653514082143886,0.0673757181837762,-0.0741624051274355,0.182015115072968,1,1,0.00428264996910789,TRUE,334.182643890381,9.75131988525391e-05
139,1000,47,-0.0284387842461185,0.0687273836767995,0.0694963278869943,-0.163144456252646,0.106266887760409,1,5,0.00301029450125581,FALSE,402.599307537079,7.72476196289062e-05
1438,1000,480,-0.241115087934554,0.0652656303606616,0.0647825732290394,-0.369035723441451,-0.113194452427658,0,1,0.00921070805923721,TRUE,681.462455034256,0.000159978866577148
1441,1000,481,0.0369327285174126,0.0684539145580436,0.0703679231140852,-0.0972369440163528,0.171102401051178,1,1,0.0374483679029943,TRUE,905.180505275726,0.000188589096069336
1444,1000,482,0.110617048665179,0.0672539760204912,0.060611250252329,-0.0212007443349836,0.242434841665342,1,1,0.0173572660967073,TRUE,696.547903060913,0.00010228157043457
1447,1000,483,0.0672361351186912,0.0630563012746025,0.0637413334059867,-0.0563542153795298,0.190826485616912,1,1,0.00911625831968511,TRUE,770.067452907562,0.000414371490478516
1450,1000,484,-0.012932810434177,0.0709676576278966,0.0685217478848394,-0.152029419384854,0.1261637985165,1,8,0.000471127102500164,FALSE,565.53447842598,0.000118494033813477
1453,1000,485,0.00671511735115859,0.0680759562834598,0.065996299029713,-0.126713756964423,0.14014399166674,1,10,0.000741902182630533,FALSE,352.681977272034,6.67572021484375e-05
1456,1000,486,-0.101701838999506,0.0711833754048226,0.0622728727739336,-0.241221254792958,0.0378175767939468,1,20,0.00187543999694302,TRUE,334.080336809158,4.45842742919922e-05
1459,1000,487,0.0828957551654318,0.0647156789654487,0.064826372955124,-0.0439469756068477,0.209738485937711,1,1,0.0102513853630952,TRUE,473.342280387878,8.46385955810547e-05
1462,1000,488,0.00140875930742324,0.067779099958074,0.0656751830872977,-0.131438276610402,0.134255795225248,1,1,0.0243643413823386,TRUE,310.359112739563,0.000107526779174805
1465,1000,489,0.0208615740072724,0.0661000967753443,0.066516736538895,-0.108694615672402,0.150417763686947,1,1,0.0013480037315691,TRUE,383.97138094902,3.91006469726562e-05
142,1000,48,-0.0820440757867748,0.0654157421634763,0.0630326545097341,-0.210258930427188,0.0461707788536388,1,1,0.0110012857238966,TRUE,355.919516563416,8.36849212646484e-05
1468,1000,490,-0.0887076984239046,0.0691003891919972,0.0635780547547129,-0.224144461240219,0.0467290643924099,1,8,0.00961947327431761,FALSE,529.655277252197,9.34600830078125e-05
1471,1000,491,0.0824716847836994,0.0663992361738945,0.0666424752547569,-0.0476708181171338,0.212614187684533,1,1,0.00121986885076659,TRUE,359.647825717926,0.000148296356201172
1474,1000,492,0.0587153839231341,0.0693806111069343,0.0679460691850652,-0.0772706138464571,0.194701381692725,1,1,0.019758603539746,TRUE,510.174464941025,0.000106573104858398
1477,1000,493,0.0396158419631543,0.0658425370641975,0.0663746649254461,-0.0894355306826728,0.168667214608981,1,1,0.0123922810937435,TRUE,417.522245883942,9.918212890625e-05
1480,1000,494,0.0223012108838005,0.0698474790494709,0.0663624677098491,-0.114599848053162,0.159202269820764,1,11,0.000911765464786584,FALSE,940.608294248581,9.05990600585938e-05
1483,1000,495,0.0316233758261237,0.0680443748803098,0.0683566776466071,-0.101743598939283,0.164990350591531,1,8,0.000154410945738676,FALSE,477.971056461334,7.67707824707031e-05
1486,1000,496,0.050828829641461,0.0654638823051126,0.0673709306632662,-0.0774803796765597,0.179138038959482,1,1,0.00348823709508304,TRUE,558.900236129761,8.10623168945312e-05
1489,1000,497,0.0128331919473885,0.0661129848287662,0.0671615450647431,-0.116748258316993,0.14241464221177,1,1,0.00641549446259567,TRUE,531.943941831589,0.000216007232666016
1492,1000,498,-0.02281085800502,0.0626531606034572,0.0641983706311702,-0.145611052787796,0.0999893367777562,1,1,0.00774481417955957,TRUE,518.388918399811,9.05990600585938e-05
1495,1000,499,0.106324643371849,0.0651092777726039,0.068152920492689,-0.0212895410624547,0.233938827806153,1,1,0.0233747634566264,TRUE,873.219255685806,0.000396728515625
145,1000,49,-0.0567854020561716,0.0699405891006537,0.0639313610337136,-0.193868956693453,0.0802981525811096,1,11,0.000366150350954344,FALSE,406.590136528015,8.60691070556641e-05
10,1000,4,0.0562606665539248,0.0666235572324651,0.0679684661140079,-0.0743215056217068,0.186842838729556,1,1,0.0111843487175098,TRUE,511.302791118622,8.51154327392578e-05
1498,1000,500,0.12209722326243,0.0653428415792925,0.0654883573073985,-0.00597474623298322,0.250169192757843,1,1,0.00548568813151027,TRUE,546.899232149124,8.20159912109375e-05
1501,1000,501,0.0393146940833772,0.0654602340007121,0.0708626959194686,-0.0889873645580185,0.167616752724773,1,6,0.000124719780814225,FALSE,536.524896383286,7.51018524169922e-05
1504,1000,502,-0.0388676678620015,0.0779360520467381,0.0660318018411598,-0.191622329873608,0.113886994149605,1,20,0.000226231463430198,TRUE,544.981423854828,7.91549682617188e-05
1507,1000,503,-0.0515622053405674,0.070144625815372,0.0687936741442231,-0.189045671938697,0.0859212612575617,1,4,0.000277105563725658,FALSE,619.405941009521,0.000146150588989258
1510,1000,504,0.08611063587333,0.0661377203052878,0.0648006264379878,-0.0435192959250341,0.215740567671694,1,11,0.025139268076503,FALSE,373.437989234924,6.07967376708984e-05
1513,1000,505,-0.0316879324576532,0.0652838838217377,0.0663959237281075,-0.159644344748259,0.0962684798329527,1,2,0.000287179905230816,FALSE,575.646185398102,0.000142097473144531
1516,1000,506,0.0283221492438699,0.0639489753051973,0.0638751939998418,-0.0970178423543168,0.153662140842057,1,1,0.0092462746963564,TRUE,509.198532104492,0.000166654586791992
1519,1000,507,0.0825337136132497,0.0669818318612812,0.0667934796171283,-0.0487506768348616,0.213818104061361,1,10,6.69825585427916e-05,FALSE,568.379200935364,0.000139236450195312
1522,1000,508,0.0222535901747876,0.0638986898620266,0.0652606428754964,-0.102987841954785,0.14749502230436,1,1,0.0277684238862652,TRUE,458.9734416008,0.000400781631469727
1525,1000,509,0.0252655745136315,0.0704411332621886,0.0695525793830302,-0.112799046680258,0.163330195707521,1,4,0.000207799086432955,FALSE,380.352759838104,4.29153442382812e-05
148,1000,50,-0.0257840068028361,0.0666600396608059,0.0642713512136968,-0.156437684538016,0.104869670932343,1,16,0.00105302500282728,FALSE,549.754678010941,5.96046447753906e-05
1528,1000,510,0.0609819915936627,0.0662053096998754,0.0643704352699795,-0.068780415418093,0.190744398605418,1,1,0.0154181461107524,TRUE,560.636601924896,8.22544097900391e-05
1531,1000,511,-0.111809999631414,0.0669910344539571,0.0708637572500635,-0.243112427161169,0.0194924278983423,1,1,0.0106566499883508,TRUE,433.324867963791,0.000106334686279297
1534,1000,512,-0.0765941952729172,0.0773519995591588,0.0667781557618161,-0.228204114408868,0.0750157238630339,1,14,0.000667635886111183,FALSE,331.080021619797,7.96318054199219e-05
1537,1000,513,0.0497135117693577,0.0643810569094546,0.0665688331718733,-0.0764733597731734,0.175900383311889,1,1,0.00252325197865629,TRUE,416.238049030304,9.84668731689453e-05
1540,1000,514,-0.0564078264421639,0.0785777773628572,0.0717381986018325,-0.210420270073364,0.0976046171890363,1,19,0.000207570381298856,FALSE,383.83852648735,6.12735748291016e-05
1543,1000,515,-0.0425799531919756,0.0675087933557328,0.0652026379034923,-0.174897188169212,0.0897372817852607,1,9,0.00106206773916258,FALSE,344.106544971466,6.79492950439453e-05
1546,1000,516,0.085953792889749,0.0778531833270293,0.0660782803716818,-0.0666384464312283,0.238546032210726,1,12,0.000305873591730785,FALSE,277.654566049576,8.17775726318359e-05
1549,1000,517,0.00754026553310494,0.0720567995153852,0.0683012361688519,-0.13369106151705,0.14877159258326,1,19,2.18059720990337e-05,FALSE,337.6194896698,9.51290130615234e-05
1552,1000,518,0.0659468078013461,0.0712856963636847,0.0672269806902103,-0.073773157071476,0.205666772674168,1,15,1.40057938953212e-05,FALSE,426.337685346603,0.000103473663330078
1555,1000,519,-0.107051382651748,0.0703584357422788,0.0643297741585856,-0.244953916706615,0.0308511514031184,1,12,0.00523590869338749,FALSE,568.55536866188,7.58171081542969e-05
151,1000,51,0.0276808907227759,0.0664720256386277,0.068020535726389,-0.102604279528934,0.157966060974486,1,8,0.00383870609311124,FALSE,380.864239692688,7.15255737304688e-05
1558,1000,520,-0.0609476238551652,0.0634589347998407,0.066243911094949,-0.185327136062853,0.0634318883525226,1,1,0.0128037832948893,TRUE,435.431887626648,8.15391540527344e-05
1561,1000,521,0.036526465703014,0.0676933307170385,0.0677416108209329,-0.0961524625023815,0.16920539390841,1,1,0.00197876455491821,TRUE,369.969052553177,6.62803649902344e-05
1564,1000,522,0.0172162941195904,0.067333129771515,0.0665867372712193,-0.114756640232579,0.14918922847176,1,1,0.00735415476994922,TRUE,385.62920999527,5.19752502441406e-05
1567,1000,523,-0.0493308268259517,0.0699152854425386,0.0679402533595584,-0.186364786293327,0.087703132641424,1,20,0.0191253440118122,TRUE,500.647780656815,0.000145912170410156
1570,1000,524,0.0846686062266366,0.0655387577014596,0.0680196094762235,-0.0437873588682242,0.213124571321498,1,1,0.00390904302619184,TRUE,478.852643013,0.000272989273071289
1573,1000,525,0.0231866215271823,0.0657783885050966,0.069291469143547,-0.105739019942807,0.152112262997172,1,6,0.00161062116200417,FALSE,458.130194425583,6.00814819335938e-05
1576,1000,526,0.0146358871355272,0.066301095499944,0.0655042075496963,-0.115314260044363,0.144586034315417,1,1,0.00356823739612554,TRUE,482.646296262741,0.000122308731079102
1579,1000,527,-0.170001196570716,0.0621589367755212,0.0623328882627624,-0.291832712650737,-0.0481696804906943,0,1,0.00608989241855726,TRUE,329.404009819031,6.58035278320312e-05
1582,1000,528,-0.0338331992618088,0.066804572303972,0.0673184987451534,-0.164770160977594,0.0971037624539763,1,1,0.000682942101277965,TRUE,458.217978715897,0.00016331672668457
1585,1000,529,0.0223682800588338,0.070745623723204,0.0665756118664297,-0.116293142438646,0.161029702556314,1,13,0.000268334487335885,FALSE,299.751706600189,4.55379486083984e-05
154,1000,52,0.0841583142341508,0.0656530990817565,0.0683987191858812,-0.044521759966092,0.212838388434394,1,1,0.00549561759846439,TRUE,337.845674037933,8.98838043212891e-05
1588,1000,530,0.0614547452367602,0.0653584401389026,0.0662535890680726,-0.0666477974354888,0.189557287909009,1,1,0.0228707540561462,TRUE,317.203975439072,4.67300415039062e-05
1591,1000,531,-0.024480144747226,0.0677416220022814,0.0681957245323397,-0.157253723871698,0.108293434377246,1,2,1.97612733536756e-05,FALSE,448.075669050217,0.000186443328857422
1594,1000,532,-0.044163556112518,0.0652402156110665,0.0646317779170309,-0.172034378710208,0.0837072664851723,1,1,0.0106362947487091,TRUE,500.743523836136,0.000240087509155273
1597,1000,533,0.147630074546083,0.0617282151543192,0.0638804810268705,0.0266427728436172,0.268617376248548,0,1,0.0129008653099394,TRUE,363.769538402557,7.65323638916016e-05
1600,1000,534,-0.0406322042231892,0.0697638054223283,0.0684123598583715,-0.177369262850953,0.0961048544045741,1,13,0.000233030292957623,FALSE,286.964054584503,4.60147857666016e-05
1603,1000,535,-0.0227881866599948,0.0703513564166502,0.0717189646748283,-0.160676845236629,0.115100471916639,1,1,0.0046854483957268,TRUE,341.340786218643,7.36713409423828e-05
1606,1000,536,0.0655160113391534,0.0659480181128735,0.063909300151189,-0.0637421041620787,0.194774126840386,1,6,0.000472691845091832,FALSE,553.470639228821,0.000597238540649414
1609,1000,537,-0.0701000496526869,0.0635605021581778,0.0678420023769157,-0.194678633882715,0.0544785345773415,1,1,0.0196968020809184,TRUE,325.562665939331,0.000107765197753906
1612,1000,538,0.0843941660372812,0.0671305661933115,0.0646277144426003,-0.0471817437016092,0.215970075776172,1,6,0.000234764385937946,FALSE,427.585627794266,0.000101327896118164
1615,1000,539,-0.0454461066646324,0.0659149906378287,0.0692843357173413,-0.174639488314777,0.0837472749855117,1,7,0.000411231034316836,FALSE,375.641367197037,0.000145196914672852
157,1000,53,-0.0827579740320548,0.0671866593246819,0.065862596084076,-0.214443826308431,0.0489278782443218,1,1,0.00518948962406595,TRUE,387.30494260788,6.91413879394531e-05
1618,1000,540,0.0636795415397767,0.0625226399517253,0.0642906447855175,-0.0588648327656048,0.186223915845158,1,1,0.0132077854563938,TRUE,395.998167991638,6.41345977783203e-05
1621,1000,541,0.0788077008227231,0.0682799873943178,0.07018052062921,-0.0550210744701398,0.212636476115586,1,1,0.0217093118810796,TRUE,563.288478374481,0.000117778778076172
1624,1000,542,0.0199046886193364,0.0662034157526379,0.0720232715061761,-0.109854006255834,0.149663383494507,1,1,0.0123032637351278,TRUE,541.348719358444,0.00011444091796875
1627,1000,543,-0.0114302645502372,0.0739494264155082,0.0655444364866042,-0.156371140324633,0.133510611224159,1,20,0.00546373991150469,TRUE,514.574829101562,0.000101327896118164
1630,1000,544,0.0745722653400918,0.0701462450622465,0.0684602684034639,-0.0629143749819113,0.212058905662095,1,16,0.000799264144547495,FALSE,352.615691423416,7.51018524169922e-05
1633,1000,545,0.0148125366479818,0.0755470580649078,0.0662223898992503,-0.133259697159237,0.162884770455201,1,19,0.000784105033831506,FALSE,522.291352987289,7.17639923095703e-05
1636,1000,546,0.161879009967859,0.068271997708352,0.0674892196930732,0.0280658944594886,0.295692125476228,0,1,0.0154429058727994,TRUE,656.355120658875,0.000130176544189453
1639,1000,547,0.18312216558501,0.0631919669265078,0.0634396930617949,0.0592659104090551,0.306978420760966,0,1,0.00359179911406436,TRUE,549.044691562653,0.000265836715698242
1642,1000,548,-0.0100391650524622,0.0724826701372104,0.0684066913347816,-0.152105198521395,0.13202686841647,1,19,4.1342446436069e-05,FALSE,310.92915058136,9.63211059570312e-05
1645,1000,549,0.0182584803158532,0.0625951981706828,0.0643346472587846,-0.104428108098685,0.140945068730391,1,1,0.00247174045569505,TRUE,291.941143035889,0.00016474723815918
160,1000,54,-0.0205821457889307,0.0650957842593588,0.0687828486861512,-0.148169882937274,0.107005591359413,1,1,0.0108988533304425,TRUE,920.093597888947,7.82012939453125e-05
1648,1000,550,0.0382905757512508,0.0687889010969505,0.0694617796161942,-0.0965356703987721,0.173116821901274,1,1,0.000454508516277567,TRUE,331.160319566727,6.00814819335938e-05
1651,1000,551,0.0520459554078428,0.0697243684812155,0.0684788479304035,-0.0846138068153396,0.188705717631025,1,7,0.0001783730831132,FALSE,491.351530075073,0.000110149383544922
1654,1000,552,-0.0464277931003874,0.0696332313633999,0.0640381558533336,-0.182908926572651,0.0900533403718764,1,6,0.000665496767849068,FALSE,445.688989162445,0.000100851058959961
1657,1000,553,-0.0938437191393674,0.0711480629450176,0.066812331388063,-0.233293922511602,0.0456064842328671,1,12,0.000810712932114114,FALSE,476.912900447845,0.00028538703918457
1660,1000,554,-0.0319752976971164,0.0725315504681771,0.0677900915527136,-0.174137136614743,0.110186541220511,1,12,8.46293755434957e-05,FALSE,336.297999620438,0.000176668167114258
1663,1000,555,-0.021337849792076,0.0677816750179275,0.0691324540350666,-0.154189932827214,0.111514233243062,1,2,0.000503927432919288,FALSE,886.911792516708,8.32080841064453e-05
1666,1000,556,0.0835932819104144,0.0699949479995392,0.064133296040537,-0.0535968161686824,0.220783379989511,1,18,9.04236015608335e-05,FALSE,470.006466150284,5.03063201904297e-05
1669,1000,557,-0.10973110373645,0.0662238184638381,0.0697907700366557,-0.239529787925573,0.0200675804526722,1,7,0.000482680113878972,FALSE,304.671555280685,0.000196695327758789
1672,1000,558,0.0877971704116514,0.0663430052505331,0.0692747243534908,-0.0422351198793935,0.217829460702696,1,1,0.0169661605454643,TRUE,864.466614961624,0.000320911407470703
1675,1000,559,0.1100531773569,0.0661785245573149,0.0658206206740355,-0.0196567307754376,0.239763085489237,1,1,0.00153052958706618,TRUE,590.703693151474,0.000228404998779297
163,1000,55,0.00233582197106164,0.07111964470868,0.0670778578795309,-0.137058681657951,0.141730325600075,1,16,0.00094026198610004,FALSE,511.94623208046,0.000135183334350586
1678,1000,560,0.0880316256920349,0.0650138753306377,0.0656289226485618,-0.039395569956015,0.215458821340085,1,1,0.0143458524509609,TRUE,682.827358484268,0.000103950500488281
1681,1000,561,0.0746331783994753,0.0646696840999256,0.065533175887638,-0.0521194024363789,0.201385759235329,1,2,0.000253948321760965,FALSE,831.231406927109,0.000190019607543945
1684,1000,562,0.135422210657378,0.0689633340591256,0.0633485983685878,0.000254075901491346,0.270590345413264,0,15,0.0225704852513108,FALSE,307.875109910965,8.51154327392578e-05
1687,1000,563,-0.0439647619795107,0.0685969785303797,0.0692551537854961,-0.178414839899055,0.0904853159400336,1,20,0.00615005394938023,TRUE,606.521857500076,0.000109434127807617
1690,1000,564,0.0695318180024769,0.0688614041815906,0.067785552454187,-0.0654365341934407,0.204500170198394,1,15,0.000520628878629236,FALSE,334.544428825378,6.41345977783203e-05
1693,1000,565,-0.0373127354679882,0.0649347268742271,0.0687334878408309,-0.164584800141473,0.089959329205497,1,1,0.00253204927982372,TRUE,387.01060128212,5.340576171875e-05
1696,1000,566,0.0517378687498826,0.0643398560299005,0.0676105131791288,-0.0743682490687223,0.177843986568488,1,4,0.00273342647458722,FALSE,343.103777647018,8.44001770019531e-05
1699,1000,567,-0.00219018537331728,0.0654976312476057,0.0654467851853218,-0.130565542618624,0.12618517187199,1,1,0.00464358743379197,TRUE,299.92625617981,5.31673431396484e-05
1702,1000,568,-0.0757467982506135,0.0648087567489917,0.0664982445960805,-0.202771961478637,0.0512783649774103,1,1,0.00773855014796552,TRUE,661.467205047607,5.93662261962891e-05
1705,1000,569,0.0635899674780736,0.068278864368435,0.0688443255723408,-0.070236606684059,0.197416541640206,1,1,0.012537218158279,TRUE,347.764973402023,8.98838043212891e-05
166,1000,56,0.202598640271673,0.0736334319752861,0.0632962504171754,0.0582771136001124,0.346920166943234,0,17,0.0010619923407539,FALSE,478.064854860306,6.65187835693359e-05
1708,1000,570,0.0981712465147552,0.07988102581764,0.0693115232659175,-0.0583955640878193,0.25473805711733,1,20,0.00161701571518257,TRUE,413.587270498276,0.000199556350708008
1711,1000,571,0.117425297109459,0.07287324086383,0.0712008940313426,-0.0254062549836475,0.260256849202566,1,1,0.0246625522584583,TRUE,302.020133733749,6.53266906738281e-05
1714,1000,572,0.0932739386799638,0.0671157828975354,0.0678997203268484,-0.0382729957992057,0.224820873159133,1,6,0.000142212418221749,FALSE,534.501312017441,7.65323638916016e-05
1717,1000,573,0.108801632152482,0.0656333562528964,0.0664692863177898,-0.0198397461031949,0.237443010408159,1,1,0.00320653195692625,TRUE,526.996791362762,8.05854797363281e-05
1720,1000,574,0.0455360299417982,0.0750377053768818,0.0706810533321249,-0.10153787259689,0.192609932480487,1,13,0.000741813091245812,FALSE,533.289187669754,0.000102043151855469
1723,1000,575,-0.0417221878174225,0.0687157989882314,0.0682841910747981,-0.176405153834356,0.0929607781995111,1,1,0.0153901283929666,TRUE,647.939965009689,8.53538513183594e-05
1726,1000,576,0.0362159840803105,0.0628506651379432,0.0661305656695233,-0.0869713195900581,0.159403287750679,1,1,0.00649601749137679,TRUE,586.254837751389,0.000118255615234375
1729,1000,577,0.0313924383100235,0.0798538726763314,0.0655659137257202,-0.125121152135586,0.187906028755633,1,19,0.00110110296254341,FALSE,547.387387037277,8.34465026855469e-05
1732,1000,578,0.095679816251702,0.0666919681030768,0.0652927417529841,-0.0350364412303286,0.226396073733733,1,1,0.000288280666427417,TRUE,338.019713878632,5.07831573486328e-05
1735,1000,579,0.0125948172964852,0.0721283181748518,0.0673503756469371,-0.128776686326224,0.153966320919195,1,1,0.0228727357930894,TRUE,602.775965213776,5.84125518798828e-05
169,1000,57,0.033715161123834,0.0631964732948403,0.0656886039840941,-0.090149926534053,0.157580248781721,1,3,0.000747432226510259,FALSE,474.614364624023,9.25064086914062e-05
1738,1000,580,-0.0638393114828452,0.0617252992293413,0.0630102518656646,-0.184820897972354,0.0571422750066639,1,2,0.000488982122529561,FALSE,361.124451637268,0.000176429748535156
1741,1000,581,0.0325667778668725,0.0709361417038552,0.0704442184173094,-0.106468059872684,0.171601615606429,1,1,0.00506559839695134,TRUE,574.963140249252,0.000156879425048828
1744,1000,582,0.0127935474769106,0.0661503908426028,0.0690218702407763,-0.116861218574591,0.142448313528412,1,1,0.0128953150427424,TRUE,486.478128433228,0.000254154205322266
1747,1000,583,-0.0279905515713708,0.0645500427424244,0.0679453925163956,-0.154508635346523,0.0985275322037811,1,1,0.00290140821003847,TRUE,661.249222755432,0.00027155876159668
1750,1000,584,0.0385207714384822,0.0666013326392403,0.0656439991166092,-0.0920178405344288,0.169059383411393,1,1,0.0402866497276544,TRUE,775.229445695877,0.00023198127746582
1753,1000,585,0.0454629820949259,0.063069527779945,0.0663736317517975,-0.0781532923537663,0.169079256543618,1,6,2.18039450315599e-05,FALSE,482.036544322968,0.000163793563842773
1756,1000,586,0.023279930289827,0.0633661677411288,0.0629017926636601,-0.100917758482785,0.147477619062439,1,3,0.00044661065832473,FALSE,447.709494829178,0.000103473663330078
1759,1000,587,-0.160556708393256,0.0637187168162088,0.0672254553361356,-0.285445393353026,-0.0356680234334872,0,1,0.00472296195281895,TRUE,457.248567819595,8.53538513183594e-05
1762,1000,588,0.0855107025678867,0.0662948414531539,0.0666676124029677,-0.0444271866802949,0.215448591816068,1,1,0.0045942355687517,TRUE,631.796049118042,0.000129938125610352
1765,1000,589,-0.0476884852056556,0.0721810596196019,0.0670807031520065,-0.189163362060075,0.0937863916487642,1,20,0.00354539240981003,TRUE,670.419341564178,0.000190496444702148
172,1000,58,-0.0697337308141472,0.0700188398815289,0.0673573957190755,-0.206970656981944,0.0675031953536494,1,2,0.000428519163663844,FALSE,328.32093667984,0.000108480453491211
1768,1000,590,0.0862034079330231,0.0717722696831765,0.0673221625017273,-0.0544702406460029,0.226877056512049,1,16,0.000317959987722042,FALSE,773.979631900787,0.000628232955932617
1771,1000,591,0.0272025176459934,0.0676801131028742,0.0675221777257643,-0.10545050403564,0.159855539327627,1,1,0.0361955338739421,TRUE,736.326556921005,0.000158071517944336
1774,1000,592,-0.0426612603577829,0.067436917323251,0.0702517210157954,-0.174837618311355,0.0895150975957889,1,1,0.0135747759699001,TRUE,872.500439405441,0.000379562377929688
1777,1000,593,0.108934612109122,0.0692191650644095,0.0668488064229425,-0.0267349514171208,0.244604175635365,1,1,0.0116532334456123,TRUE,441.197521209717,4.00543212890625e-05
1780,1000,594,0.0535924975617479,0.0763678191633921,0.066191101205575,-0.0960884279985006,0.203273423121996,1,20,0.00600572637760499,TRUE,521.122007846832,6.24656677246094e-05
1783,1000,595,0.0817662937795144,0.0671086742924861,0.0679279122385616,-0.0497667078337584,0.213299295392787,1,4,0.00503531739766588,FALSE,549.97428560257,6.67572021484375e-05
1786,1000,596,0.0267122459224791,0.0684214351319873,0.0714999652556578,-0.107393766936216,0.160818258781174,1,3,0.00037510108815053,FALSE,283.363931417465,6.05583190917969e-05
1789,1000,597,-0.0316196629728962,0.0699303312655073,0.0673014074895517,-0.16868311225329,0.105443786307498,1,12,1.92374572249829e-05,FALSE,595.048509836197,8.24928283691406e-05
1792,1000,598,-0.0938989957467425,0.0680429163242683,0.0636845542728518,-0.227263111742308,0.0394651202488234,1,14,0.000875035576729937,FALSE,408.035940408707,3.814697265625e-05
1795,1000,599,-0.0360541883669114,0.0658978768412286,0.0644976594439014,-0.16521402697572,0.0931056502418967,1,1,0.00304478910229685,TRUE,497.988024950027,5.69820404052734e-05
175,1000,59,-0.0955190440458503,0.0619160858030412,0.0641982096871749,-0.216874572219811,0.0258364841281105,1,1,0.00886344189662583,TRUE,525.964961290359,0.000186443328857422
13,1000,5,-0.0134441944101382,0.0759206174464767,0.0655506857612011,-0.162248604605233,0.135360215784956,1,15,0.000420942521154563,FALSE,336.612619638443,0.000138998031616211
1798,1000,600,-0.0226610407545431,0.0680488061883723,0.0699860994100355,-0.156036700883753,0.110714619374667,1,1,0.00559601972074473,TRUE,639.252417802811,9.63211059570312e-05
1801,1000,601,-0.0468546829410652,0.0929371409822174,0.0667006704496783,-0.229011479266211,0.135302113384081,1,20,0.00284446141954687,TRUE,478.995966434479,7.65323638916016e-05
1804,1000,602,0.186053204816824,0.0710549327118037,0.0702795070274791,0.0467855367016883,0.325320872931959,0,8,0.0114908049650672,FALSE,471.184422492981,5.10215759277344e-05
1807,1000,603,-0.0929793541422989,0.066480890275551,0.0688472187583693,-0.223281899082379,0.037323190797781,1,5,2.95668440650741e-05,FALSE,441.48953461647,0.00010991096496582
1810,1000,604,-0.0136362592947648,0.0642930125765843,0.0651952031234043,-0.13965056394487,0.112378045355341,1,5,0.00574841360492108,FALSE,405.454058170319,0.000180959701538086
1813,1000,605,-0.0592992011657008,0.0660539211002951,0.0655667974734235,-0.188764886522279,0.0701664841908775,1,1,0.0142590795538969,TRUE,353.367923259735,0.000240087509155273
1816,1000,606,-0.029651557630382,0.0644679089876314,0.0656401515358566,-0.15600865924614,0.0967055439853756,1,2,0.0111505300795644,FALSE,431.029470920563,9.75131988525391e-05
1819,1000,607,-0.0468573669919385,0.0648454050349565,0.0644963559044011,-0.173954360860453,0.0802396268765762,1,8,0.000855171319810838,FALSE,998.425815820694,0.000141143798828125
1822,1000,608,0.0957210857239955,0.063060076636168,0.0633358367683785,-0.0278766644828937,0.219318835930885,1,1,0.0156654815300803,TRUE,454.240753650665,0.000170707702636719
1825,1000,609,-0.0477227863666914,0.0657844111210931,0.0663231889629302,-0.176660232164034,0.081214659430651,1,9,0.000459239844595857,FALSE,547.162384033203,8.10623168945312e-05
178,1000,60,0.0489238693590452,0.0683492919836173,0.0734205455295865,-0.0850407429288448,0.182888481646935,1,1,0.00873852230637904,TRUE,589.623861789703,7.20024108886719e-05
1828,1000,610,-0.0447660144772757,0.0654683292370535,0.068132851532953,-0.1730839397819,0.0835519108273491,1,1,0.0115330281299756,TRUE,1017.40346574783,0.000353097915649414
1831,1000,611,-0.0142764091579403,0.0657343662644174,0.0654927683059189,-0.143115767036198,0.114562948720318,1,1,0.0101484508724862,TRUE,660.700082063675,8.82148742675781e-05
1834,1000,612,0.0135289395057927,0.0645539489907033,0.0641368609830199,-0.112996800515986,0.140054679527571,1,1,0.0199686247264478,TRUE,499.191481590271,7.41481781005859e-05
1837,1000,613,0.0902249880423958,0.0668171808384992,0.0679475949957046,-0.0407366864010627,0.221186662485854,1,1,0.0126530532911324,TRUE,377.014473676682,6.89029693603516e-05
1840,1000,614,-0.0910694761070454,0.0668445658351131,0.0655256898014769,-0.222084825143867,0.0399458729297762,1,5,0.000103813421750325,FALSE,480.075942754745,0.000504255294799805
1843,1000,615,0.0598868325835974,0.0680680769348459,0.0687002896415909,-0.0735265982087006,0.193300263375895,1,7,0.00018351093927035,FALSE,334.558145999908,6.53266906738281e-05
1846,1000,616,0.0897483019462673,0.0633532787758594,0.0656977045651803,-0.0344241244544171,0.213920728346952,1,2,0.000337259820275914,FALSE,558.414542198181,0.000118255615234375
1849,1000,617,0.0661714281229163,0.0745251654259636,0.0701024751608616,-0.0798978961119723,0.212240752357805,1,20,0.00146850975441193,TRUE,550.47115111351,0.00017857551574707
1852,1000,618,-0.00470628587347077,0.064319461282865,0.0658089657292662,-0.130772429987886,0.121359858240945,1,1,0.0104840140331959,TRUE,537.963513374329,9.39369201660156e-05
1855,1000,619,0.0211714304248017,0.0655530191478654,0.0692765734981977,-0.107312487105014,0.149655347954618,1,1,0.00960056359624023,TRUE,398.227990627289,0.00010228157043457
181,1000,61,0.176909321774586,0.0658113752730173,0.0678936005015666,0.0479190262394726,0.3058996173097,0,1,1.00380343133692e-05,TRUE,349.929307937622,0.00010991096496582
1858,1000,620,-0.0382720172344847,0.0688326954850631,0.0674693487675406,-0.173184100385208,0.096640065916239,1,1,0.0111269282948382,TRUE,389.106945753098,8.44001770019531e-05
1861,1000,621,0.0770453768949347,0.0678468072593592,0.0681800221433245,-0.0559343653334092,0.210025119123279,1,10,0.00435652180641711,FALSE,518.636890649796,7.79628753662109e-05
1864,1000,622,0.0149421933181173,0.0692770513992924,0.0670263367405926,-0.120840827424496,0.15072521406073,1,14,0.000534836707923384,FALSE,366.242094516754,5.79357147216797e-05
1867,1000,623,0.0577328815653592,0.0620759874818675,0.0646143983447053,-0.0639360538991011,0.179401817029819,1,1,0.00789284306852653,TRUE,648.106596469879,9.65595245361328e-05
1870,1000,624,-0.0202876189050452,0.0678364947115009,0.0718079316215397,-0.153247148539587,0.112671910729497,1,1,0.00251904550456786,TRUE,681.131939649582,7.62939453125e-05
1873,1000,625,-0.00719801384551255,0.0690766377296368,0.065070868023533,-0.142588223795601,0.128192196104576,1,10,0.000185041021523535,FALSE,360.311043024063,5.00679016113281e-05
1876,1000,626,0.0372945092626626,0.0684531635871222,0.0646194500557083,-0.0968736913680969,0.171462709893422,1,11,0.000309319679824231,FALSE,732.718286275864,0.000114202499389648
1879,1000,627,-0.0520364280887655,0.0653522289334233,0.0685146895573778,-0.180126796798275,0.0760539406207441,1,1,0.00715531733422451,TRUE,340.707824468613,6.77108764648438e-05
1882,1000,628,0.0407489760035208,0.0720006667001808,0.0680809891160334,-0.100372330728834,0.181870282735875,1,1,0.0323230522278481,TRUE,313.766529560089,0.000105142593383789
1885,1000,629,0.172263544545703,0.0700891577597904,0.0626577416712295,0.0348887953365138,0.309638293754892,0,20,0.00586690527728174,TRUE,490.187347888947,0.000148534774780273
184,1000,62,0.0400842412278749,0.0657370649620366,0.0658096232144829,-0.0887604060977169,0.168928888553467,1,11,0.00469972677902147,FALSE,638.057492017746,6.12735748291016e-05
1888,1000,630,0.0595652070953406,0.0691369153548158,0.0698425483867971,-0.0759431470000984,0.19507356119078,1,4,0.000194006581790295,FALSE,643.188750982285,0.000124454498291016
1891,1000,631,0.148639277855786,0.0659762510811917,0.070473931587064,0.0193258257366504,0.277952729974922,0,5,2.39603232375751e-05,FALSE,281.012954473495,8.79764556884766e-05
1894,1000,632,-0.0369225864349146,0.0704394341753226,0.0711246886672034,-0.174983877418547,0.101138704548718,1,1,0.0186427968285254,TRUE,421.620405435562,3.48091125488281e-05
1897,1000,633,-0.0300985034147698,0.065477752321981,0.0659775625624965,-0.158434897965853,0.0982378911363129,1,1,0.0132647466276827,TRUE,455.738414049149,7.27176666259766e-05
1900,1000,634,-0.0116752982813104,0.0688519268581574,0.0668367415685849,-0.146625074923299,0.123274478360678,1,1,0.0026033188682038,TRUE,512.472767353058,7.60555267333984e-05
1903,1000,635,-0.0295455065619565,0.0679447869768303,0.0681752181305059,-0.162717289036544,0.103626275912631,1,1,0.0102716956678813,TRUE,482.572201967239,0.0001678466796875
1906,1000,636,0.0791388366898742,0.0655038896301146,0.0681354890588155,-0.0492487869851503,0.207526460364899,1,1,0.00841980954667508,TRUE,570.188738822937,0.000230073928833008
1909,1000,637,0.0142684009685372,0.0721126791320675,0.0667647797917076,-0.127072450130315,0.155609252067389,1,13,0.012439601479535,FALSE,401.770864725113,8.84532928466797e-05
1912,1000,638,0.00139909332050236,0.0645655750399365,0.0672134253497494,-0.125149433757773,0.127947620398778,1,3,0.000583206817577611,FALSE,582.873101949692,0.000180482864379883
1915,1000,639,0.0969208350486459,0.062357310336895,0.0657917184003977,-0.0252994932116684,0.21914116330896,1,1,0.00303688522172015,TRUE,529.252006053925,0.000281572341918945
187,1000,63,0.000726465280472044,0.0664895405815381,0.0680849162010925,-0.129593034259343,0.131045964820287,1,1,0.00261639942144301,TRUE,593.580628395081,7.15255737304688e-05
1918,1000,640,0.0570672282344495,0.06550550190075,0.0677635390318455,-0.0713235554910205,0.18545801195992,1,1,0.00146581077521258,TRUE,340.760588169098,6.77108764648438e-05
1921,1000,641,0.151915140174307,0.0673718515315768,0.0719505113832108,0.0198663111724164,0.283963969176198,0,1,0.0147603471804606,TRUE,565.488790750504,7.67707824707031e-05
1924,1000,642,-0.0716602483450828,0.0675134152297475,0.0641106762782539,-0.203986542195388,0.0606660455052223,1,10,0.00041367938928983,FALSE,345.569261074066,9.87052917480469e-05
1927,1000,643,-0.0465522654133892,0.0679947769467279,0.0678535631740143,-0.179822028228976,0.0867174974021974,1,5,0.000777151783883894,FALSE,475.760449886322,0.000115394592285156
1930,1000,644,0.0616722630694376,0.0640097220648524,0.0631159901990494,-0.0637867921776732,0.187131318316548,1,1,0.0129177820765947,TRUE,591.060310840607,0.000118255615234375
1933,1000,645,0.115644160439184,0.0653091122415204,0.0659913932414244,-0.0123616995541963,0.243650020432564,1,1,0.0110902558819558,TRUE,318.924227237701,8.20159912109375e-05
1936,1000,646,0.0441407514971855,0.069754326159921,0.0697001354432157,-0.0925777277762597,0.180859230770631,1,6,0.000319174869384731,FALSE,281.922232151031,0.000112771987915039
1939,1000,647,0.134290871537812,0.0650763699934852,0.0704565112008751,0.00674118635058099,0.261840556725043,0,1,0.0180909655035852,TRUE,571.280543804169,6.46114349365234e-05
1942,1000,648,0.0315018043070352,0.0759257043016389,0.0652371982381216,-0.117312576124177,0.180316184738247,1,17,0.0014581194344803,FALSE,505.851556062698,0.00105524063110352
1945,1000,649,0.0648302382059768,0.066764535813936,0.0676971189170438,-0.0660282519893377,0.195688728401291,1,1,0.00292664607684273,TRUE,322.964002132416,7.67707824707031e-05
190,1000,64,-0.0107908780072862,0.0673717580991828,0.067384362434184,-0.142839523881684,0.121257767867112,1,1,0.00382448929968691,TRUE,402.339334726334,9.08374786376953e-05
1948,1000,650,0.133390998748188,0.0644466565433782,0.0637779794773712,0.00707555192316728,0.25970644557321,0,1,0.0177455102359493,TRUE,564.979090690613,7.67707824707031e-05
1951,1000,651,0.0983375988270169,0.0664736457997568,0.0686847966585406,-0.0319507469405064,0.22862594459454,1,1,0.0147051421272253,TRUE,476.042137861252,5.29289245605469e-05
1954,1000,652,-0.0290310839177226,0.0658198325278757,0.0671625764398804,-0.158037955672359,0.0999757878369138,1,5,0.000109527665307705,FALSE,549.646711826324,7.12871551513672e-05
1957,1000,653,-0.0476502600253201,0.066260994202446,0.0692532128399036,-0.177521808662114,0.082221288611474,1,1,0.0124147799922335,TRUE,557.553718328476,5.88893890380859e-05
1960,1000,654,0.0974957972377573,0.0766055138626227,0.0661324257533112,-0.0526510099329832,0.247642604408498,1,18,0.00176168569871392,FALSE,794.007410287857,0.000161886215209961
1963,1000,655,0.0598772877428078,0.0722613539631589,0.0651280188978304,-0.0817549660249836,0.201509541510599,1,6,0.00173749810092552,FALSE,850.818826913834,0.000378847122192383
1966,1000,656,-0.0291285246412301,0.0623484120174108,0.066377770693155,-0.151331412195355,0.0930743629128951,1,1,0.0047124291723688,TRUE,515.530664920807,0.000143766403198242
1969,1000,657,0.076915235040577,0.0686059872655779,0.0670137673557557,-0.0575524999999557,0.21138297008111,1,1,0.0250636423178971,TRUE,439.994691133499,7.46250152587891e-05
1972,1000,658,0.0242575876674691,0.0660381524304241,0.0681167053140708,-0.105177191096162,0.1536923664311,1,1,0.00533193447580807,TRUE,487.689973115921,0.000101089477539062
1975,1000,659,0.0356615504441549,0.0744818476716655,0.0691740282192891,-0.11032287099231,0.181645971880619,1,7,2.78782761648165e-06,FALSE,458.006270170212,7.53402709960938e-05
193,1000,65,-0.119578420251542,0.06791991431464,0.0672753711076907,-0.252701452308237,0.013544611805152,1,5,0.000670939056563039,FALSE,310.408068180084,0.000175237655639648
1978,1000,660,0.0558788793250875,0.0659238876731343,0.0640598116088571,-0.0733319405142557,0.185089699164431,1,1,0.000571597853563939,TRUE,650.937723636627,0.000108480453491211
1981,1000,661,-0.0641235252438646,0.0751038924484659,0.0682812964948042,-0.211327154442858,0.0830801039551285,1,9,0.000512929710116119,FALSE,474.90651679039,5.65052032470703e-05
1984,1000,662,0.0086139546369719,0.0653402255138327,0.0650361509985263,-0.11945288737014,0.136680796644084,1,1,0.016310572771235,TRUE,432.617199897766,4.33921813964844e-05
1987,1000,663,-0.00698097699925115,0.0643637741507878,0.0690158404576285,-0.133133974334795,0.119172020336293,1,1,0.00483720386006625,TRUE,386.451086997986,7.67707824707031e-05
1990,1000,664,0.0373758603217452,0.0676753302383423,0.0706968574653065,-0.0952677869454057,0.170019507588896,1,2,0.000132471389682577,FALSE,518.422198534012,7.93933868408203e-05
1993,1000,665,0.0248704033397162,0.0622240497441536,0.0626089605252957,-0.0970887341588247,0.146829540838257,1,1,0.0207243022076151,TRUE,291.015901327133,0.000104427337646484
1996,1000,666,-0.0044058804587328,0.0671783764558565,0.0666550617166721,-0.136075498312211,0.127263737394746,1,1,0.00497776864816433,TRUE,423.57238483429,7.67707824707031e-05
1999,1000,667,-0.0289787961373348,0.069186922356368,0.0705054453338374,-0.164585163955816,0.106627571681146,1,1,0.0075398445559066,TRUE,338.682943105698,0.000227928161621094
2002,1000,668,-0.0251116785040864,0.0698674144338643,0.0665484016579492,-0.16205181079446,0.111828453786288,1,1,0.0177441149031419,TRUE,310.075495958328,0.000108957290649414
2005,1000,669,0.0535295798612864,0.0651981972156311,0.0657141018309261,-0.0742588866813505,0.181318046403923,1,1,1.09040832147372e-06,TRUE,783.406667947769,0.000310897827148438
196,1000,66,-0.00556949251655769,0.071969084712813,0.0636265805593873,-0.146628898553671,0.135489913520556,1,19,0.000403539387793338,FALSE,293.269245147705,7.82012939453125e-05
2008,1000,670,-0.00644630248622213,0.0684814661471029,0.0656708205334835,-0.140669976134544,0.1277773711621,1,5,0.000118761929073088,FALSE,414.386735200882,7.08103179931641e-05
2011,1000,671,-0.0066748469274136,0.0674244293668298,0.0701652275461499,-0.1388267284864,0.125477034631573,1,9,2.68469856943478e-05,FALSE,312.924482822418,4.60147857666016e-05
2014,1000,672,0.116546448131389,0.0780312482250854,0.0702816052584716,-0.0363947983897784,0.269487694652556,1,18,0.0068074593471898,FALSE,570.588975667953,6.67572021484375e-05
2017,1000,673,0.0445370634313137,0.0690979488094909,0.0674426323085788,-0.0908949162352885,0.179969043097916,1,1,0.0224668927404062,TRUE,534.367431402206,7.55786895751953e-05
2020,1000,674,0.00631936896236795,0.0680187609063511,0.0676417724279326,-0.12699740241408,0.139636140338816,1,4,0.00236126844671199,FALSE,476.766204357147,0.000108242034912109
2023,1000,675,0.0811208258128818,0.0631646267498666,0.0652787105577678,-0.0426818426168567,0.20492349424262,1,1,0.00412975118449009,TRUE,535.666778564453,0.000138759613037109
2026,1000,676,-0.0397500629718517,0.0681611208870873,0.0663856802415295,-0.173345859910543,0.0938457339668395,1,9,0.000169094341513557,FALSE,833.473595142365,0.000118732452392578
2029,1000,677,0.0240672265755745,0.0657249276809126,0.068323154597207,-0.104753631679014,0.152888084830163,1,1,0.00733253876625044,TRUE,336.574903726578,9.56058502197266e-05
2032,1000,678,0.0138717072678808,0.0684323621521183,0.0666718930152971,-0.120255722550271,0.147999137086033,1,3,3.92904460921062e-06,FALSE,709.16135430336,0.000222921371459961
2035,1000,679,-0.0694601661778413,0.0686282329685028,0.0662472560617799,-0.203971502796107,0.0650511704404242,1,15,1.0390969349133e-05,FALSE,431.416306972504,7.46250152587891e-05
199,1000,67,-0.161250283232769,0.0705341541348962,0.0651474422339583,-0.299497225337165,-0.0230033411283724,0,9,0.000259143717591591,FALSE,648.409490823746,0.000124454498291016
2038,1000,680,-0.037354401667288,0.0662589296134845,0.0677555167811372,-0.167221903709718,0.0925131003751417,1,1,0.00284713241783935,TRUE,502.266824483871,0.000116825103759766
2041,1000,681,-0.0655149895066393,0.0646463916525752,0.0681501394227046,-0.192221917145687,0.0611919381324082,1,3,0.000117757280537198,FALSE,592.444245100021,0.00017094612121582
2044,1000,682,-0.0112949567626963,0.0665826806866315,0.0664585723207346,-0.141797010908494,0.119207097383101,1,6,0.000380664817270154,FALSE,456.037571668625,0.00016331672668457
2047,1000,683,-0.0515118387668437,0.0651325555464417,0.0649755729804567,-0.17917164763787,0.0761479701041821,1,1,0.0332231947699274,TRUE,332.876237392426,5.00679016113281e-05
2050,1000,684,0.0767986893752658,0.0664187755501871,0.0670142509363452,-0.0533821107031009,0.206979489453633,1,5,0.000668137791923705,FALSE,512.145097255707,7.51018524169922e-05
2053,1000,685,0.0527267855173077,0.0680756452187496,0.0715410237803844,-0.0807014791114416,0.186155050146057,1,1,0.00732629708679388,TRUE,639.554033756256,9.98973846435547e-05
2056,1000,686,-0.0653293311098508,0.0653983294729794,0.0686547613890256,-0.19351005687689,0.0628513946571887,1,1,0.00719470382870237,TRUE,620.511192083359,9.51290130615234e-05
2059,1000,687,-0.0589676331951927,0.0744076369195338,0.0696247311320728,-0.204806601557479,0.0868713351670935,1,1,0.0146014388253351,TRUE,387.737141132355,8.82148742675781e-05
2062,1000,688,0.0442839976983606,0.0693115990919171,0.0694240696019066,-0.0915667365217969,0.180134731918518,1,1,0.0285775142846221,TRUE,296.22904086113,9.25064086914062e-05
2065,1000,689,-0.125139302747733,0.074293685926483,0.064435472293707,-0.27075492716364,0.0204763216681735,1,20,0.000292700152573131,TRUE,612.452306270599,0.000177145004272461
202,1000,68,0.0069447464355028,0.0671494778645198,0.0670081496491065,-0.124668230178956,0.138557723049962,1,1,0.00490876123952207,TRUE,519.758048295975,0.000358104705810547
2068,1000,690,0.0783307321461149,0.0691231918176117,0.0665704693315993,-0.057150723816404,0.213812188108634,1,10,0.00677526369612033,FALSE,610.050700187683,0.000303745269775391
2071,1000,691,-0.0628387560836954,0.06728637430957,0.0658538328232142,-0.194720049730453,0.0690425375630618,1,1,0.0235004423728687,TRUE,430.555361032486,4.72068786621094e-05
2074,1000,692,0.0713528897381138,0.0668740289801273,0.0660697059938903,-0.0597202070629358,0.202425986539163,1,6,0.000366647931169112,FALSE,522.629050970078,9.25064086914062e-05
2077,1000,693,0.0136387233305933,0.0688803856727204,0.068847222526895,-0.121366832587939,0.148644279249125,1,2,0.00050996225674015,FALSE,538.3432970047,7.36713409423828e-05
2080,1000,694,-0.12140939222634,0.0687219968858087,0.0690664940202956,-0.256104506122525,0.0132857216698452,1,6,8.2358379197146e-05,FALSE,517.284973621368,0.000191211700439453
2083,1000,695,0.0293737136164522,0.0631835833452555,0.0655988821201356,-0.0944661097402485,0.153213536973153,1,5,0.000825127530985612,FALSE,631.798751592636,0.000111579895019531
2086,1000,696,-0.0153897145951876,0.0669551691537746,0.0687481879375661,-0.146621846136586,0.115842416946211,1,4,0.000222600792938373,FALSE,527.932139873505,8.58306884765625e-05
2089,1000,697,-0.10949658743731,0.0641274711283362,0.0661264796667524,-0.235186430848849,0.0161932559742287,1,1,0.00222333395618344,TRUE,467.173976421356,0.000127553939819336
2092,1000,698,-0.108375852233577,0.0643742646268478,0.0654998133003449,-0.234549410902199,0.0177977064350444,1,1,4.68257650230276e-05,TRUE,673.880659103394,0.000267267227172852
2095,1000,699,-0.00539093208852237,0.0661362541166754,0.0700296642755832,-0.135017990157206,0.124236125980161,1,14,0.000346216516468417,FALSE,700.994963407516,0.00023651123046875
205,1000,69,0.0354138685729612,0.0632975256061291,0.0654857286255299,-0.0886492816150517,0.159477018760974,1,1,0.00684283382597211,TRUE,669.365592002869,0.000102758407592773
16,1000,6,-0.0448970077335604,0.063412842631122,0.0665764303529508,-0.16918617929056,0.0793921638234387,1,1,0.00236975174694742,TRUE,446.513960123062,6.103515625e-05
2098,1000,700,-0.0990916457677524,0.0684927209751968,0.0671968850597559,-0.233337378879138,0.0351540873436333,1,1,0.0158644486812344,TRUE,729.483059644699,0.000203609466552734
2101,1000,701,0.0427948983124908,0.064979418236729,0.0664644256097167,-0.084564761431498,0.17015455805648,1,1,0.00436608628489249,TRUE,809.245283126831,0.000149965286254883
2104,1000,702,0.00335471192214376,0.0767716813365326,0.06608784083552,-0.14711778349746,0.153827207341748,1,14,0.00052081088617478,FALSE,792.32835483551,0.000322580337524414
2107,1000,703,-0.00900318223317564,0.0744980458659778,0.0692488075318957,-0.155019352130492,0.137012987664141,1,17,0.000892261132897538,FALSE,542.106616258621,7.77244567871094e-05
2110,1000,704,-0.0239332667864627,0.0670727519891263,0.0706421007330581,-0.15539586068515,0.107529327112225,1,4,0.000443020913202587,FALSE,375.114620447159,0.000134468078613281
2113,1000,705,-0.166793745588373,0.0652994243863247,0.0676053594450155,-0.294780617385569,-0.0388068737911766,0,1,0.00670735376441437,TRUE,512.092849493027,9.918212890625e-05
2116,1000,706,-0.0309167254686449,0.0718792836818239,0.0678894665111786,-0.17180012148502,0.10996667054773,1,19,0.00675835575635423,FALSE,334.409137487411,7.65323638916016e-05
2119,1000,707,-0.0506675252206858,0.068831850543958,0.0695598979632831,-0.185577952286844,0.0842429018454719,1,6,9.53475180846659e-05,FALSE,356.821748971939,8.08238983154297e-05
2122,1000,708,-0.0410663520148047,0.0715699284636162,0.068759818982158,-0.181343411803493,0.0992107077738832,1,14,7.96803788884759e-05,FALSE,364.811584472656,6.103515625e-05
2125,1000,709,0.134747348682692,0.0675346348593839,0.069660358826785,0.00237946435829983,0.267115233007085,0,11,4.30570864942763e-05,FALSE,662.195976495743,0.000131130218505859
208,1000,70,-8.14832121931452e-05,0.0695130855608273,0.0676140010150365,-0.136327130911415,0.136164164487028,1,4,0.00244724394552084,FALSE,552.058361053467,0.000104427337646484
2128,1000,710,0.0234448229004954,0.0695803525479898,0.0717529487311823,-0.112932668093565,0.159822313894555,1,1,0.00193898596492674,TRUE,527.456506967545,0.000130176544189453
2131,1000,711,-0.0410561631194559,0.0670859607232284,0.0676141169904167,-0.172544646136984,0.0904323198980717,1,1,0.0343876121870494,TRUE,571.543800592422,7.55786895751953e-05
2134,1000,712,-0.0393066977919346,0.0689856566085534,0.0713389000081628,-0.174518584744699,0.0959051891608301,1,7,0.000514995236579807,FALSE,420.288923978806,8.98838043212891e-05
2137,1000,713,0.0652128405271408,0.0655696913790152,0.066139201007218,-0.063303754575729,0.193729435630011,1,9,0.000351725923837029,FALSE,711.139180421829,0.000153303146362305
2140,1000,714,0.0216100612137146,0.0706078595196618,0.0689980643034498,-0.116781343444822,0.160001465872252,1,4,0.001788414560884,FALSE,1045.31864190102,0.000221490859985352
2143,1000,715,0.221069991838816,0.0670749972368557,0.0664754538977549,0.0896029972545786,0.352536986423053,0,1,0.0232743078355947,TRUE,661.809944868088,0.000110626220703125
2146,1000,716,-0.0296082237339824,0.071751190396864,0.0658422569719119,-0.170240556911836,0.111024109443871,1,1,0.000798960669887535,TRUE,412.808405637741,0.00014185905456543
2149,1000,717,0.185616598611757,0.0689115325430729,0.0622099834496082,0.0505499948273342,0.32068320239618,0,20,0.00322907133395278,TRUE,464.106496572495,7.53402709960938e-05
2152,1000,718,0.0417355677865866,0.0646834790261691,0.0656794260621679,-0.0850440511047048,0.168515186677878,1,1,0.00498597564651401,TRUE,500.62379693985,0.000232696533203125
2155,1000,719,0.0987342193317439,0.0704246461744954,0.066006808471278,-0.0392980871702672,0.236766525833755,1,17,0.00601031448308039,FALSE,471.591156959534,0.000356674194335938
211,1000,71,-0.0130909387733815,0.0677997537224771,0.0703171587038237,-0.145978456069437,0.119796578522674,1,1,0.000160589313195565,TRUE,623.574085474014,0.00017237663269043
2158,1000,720,-0.0757627686158234,0.0638972981516213,0.0651622163355044,-0.201001472993001,0.0494759357613543,1,7,0.00027787405339824,FALSE,634.418622732162,0.000112771987915039
2161,1000,721,-0.0428351449721253,0.0804283168968404,0.0680932665795325,-0.200474646089932,0.114804356145682,1,20,0.0156702535021118,TRUE,560.510173559189,7.53402709960938e-05
2164,1000,722,0.0487865574888675,0.0655877818869941,0.0643796984363601,-0.0797654950096409,0.177338609987376,1,20,0.00285385343993049,TRUE,305.178852319717,9.34600830078125e-05
2167,1000,723,0.115625359378508,0.065974182298469,0.0677129833051287,-0.0136840379264909,0.244934756683508,1,2,0.00011016503188537,FALSE,480.880275964737,0.00016021728515625
2170,1000,724,-0.0179402609484178,0.0660322680266195,0.0665332981212766,-0.147363506280592,0.111482984383756,1,1,0.0172988852213729,TRUE,537.875609397888,7.96318054199219e-05
2173,1000,725,-0.0515039869251772,0.0650896350595509,0.0666195013207914,-0.179079671641897,0.0760716977915425,1,1,0.00821930002570747,TRUE,590.608851909637,7.41481781005859e-05
2176,1000,726,0.0578854607770923,0.0682587715056955,0.0692961144859666,-0.0759017313740707,0.191672652928255,1,1,0.0180260634825077,TRUE,489.058000326157,8.74996185302734e-05
2179,1000,727,0.0128046801886548,0.0719861521563153,0.0658682325259917,-0.128288178037723,0.153897538415033,1,13,0.000371206028433238,FALSE,534.450087308884,0.000249385833740234
2182,1000,728,0.057965768768218,0.0675533601948658,0.0693521828359816,-0.0744388172137189,0.190370354750155,1,1,0.0203979013105911,TRUE,356.617577314377,0.000196933746337891
2185,1000,729,-0.0418139670694895,0.0781303551269957,0.0671769945416273,-0.194949463118401,0.111321528979422,1,17,0.00125201941777474,FALSE,393.704514026642,0.000101327896118164
214,1000,72,-0.102636145002109,0.0627010212637645,0.0685137469200306,-0.225530146679088,0.020257856674869,1,1,0.00744003512870733,TRUE,425.285554170609,5.340576171875e-05
2188,1000,730,0.104568573907315,0.0653475584143938,0.0670106744486468,-0.0235126405848969,0.232649788399527,1,1,0.00175793559076128,TRUE,358.019559144974,0.0132336616516113
2191,1000,731,-0.0282243788504614,0.0650925389671901,0.0657309305189826,-0.155805755226154,0.0993569975252312,1,3,0.000416354885452772,FALSE,1010.77369976044,0.000134706497192383
2194,1000,732,0.150140551804291,0.0663101820340669,0.0640570492223509,0.0201725950175204,0.280108508591063,0,1,0.0307610263061172,TRUE,341.338172912598,9.20295715332031e-05
2197,1000,733,-0.072250114669046,0.0681356238798235,0.0728165932879102,-0.2057959374735,0.0612957081354081,1,1,0.00549872086901153,TRUE,379.771066904068,5.36441802978516e-05
2200,1000,734,0.0571303385251107,0.0705558880385721,0.0676428279398135,-0.0811592020304907,0.195419879080712,1,12,0.000574596874279029,FALSE,284.091388940811,4.45842742919922e-05
2203,1000,735,0.0189191512389633,0.0755649669948831,0.0651608225843257,-0.129188184071008,0.167026486548934,1,20,0.0141052003063768,TRUE,645.650875806808,8.27312469482422e-05
2206,1000,736,-0.0147555754830841,0.0642422841913905,0.0685261030675224,-0.14067045249821,0.111159301532041,1,1,2.31394862321817e-05,TRUE,475.209643602371,8.46385955810547e-05
2209,1000,737,0.135206463233888,0.0638329435962688,0.0677401270419435,0.0100938937852014,0.260319032682575,0,7,0.000232794615332767,FALSE,302.729206085205,9.77516174316406e-05
2212,1000,738,0.043645590928636,0.067534254421038,0.0673989605440127,-0.0887215477365985,0.17601272959387,1,1,0.00466831463515672,TRUE,507.821532011032,8.67843627929688e-05
2215,1000,739,0.115171640309684,0.0758829215059358,0.0636237094857015,-0.0335588858419499,0.263902166461318,1,15,0.000688243925960538,FALSE,526.366367340088,0.000278234481811523
217,1000,73,0.0640181060933191,0.0673992973211124,0.0653257658210199,-0.0680845166560612,0.196120728842699,1,6,0.000183909030207584,FALSE,457.415178775787,5.43594360351562e-05
2218,1000,740,-0.129701317812684,0.0689927419750546,0.0686106189151927,-0.264927092083791,0.00552445645842273,1,12,0.000446528468942641,FALSE,297.627953290939,6.103515625e-05
2221,1000,741,0.0131763584293032,0.0662896249340364,0.0669182975939094,-0.116751306441408,0.143104023300015,1,1,0.0135114222513507,TRUE,1138.07640743256,9.67979431152344e-05
2224,1000,742,0.0180112218887193,0.0644031495010162,0.0645672681926733,-0.108218951133272,0.144241394910711,1,1,0.00965523042850364,TRUE,353.39713716507,6.93798065185547e-05
2227,1000,743,0.0133442484967959,0.067447068211918,0.0647533710520339,-0.118852005198563,0.145540502192155,1,4,0.00110070232877565,FALSE,330.065036058426,0.000115394592285156
2230,1000,744,-0.0404760335076999,0.0727642076196994,0.0709408872543245,-0.183093880442311,0.102141813426911,1,16,0.000471406654021814,FALSE,290.858674764633,9.36985015869141e-05
2233,1000,745,0.0285609349232823,0.0653745797045735,0.0654524424742568,-0.0995732412976818,0.156695111144246,1,1,0.0208288569705221,TRUE,569.22659277916,0.000109434127807617
2236,1000,746,0.0192381921541209,0.0677849282411912,0.0677578167787483,-0.113620267198614,0.152096651506856,1,18,0.000597904662857664,FALSE,935.473687887192,0.00015711784362793
2239,1000,747,-0.0103735180714111,0.0669823916218842,0.0652887781279271,-0.141659005650304,0.120911969507482,1,1,0.0206897290701699,TRUE,531.671923398972,0.000130653381347656
2242,1000,748,0.0613361304037457,0.0667214193276451,0.066705818603772,-0.0694378514784386,0.19211011228593,1,4,1.19431176430021e-06,FALSE,543.82345032692,0.000134706497192383
2245,1000,749,0.017479318461663,0.0646099710894847,0.0654857817882015,-0.109156224873727,0.144114861797053,1,1,0.00313301966556974,TRUE,606.677725315094,7.43865966796875e-05
220,1000,74,-0.0468574036086846,0.0650256064990017,0.0690636553302377,-0.174307592346728,0.0805927851293588,1,1,0.00908639052247335,TRUE,387.788411140442,5.22136688232422e-05
2248,1000,750,0.0229279244004756,0.0637499552110061,0.0673075186207755,-0.102021987813096,0.147877836614048,1,1,0.00956405554604191,TRUE,535.410932540894,7.51018524169922e-05
2251,1000,751,0.0511366695029601,0.0632198383316469,0.0643274144890966,-0.0727742136270679,0.175047552632988,1,1,0.00213436916155617,TRUE,329.766757249832,0.000222682952880859
2254,1000,752,-0.0276032062708551,0.0645092059439705,0.0645111089266962,-0.154041249921037,0.0988348373793271,1,1,0.0262343002803153,TRUE,493.119045495987,0.000114917755126953
2257,1000,753,0.0316112368968806,0.0669595014430208,0.0668641097485928,-0.0996293859314401,0.162851859725201,1,1,0.00484246717788538,TRUE,660.869576931,8.53538513183594e-05
2260,1000,754,0.04857429849142,0.0694588593022832,0.0676222894552536,-0.087565065741055,0.184713662723895,1,10,0.000136274330094418,FALSE,521.150873422623,0.000258922576904297
2263,1000,755,0.0629747105293489,0.0686813840167262,0.066770676159723,-0.0716408021434345,0.197590223202132,1,1,0.00688487360677617,TRUE,320.008945226669,7.15255737304688e-05
2266,1000,756,0.0344150162615409,0.0662494628531384,0.0660992439659778,-0.0954339309306104,0.164263963453692,1,1,0.00670325403841836,TRUE,878.595523834229,0.000334262847900391
2269,1000,757,-0.0761624005966846,0.0668309482872537,0.0694953501440194,-0.207151059239702,0.0548262580463326,1,1,0.00185443521981975,TRUE,501.343443870544,0.00011134147644043
2272,1000,758,-0.0967020258185086,0.0673378137019651,0.0673850032470257,-0.22868414067436,0.035280089037343,1,11,0.000749177355464748,FALSE,783.967000484467,5.19752502441406e-05
2275,1000,759,-0.0831298132317914,0.0751778343567756,0.0664275572278725,-0.230478368571071,0.0642187421074887,1,20,0.000135415586683966,TRUE,540.17159485817,0.000115394592285156
223,1000,75,0.0784556237894938,0.0674343012287643,0.0650038827947749,-0.0537156066188842,0.210626854197872,1,1,0.0223989622865715,TRUE,499.170661449432,8.15391540527344e-05
2278,1000,760,-0.122188498034442,0.0642133958013575,0.0651062313160225,-0.248046753805102,0.00366975773621908,1,1,0.015922335200395,TRUE,817.829952955246,0.000145435333251953
2281,1000,761,0.106000713805134,0.0649959496896141,0.0676857852458313,-0.0213913475865099,0.233392775196777,1,1,0.00602479482866422,TRUE,330.912714481354,5.91278076171875e-05
2284,1000,762,0.0482553755768664,0.0634835822342231,0.0644882933833273,-0.0761724456022108,0.172683196755944,1,1,0.023414497473014,TRUE,478.465649604797,0.000113725662231445
2287,1000,763,0.112398038851602,0.0768015300154904,0.0693597660732883,-0.0381329599787588,0.262929037681964,1,18,0.00743963467354721,FALSE,306.547835350037,5.74588775634766e-05
2290,1000,764,0.0949596862317028,0.0713448172746617,0.0670471395898296,-0.0448761556266341,0.23479552809004,1,1,0.00846454119248828,TRUE,448.19725561142,5.50746917724609e-05
2293,1000,765,-0.111784138911361,0.0686868424083667,0.0715015913520338,-0.246410350031759,0.0228420722090383,1,1,0.0185358865129489,TRUE,703.251426458359,6.69956207275391e-05
2296,1000,766,0.10523320064544,0.0692582009273589,0.0666088358648495,-0.0305128731721835,0.240979274463063,1,7,4.45829934418809e-05,FALSE,604.715789794922,0.000124931335449219
2299,1000,767,-0.021101740058582,0.0691696312802595,0.0708606077051363,-0.156674217367891,0.114470737250727,1,1,0.0128222314865614,TRUE,550.10546708107,8.46385955810547e-05
2302,1000,768,0.0594546299565514,0.0728035942419804,0.0684867546240766,-0.0832404147577303,0.202149674670833,1,15,0.00520564876704525,FALSE,484.216603755951,0.00016474723815918
2305,1000,769,-0.0194891461154363,0.0682628153401916,0.0701721306442051,-0.153284264182212,0.114305971951339,1,1,0.00892905166091936,TRUE,423.625612258911,0.000113725662231445
226,1000,76,-0.0988797563242599,0.0696930325292075,0.0681803932798556,-0.235478100081507,0.0377185874329868,1,1,0.022079069739083,TRUE,309.654662132263,0.0001220703125
2308,1000,770,-0.023899549458986,0.06567511618478,0.0710042186222698,-0.152622777181155,0.104823678263183,1,1,0.00727326760442064,TRUE,450.897372722626,0.000159263610839844
2311,1000,771,0.0349675560849849,0.0714169173764465,0.0706243287894845,-0.10500960197285,0.17494471414282,1,11,1.88692408173728e-05,FALSE,633.322384357452,0.000173330307006836
2314,1000,772,0.0989461250752809,0.0660434165602074,0.0680687850227567,-0.0304989713827257,0.228391221533287,1,1,0.00361413346752875,TRUE,466.654377698898,0.000329494476318359
2317,1000,773,0.0536809658477796,0.065487551055919,0.0667173527830974,-0.0746746342218216,0.182036565917381,1,8,0.000468459480035184,FALSE,534.557490110397,0.000113010406494141
2320,1000,774,-0.0598169999680831,0.0678121196239291,0.0681065058725496,-0.192728754430984,0.0730947544948179,1,3,0.00134580209148179,FALSE,268.135909080505,9.39369201660156e-05
2323,1000,775,0.0240120208215984,0.0642832696169946,0.0666657410083036,-0.101983187627711,0.150007229270908,1,4,0.000463731343219762,FALSE,445.927752733231,6.91413879394531e-05
2326,1000,776,0.0692700436613509,0.0696837165500309,0.0662996101248694,-0.0673100407767097,0.205850128099412,1,4,0.000326562936695502,FALSE,321.377391576767,8.24928283691406e-05
2329,1000,777,-0.0139210867126287,0.0645165173283233,0.0677492722546417,-0.140373460676142,0.112531287250885,1,1,0.00440751880658309,TRUE,521.44512963295,5.91278076171875e-05
2332,1000,778,0.0527386514915211,0.0705349510412752,0.0660253853344342,-0.0855098525493783,0.190987155532421,1,11,0.000811889447887007,FALSE,434.956626653671,0.000100612640380859
2335,1000,779,0.017069156988293,0.0647158066547461,0.0673236402943677,-0.109773824055009,0.143912138031595,1,3,9.52688866724106e-05,FALSE,510.426694154739,7.84397125244141e-05
229,1000,77,0.062241660844794,0.0672530124361044,0.0689333827029586,-0.0695742435299706,0.194057565219559,1,1,0.0189119803702912,TRUE,422.557546615601,8.392333984375e-05
2338,1000,780,0.0164574627460949,0.0642796175954769,0.0671388356207607,-0.10953058774104,0.14244551323323,1,1,0.00754425766638084,TRUE,533.599744319916,0.00011897087097168
2341,1000,781,0.0147468844557854,0.0678996115436545,0.0665464922936004,-0.118336354169777,0.147830123081348,1,6,0.0005588139057819,FALSE,614.038483381271,9.08374786376953e-05
2344,1000,782,0.0852655150186639,0.0640982633390726,0.0669217415051997,-0.0403670811259185,0.210898111163246,1,3,3.43745429427718e-05,FALSE,538.083983659744,0.000102996826171875
2347,1000,783,0.0824095038529908,0.0665237275263039,0.069388867483128,-0.0479770020985648,0.212796009804546,1,1,0.00928885069813351,TRUE,324.086102962494,5.43594360351562e-05
2350,1000,784,-0.0414611146203694,0.0695910512635275,0.0656029321836083,-0.177859575096883,0.0949373458561445,1,11,0.0114207110738417,FALSE,289.286952018738,0.000104427337646484
2353,1000,785,-0.159353441201043,0.0643155667179043,0.0643108473690772,-0.285411951968135,-0.0332949304339504,0,1,0.00529209417888643,TRUE,451.956535577774,0.000119209289550781
2356,1000,786,0.0738323693396902,0.0690998913871263,0.0675087380559561,-0.0616034177790774,0.209268156458458,1,7,0.000361925763823173,FALSE,549.430990457535,8.34465026855469e-05
2359,1000,787,0.0948587341693482,0.0685713324080553,0.0689469575879175,-0.0395410773504403,0.229258545689137,1,1,0.00704235433154238,TRUE,469.678262472153,8.03470611572266e-05
2362,1000,788,0.0722416431072829,0.0637079082344393,0.065959863772581,-0.0526258570322181,0.197109143246784,1,4,0.00687197034853978,FALSE,435.426082372665,0.000131607055664062
2365,1000,789,-0.0448445363717557,0.0656268178863465,0.0673821129758862,-0.173473099428995,0.0837840266854835,1,1,0.000285266627077008,TRUE,671.384034872055,5.62667846679688e-05
232,1000,78,0.143389204699475,0.0693294142175628,0.0688908767483716,0.00750355283305154,0.279274856565898,0,1,0.0194460926220126,TRUE,295.840002536774,9.58442687988281e-05
2368,1000,790,-0.038551856728629,0.0709035253285872,0.0686675763993235,-0.17752276637266,0.100419052915402,1,6,0.000178371789411979,FALSE,594.90690612793,8.29696655273438e-05
2371,1000,791,0.0752769117243818,0.0683813778785816,0.0691711897670283,-0.0587505889176381,0.209304412366402,1,1,0.0108279359201894,TRUE,473.479113101959,0.000143766403198242
2374,1000,792,-0.0767097100714804,0.0629903808379773,0.0642081569324479,-0.200170856513916,0.0467514363709551,1,1,0.0151224937205927,TRUE,509.345731258392,0.000167131423950195
2377,1000,793,0.0244133903450504,0.0729837278061575,0.0665073248334502,-0.118634716155018,0.167461496845119,1,20,0.00381316211396172,TRUE,544.714012384415,7.39097595214844e-05
2380,1000,794,0.104182638285419,0.0678347287660663,0.0694373773962456,-0.0287734300960707,0.237138706666909,1,1,0.0149750635523395,TRUE,457.936509609222,9.918212890625e-05
2383,1000,795,0.0298578902327571,0.0644281897617249,0.0666053256959651,-0.0964213617002238,0.156137142165738,1,1,0.00535916005131163,TRUE,295.008190393448,0.000214099884033203
2386,1000,796,0.123928317414332,0.0672498382159591,0.0683942726380646,-0.00788136548894808,0.255738000317612,1,1,0.00323573328212832,TRUE,506.234706878662,0.000122547149658203
2389,1000,797,0.1547752719486,0.0661772317760898,0.0670567718672647,0.0250678976674643,0.284482646229736,0,1,0.00697699241711777,TRUE,757.459616422653,0.000136613845825195
2392,1000,798,0.106122620199678,0.0660768129942046,0.0680396296294679,-0.023387933268963,0.235633173668319,1,2,0.000262614402907097,FALSE,919.766367673874,9.03606414794922e-05
2395,1000,799,0.0601309817969168,0.0703015272899871,0.0647375103917768,-0.077660011691458,0.197921975285292,1,16,0.00117267152576318,FALSE,595.613468647003,0.000132083892822266
235,1000,79,0.016458766936941,0.0638747167211043,0.0654895657873076,-0.108735677836423,0.141653211710305,1,1,0.000241831677399445,TRUE,368.831929445267,0.000175952911376953
19,1000,7,0.0419919648398278,0.0663585564745453,0.0684093415794148,-0.0880708058502809,0.172054735529937,1,1,0.0136692787676221,TRUE,620.403287649155,8.32080841064453e-05
2398,1000,800,0.0899484733123684,0.0657963278032687,0.0682790469559763,-0.0390123291820383,0.218909275806775,1,5,0.00149068475322445,FALSE,505.477532625198,7.67707824707031e-05
2401,1000,801,-0.0162565555893657,0.0692160469465335,0.0703884686932249,-0.151920007604571,0.11940689642584,1,10,0.000546508961513058,FALSE,530.39724946022,7.34329223632812e-05
2404,1000,802,0.118189440388099,0.0774844752655922,0.0707161677127759,-0.0336801311324615,0.27005901190866,1,19,0.00986648843664631,FALSE,537.343605041504,0.000164985656738281
2407,1000,803,0.059392963710568,0.0664738503132429,0.0659618720821104,-0.070895782903388,0.189681710324524,1,1,0.0179704576609278,TRUE,540.781892061234,0.000231504440307617
2410,1000,804,0.0049087622201649,0.0670035754699063,0.0680881785341156,-0.126418245700852,0.136235770141181,1,1,0.000218650056860771,TRUE,609.465694189072,0.000131607055664062
2413,1000,805,0.0856785328629804,0.0681449777762619,0.0711834680836536,-0.047885623578493,0.219242689304454,1,1,0.000455720801451257,TRUE,504.438045024872,0.000162124633789062
2416,1000,806,-0.0119516354677001,0.0646111785579035,0.0634658894239461,-0.138589545441191,0.114686274505791,1,6,0.000216267068911045,FALSE,421.25265789032,0.000213623046875
2419,1000,807,0.000506023359516328,0.0695897076575625,0.0648213903056321,-0.135889803649306,0.136901850368339,1,12,0.00099469318058999,FALSE,459.66189622879,8.94069671630859e-05
2422,1000,808,-0.0223078482425121,0.0671066433062734,0.0686665757750874,-0.153836869122808,0.109221172637784,1,2,0.000609007406613303,FALSE,555.97483587265,0.000143527984619141
2425,1000,809,-0.0175353524684378,0.0689822108054337,0.0723241822811531,-0.152740485647088,0.117669780710212,1,1,0.00673178581978444,TRUE,560.837537050247,7.53402709960938e-05
238,1000,80,0.140262931280634,0.0660336220069978,0.0675297457946613,0.0108370321469187,0.26968883041435,0,1,0.0192467222350828,TRUE,552.785954475403,0.000117778778076172
2428,1000,810,-0.077928074175583,0.0693443223169797,0.0685155372784203,-0.213842945916863,0.0579867975656972,1,1,0.0140322382136404,TRUE,491.748634815216,8.46385955810547e-05
2431,1000,811,0.0283855315339754,0.0657574561935252,0.065157259782266,-0.100499082605334,0.157270145673285,1,7,0.00539183815100957,FALSE,492.490425109863,7.84397125244141e-05
2434,1000,812,0.0396218153261089,0.0626018154009046,0.0640674384227786,-0.0830777428596641,0.162321373511882,1,2,0.000385194672097827,FALSE,316.911309242249,8.03470611572266e-05
2437,1000,813,0.0694462078647444,0.0658451986381716,0.0674263198392927,-0.0596103814660718,0.198502797195561,1,1,0.00701175204466407,TRUE,319.496740102768,6.103515625e-05
2440,1000,814,0.0208879514121521,0.0692339134928169,0.0647598979291365,-0.114810519033769,0.156586421858073,1,16,3.75976936585304e-05,FALSE,323.911102771759,8.05854797363281e-05
2443,1000,815,0.000483233529557481,0.0603676914656165,0.0633225666977842,-0.117837441743051,0.118803908802166,1,3,0.001805391446391,FALSE,661.563940286636,0.000444650650024414
2446,1000,816,0.0661702665042068,0.0622615211757614,0.0629815182788287,-0.0558623150002856,0.188202848008699,1,2,0.0144610796485715,FALSE,345.45170545578,0.000161409378051758
2449,1000,817,0.00176456441077921,0.0683502304672374,0.0667512346168594,-0.132201887305006,0.135731016126565,1,1,0.011784404594411,TRUE,642.013294219971,0.000264883041381836
2452,1000,818,0.0407305529849629,0.0679208335863049,0.0678841312301561,-0.0923942808441948,0.17385538681412,1,1,0.026449888947932,TRUE,309.842170238495,0.00010228157043457
2455,1000,819,-0.0292270652177964,0.0648806000328783,0.0665097627007902,-0.156393041282238,0.0979389108466451,1,1,0.0156814702352969,TRUE,405.965030670166,0.000143051147460938
241,1000,81,-0.0318886646102601,0.06669085018582,0.067431657654616,-0.162602730974467,0.0988254017539472,1,1,0.00981887217748661,TRUE,460.814046382904,6.69956207275391e-05
2458,1000,820,-0.00649701312463269,0.0661982141418495,0.0673130235670931,-0.136245512842658,0.123251486593392,1,1,0.0115105175754527,TRUE,327.346494913101,5.7220458984375e-05
2461,1000,821,-0.135055055337585,0.0662674062711737,0.0654524445344904,-0.264939171629086,-0.0051709390460847,0,1,0.0188456741043169,TRUE,405.5684030056,0.000303745269775391
2464,1000,822,-0.0323198648876624,0.0674274659396552,0.0689033043014054,-0.164477698129387,0.0998379683540618,1,1,0.00509433909877757,TRUE,288.564341783524,8.7738037109375e-05
2467,1000,823,-0.0441444814955317,0.0715758150970606,0.0664665119659913,-0.184433079085771,0.0961441160947071,1,13,0.000698063163426732,FALSE,514.766363382339,7.84397125244141e-05
2470,1000,824,0.118381971795484,0.0670242880140908,0.0665641871018952,-0.0129856327121344,0.249749576303102,1,1,0.0163510797136538,TRUE,925.4499335289,5.96046447753906e-05
2473,1000,825,-0.0819919906667094,0.0658617465938544,0.0713923972204607,-0.211081013990664,0.0470970326572453,1,1,0.0239283876865986,TRUE,617.561273813248,0.000238180160522461
2476,1000,826,-0.0399190305036797,0.0715790863317576,0.0693063535097879,-0.180214039713925,0.100375978706565,1,1,0.000916811535571217,TRUE,450.894371271133,0.000126123428344727
2479,1000,827,0.123482547050771,0.0655916062859073,0.0679005383178895,-0.00507700126960758,0.252042095371149,1,1,0.00349393414115989,TRUE,506.589146137238,7.74860382080078e-05
2482,1000,828,-0.0769912136128283,0.0694519460326817,0.0679165918481153,-0.213117027836885,0.0591346006112279,1,12,0.000267586867208725,FALSE,331.028696775436,4.64916229248047e-05
2485,1000,829,0.0779638783221012,0.0702221149918867,0.0683271525357237,-0.0596714670619968,0.215599223706199,1,6,3.08129117771798e-06,FALSE,312.227100372314,7.72476196289062e-05
244,1000,82,0.0200267374037011,0.0664511718624957,0.0669007190514378,-0.110217559446791,0.150271034254193,1,8,9.18094195758134e-05,FALSE,294.381924390793,8.74996185302734e-05
2488,1000,830,-0.00577059404114588,0.068593312370729,0.0687161965502028,-0.140213486287775,0.128672298205483,1,1,0.00794202492839096,TRUE,442.394057750702,7.98702239990234e-05
2491,1000,831,0.141844652279061,0.0681744740916047,0.0681315335405871,0.0082226830595156,0.275466621498606,0,6,3.3911492890374e-05,FALSE,355.008189678192,0.000348329544067383
2494,1000,832,0.0412418466182926,0.0669423235080898,0.067411961388154,-0.0899651074575634,0.172448800694148,1,1,0.00662797312681038,TRUE,297.916849136353,4.91142272949219e-05
2497,1000,833,-0.0490980709030815,0.0651769203439794,0.0655209226627613,-0.176844834777281,0.0786486929711182,1,9,0.000591853480213189,FALSE,531.376313686371,7.91549682617188e-05
2500,1000,834,-0.0648997063893799,0.0676089714179102,0.0710057343901091,-0.197413290368484,0.067613877589724,1,1,0.00170881692054125,TRUE,504.56462264061,0.000163793563842773
2503,1000,835,-0.0509615500251739,0.0688982508826557,0.0702633492896476,-0.186002121755179,0.0840790217048312,1,1,0.00434881715349976,TRUE,558.973121881485,0.000116348266601562
2506,1000,836,-0.0177653052208626,0.0701742911291292,0.0666450531882015,-0.155306915833956,0.119776305392231,1,1,1.13698972598892e-05,TRUE,458.470114707947,7.70092010498047e-05
2509,1000,837,0.0600965908274473,0.0665294599075766,0.0656350288645388,-0.0703011505914027,0.190494332246297,1,12,0.000590385973814138,FALSE,318.93492603302,7.17639923095703e-05
2512,1000,838,0.13534375009909,0.0673202587678179,0.0665469947182883,0.00339604291416681,0.267291457284013,0,1,9.27864313288665e-06,TRUE,340.639750957489,5.86509704589844e-05
2515,1000,839,-0.157900542662329,0.0677187672011431,0.0676793153122346,-0.290629326376569,-0.0251717589480884,0,1,0.0113671043693048,TRUE,352.671939611435,6.103515625e-05
247,1000,83,0.0592997012559694,0.0668463160653225,0.0672201656344343,-0.0717190782320628,0.190318480744002,1,1,0.00995864849481972,TRUE,332.364044427872,0.000163078308105469
2518,1000,840,0.00597554134222533,0.0673670758742018,0.070177572178315,-0.12606392737121,0.138015010055661,1,3,0.000356289940123611,FALSE,636.760684013367,0.000126838684082031
2521,1000,841,-0.0634977578015271,0.0643449550324014,0.0626321500021654,-0.189613869665034,0.0626183540619796,1,1,0.0221756689631201,TRUE,532.102820396423,7.34329223632812e-05
2524,1000,842,0.073730443835284,0.0689199326676202,0.07278007683262,-0.0613526241932516,0.20881351186382,1,1,0.010499458468065,TRUE,375.240284204483,4.52995300292969e-05
2527,1000,843,0.0461907889597133,0.0684755667174328,0.0706910153357525,-0.0880213218064551,0.180402899725882,1,1,0.00201388379563932,TRUE,685.092477798462,8.08238983154297e-05
2530,1000,844,0.0651802741034213,0.0669576044170597,0.0667237288174214,-0.0660566305540156,0.196417178760858,1,1,0.0109907001730501,TRUE,277.799580335617,9.5367431640625e-05
2533,1000,845,0.00319470613320627,0.0689298791150816,0.068292831338257,-0.131907856932354,0.138297269198766,1,1,0.00216061478413153,TRUE,570.834954977036,7.60555267333984e-05
2536,1000,846,-0.0164358994024695,0.0725237500405039,0.0725793657760247,-0.158582449481857,0.125710650676918,1,20,0.00142540180741421,TRUE,497.135127782822,0.000144720077514648
2539,1000,847,0.0867379956773642,0.0641316866269026,0.0680779943517339,-0.038960110111365,0.212436101466093,1,1,0.00817496019795585,TRUE,524.665786266327,0.000100851058959961
2542,1000,848,0.0478182866648497,0.0903577679584127,0.068287751994048,-0.129282938533639,0.224919511863339,1,18,0.000523312232719263,FALSE,363.614800214767,5.74588775634766e-05
2545,1000,849,-0.0535997684961964,0.064832323729975,0.0699881818692082,-0.180671123006948,0.0734715860145547,1,1,0.00350160224387215,TRUE,502.192749261856,5.50746917724609e-05
250,1000,84,0.037694323086475,0.0702973041447458,0.0646631441426483,-0.100088393037227,0.175477039210177,1,15,0.0140125815928621,FALSE,749.358120679855,8.55922698974609e-05
2548,1000,850,0.0107317472558377,0.0675517146906345,0.0676407961852411,-0.121669613537806,0.143133108049481,1,4,8.97569666567488e-05,FALSE,559.211255788803,7.77244567871094e-05
2551,1000,851,0.0310334162720746,0.0707471269877946,0.0647943464652377,-0.107630952624003,0.169697785168152,1,20,0.000989447001226581,TRUE,286.943426847458,0.000264406204223633
2554,1000,852,0.0134172704507667,0.0648130141966808,0.0671029963408536,-0.113616237374728,0.140450778276261,1,1,0.00984368505961537,TRUE,546.345275163651,0.000108957290649414
2557,1000,853,0.00708930116010842,0.0683472873867465,0.0652416102880189,-0.126871382117915,0.141049984438131,1,18,0.000107576441751902,FALSE,325.450214147568,3.48091125488281e-05
2560,1000,854,-0.0523269224402716,0.0746537353151367,0.0674285504125842,-0.19864824365794,0.0939943987773963,1,20,0.0114574025071897,TRUE,526.140460014343,0.000175237655639648
2563,1000,855,0.135648899672212,0.0707133318197374,0.0687341520281402,-0.00294923069447289,0.274247030038898,1,1,0.0102426905142332,TRUE,415.420974731445,5.22136688232422e-05
2566,1000,856,0.0665517467348632,0.0643291488757457,0.0664734024913272,-0.0595333850615984,0.192636878531325,1,1,0.00378998261712903,TRUE,456.1928627491,7.05718994140625e-05
2569,1000,857,0.0291942496981059,0.0750216896189572,0.0660018110100152,-0.11784826195505,0.176236761351262,1,20,0.00289581652164873,TRUE,298.628713130951,8.08238983154297e-05
2572,1000,858,0.174842379931219,0.0637122484433841,0.0619946001833504,0.0499663729821858,0.299718386880252,0,1,0.00716651990345916,TRUE,305.682421207428,6.36577606201172e-05
2575,1000,859,0.0125216211825117,0.0671172435399169,0.0627357727709785,-0.119028176155725,0.144071418520749,1,1,0.0113052458556064,TRUE,624.224856376648,5.36441802978516e-05
253,1000,85,-0.00318959925604689,0.0614082470537394,0.065891853073158,-0.123549763481376,0.117170564969282,1,1,0.0039765218050858,TRUE,802.122144699097,0.00018763542175293
2578,1000,860,0.0236841211502884,0.0678023822332968,0.068976595879644,-0.109208548026973,0.15657679032755,1,1,0.0330989354420177,TRUE,502.38831782341,0.000165462493896484
2581,1000,861,0.037743967693889,0.0672427241477779,0.0684682104274722,-0.0940517716357557,0.169539707023534,1,2,0.000844456904249124,FALSE,448.229002714157,4.72068786621094e-05
2584,1000,862,-0.0926095340481869,0.066356542571225,0.0665512939458889,-0.222668357487788,0.0374492893914141,1,1,0.0177022348798727,TRUE,468.180203437805,0.000177145004272461
2587,1000,863,0.0436449859998936,0.0646952441802307,0.070553432178123,-0.0831576925933585,0.170447664593146,1,1,0.00840952638141645,TRUE,507.300016880035,7.46250152587891e-05
2590,1000,864,0.0197669938611137,0.0680513797924468,0.0694159664198059,-0.113613710532082,0.153147698254309,1,1,0.0100933508597737,TRUE,495.09247303009,0.000195980072021484
2593,1000,865,-0.0271143698024919,0.0687264171931635,0.066608011804584,-0.161818147501092,0.107589407896109,1,13,0.00123238553567356,FALSE,330.018559932709,4.60147857666016e-05
2596,1000,866,0.0260621527576659,0.0643203090272328,0.0672867218877252,-0.10000565293571,0.152129958451042,1,1,0.000893629966337234,TRUE,484.38134932518,5.55515289306641e-05
2599,1000,867,0.0518827082639838,0.0684886804550018,0.0687727676869418,-0.0823551054278198,0.186120521955787,1,3,0.000105016179641879,FALSE,457.63921546936,0.000293731689453125
2602,1000,868,-0.152236014058901,0.0660045329419562,0.0673752857631737,-0.281604898625135,-0.022867129492667,0,1,0.00847416825259741,TRUE,456.983032226562,0.000113487243652344
2605,1000,869,-0.0525238742334375,0.0761790270891444,0.0660448046067936,-0.20183476732816,0.0967870188612854,1,17,0.000139254179782906,FALSE,512.709717035294,0.000138998031616211
256,1000,86,0.0115332930388514,0.0637269694156294,0.0685099940608879,-0.113371567015782,0.136438153093485,1,11,0.000308876721117003,FALSE,573.427367210388,6.38961791992188e-05
2608,1000,870,0.045697203514516,0.0664143619579974,0.0672799195207507,-0.0844749459231588,0.175869352952191,1,5,0.000145716354074634,FALSE,467.968408584595,0.000186920166015625
2611,1000,871,0.0967172734726984,0.0678594597258395,0.0710978321341858,-0.0362872675899469,0.229721814535344,1,1,0.00624753148915012,TRUE,470.11033821106,0.000102758407592773
2614,1000,872,0.0463901004654763,0.0636553906875784,0.0678885935608145,-0.0783744652821773,0.17115466621313,1,1,0.000443146713225333,TRUE,470.216965675354,0.000120401382446289
2617,1000,873,-0.00466378791593147,0.0665183525559053,0.0678182375211735,-0.135039758925506,0.125712183093643,1,1,0.00776458077987376,TRUE,507.738377332687,0.000123977661132812
2620,1000,874,-0.0095911851788133,0.0637469251300359,0.0642845031222954,-0.134535158433684,0.115352788076057,1,2,0.00028719800065661,FALSE,551.989418983459,6.84261322021484e-05
2623,1000,875,0.090421550519173,0.0686709617425963,0.0698888324791364,-0.0441735344963156,0.225016635534662,1,8,0.000202791383707229,FALSE,541.660610437393,7.86781311035156e-05
2626,1000,876,0.0323760923650944,0.0659205819773842,0.0669938977150656,-0.0968282483105787,0.161580433040768,1,1,0.013244135607011,TRUE,383.218076229095,8.36849212646484e-05
2629,1000,877,-0.00443558304189562,0.071836723915839,0.0691607690618134,-0.14523556191694,0.136364395833149,1,13,0.00558622657752149,FALSE,584.693595170975,8.44001770019531e-05
2632,1000,878,-0.0276685061382559,0.0807751514647411,0.0701479648630451,-0.185987803009148,0.130650790732637,1,13,0.000535425796192005,FALSE,513.365102767944,7.65323638916016e-05
2635,1000,879,0.0589759994717377,0.0659112793890248,0.0695090866360194,-0.0702101081307508,0.188162107074226,1,6,4.53691913056855e-05,FALSE,899.018792867661,0.00014495849609375
259,1000,87,0.0869087490562868,0.0645920177821556,0.0679075282777067,-0.0396916057967382,0.213509103909312,1,5,3.28199619141153e-05,FALSE,540.900815248489,7.10487365722656e-05
2638,1000,880,0.0166471449693504,0.0658406961127741,0.0693621845067937,-0.112400619411687,0.145694909350388,1,2,0.000195195854474287,FALSE,601.63632106781,0.000182390213012695
2641,1000,881,-0.0478573271912519,0.0649460124535484,0.0658369623563598,-0.175151511600207,0.0794368572177029,1,1,0.00866449837274886,TRUE,408.871286392212,7.2479248046875e-05
2644,1000,882,-0.049774411452508,0.0660522330736177,0.0667960519249632,-0.179236788276799,0.0796879653717825,1,1,0.0100707800012669,TRUE,492.315229892731,7.77244567871094e-05
2647,1000,883,-0.0800162641852263,0.070151719840332,0.0673345257907568,-0.217513635072277,0.0574811067018243,1,8,0.000380888492669799,FALSE,460.324749708176,0.000146389007568359
2650,1000,884,-0.037022068387528,0.0679984613628076,0.067449011756948,-0.170299052658631,0.096254915883575,1,10,0.000181306686868208,FALSE,531.11877822876,7.77244567871094e-05
2653,1000,885,0.0581936135797402,0.0665866161423498,0.0678574511307299,-0.0723161540592654,0.188703381218746,1,1,0.00256700203494315,TRUE,393.689301490784,6.58035278320312e-05
2656,1000,886,0.0171968146107601,0.0665577590361805,0.0674585945780691,-0.113256393100154,0.147650022321674,1,1,0.00710224988712857,TRUE,488.990218639374,8.32080841064453e-05
2659,1000,887,-0.0679858328934726,0.0664870895386638,0.0680434961047319,-0.198300528389254,0.0623288626023085,1,1,0.00411040807741182,TRUE,482.430281400681,7.53402709960938e-05
2662,1000,888,-0.0634057228749392,0.0673780849936002,0.0707177958170408,-0.195466769462396,0.0686553237125172,1,1,0.00708734006354923,TRUE,406.044158220291,4.41074371337891e-05
2665,1000,889,-0.0612227351989522,0.0682476545179372,0.0691864026951953,-0.194988138054109,0.0725426676562047,1,10,0.000337025175945441,FALSE,542.798887252808,0.000106334686279297
262,1000,88,-0.0201197145758077,0.0658259602774731,0.0673463679165194,-0.149138596719655,0.108899167568039,1,2,5.95923020790899e-05,FALSE,363.537018299103,6.67572021484375e-05
2668,1000,890,0.0699919735233121,0.0703429683381234,0.0669287844319334,-0.0678802444194097,0.207864191466034,1,20,0.00182744207356694,TRUE,346.966524362564,4.69684600830078e-05
2671,1000,891,-0.0219863212481952,0.0650386150097143,0.0677203371175046,-0.149462006667235,0.105489364170845,1,1,0.0172116288968477,TRUE,477.134552240372,8.20159912109375e-05
2674,1000,892,0.0541492936371011,0.0632990006131419,0.0643368791970474,-0.0699167475646571,0.178215334838859,1,1,0.00155995153878371,TRUE,673.265790462494,7.70092010498047e-05
2677,1000,893,0.018415502325861,0.0685343725796724,0.0705575604170624,-0.115911867930297,0.152742872582019,1,3,0.00122896728941128,FALSE,305.376898050308,6.55651092529297e-05
2680,1000,894,-0.00931545154480007,0.0682928076389161,0.067607669720833,-0.143169354517076,0.124538451427475,1,1,0.0294385510899713,TRUE,307.0697016716,4.81605529785156e-05
2683,1000,895,-0.0594791010439752,0.0682305826142088,0.0655381816028201,-0.193211042967824,0.0742528408798739,1,11,3.14787692601524e-05,FALSE,550.775959968567,7.98702239990234e-05
2686,1000,896,0.0471306936931917,0.0811527441063919,0.0681278085123829,-0.111928684755336,0.20619007214172,1,20,0.0113840128931236,TRUE,466.629029750824,8.392333984375e-05
2689,1000,897,-0.00209892003142509,0.0696614883768469,0.0649763149101546,-0.138635437250045,0.134437597187195,1,14,0.000397946985986822,FALSE,565.84331202507,0.000114202499389648
2692,1000,898,-0.075916833433893,0.0754779385975529,0.069595115864624,-0.223853593085097,0.0720199262173108,1,14,0.0100987711059701,FALSE,881.714562892914,0.000164270401000977
2695,1000,899,0.0780390789918891,0.0737476755275445,0.0711880062300249,-0.0665063650420981,0.222584523025876,1,18,6.42820678773924e-05,FALSE,583.773750782013,6.69956207275391e-05
265,1000,89,-0.0619067067437196,0.0733930613894227,0.069697020839919,-0.205757107066988,0.0819436935795489,1,7,0.000427788980919805,FALSE,402.429589509964,7.36713409423828e-05
22,1000,8,-0.00433916299816883,0.0682415519124385,0.0667485220439271,-0.138092604746548,0.129414278750211,1,1,0.0271323682374271,TRUE,311.981295824051,8.15391540527344e-05
2698,1000,900,-0.0149967471449466,0.0661322824073254,0.0676780579544797,-0.144616020663304,0.114622526373411,1,1,0.0122669605202728,TRUE,544.714429140091,0.000128746032714844
2701,1000,901,-0.0163629300909929,0.0686432502395934,0.0680143017085775,-0.150903700560596,0.11817784037861,1,12,3.71859764903644e-05,FALSE,359.458006381989,5.98430633544922e-05
2704,1000,902,0.00890260027882595,0.0673351200999927,0.0692184621468164,-0.12307423511716,0.140879435674812,1,3,0.000421868724251944,FALSE,692.432824373245,7.22408294677734e-05
2707,1000,903,0.0465037410426923,0.0634165875382262,0.0654635398603542,-0.077792770532231,0.170800252617616,1,1,0.0118759576480039,TRUE,539.842818498611,8.70227813720703e-05
2710,1000,904,0.00314104114162417,0.0703032792769336,0.0696511511184041,-0.134653386241166,0.140935468524414,1,10,0.000953506336536397,FALSE,334.919458389282,0.000180482864379883
2713,1000,905,0.194108372847305,0.0674492106022832,0.0657356032073718,0.06190792006683,0.32630882562778,0,1,0.0104189684335137,TRUE,771.341215133667,0.000220775604248047
2716,1000,906,-0.0853821761331287,0.068698299387585,0.0687339337305587,-0.220030842932795,0.0492664906665378,1,1,0.0178480232063886,TRUE,297.305503368378,5.12599945068359e-05
2719,1000,907,-0.0669204319373657,0.0669730715997817,0.0669011278949523,-0.198187652272938,0.0643467883982063,1,7,0.000522282738512493,FALSE,300.618548631668,4.60147857666016e-05
2722,1000,908,0.0753982903015989,0.0675422598069636,0.0706361472795714,-0.0569845389200497,0.207781119523248,1,1,0.0088854485554806,TRUE,335.477458953857,6.89029693603516e-05
2725,1000,909,0.0207694113245807,0.0732497527846952,0.0668140764772828,-0.122800104133422,0.164338926782583,1,20,0.00301645426555799,TRUE,542.706758975983,0.000356674194335938
268,1000,90,-0.0107929576842472,0.0661466138003287,0.0703038211275386,-0.140440320732891,0.118854405364397,1,1,0.00382052549651917,TRUE,436.768841981888,6.91413879394531e-05
2728,1000,910,-0.00378705789317935,0.0642172665966,0.0675354699398287,-0.129652900422515,0.122078784636157,1,6,0.000134805009049292,FALSE,527.214301347733,6.38961791992188e-05
2731,1000,911,0.00650691157642269,0.0670606290477146,0.0644217389778425,-0.124931921357098,0.137945744509943,1,3,0.000472617620222056,FALSE,429.256883621216,0.000112056732177734
2734,1000,912,0.0112306278638956,0.0667831649324494,0.0677137159799405,-0.119664375403705,0.142125631131496,1,1,0.00538172010170304,TRUE,477.148200035095,0.000122785568237305
2737,1000,913,0.103976184472127,0.0704701981814508,0.067258240379941,-0.0341454039635163,0.242097772907771,1,16,0.000869514474179214,FALSE,284.044320344925,4.74452972412109e-05
2740,1000,914,-0.00551326934114704,0.0723752215249609,0.0691545782298959,-0.14736870353007,0.136342164847776,1,19,0.000715695262994881,FALSE,986.885852098465,4.83989715576172e-05
2743,1000,915,-0.0438755408930512,0.0687275071790663,0.0653893812953508,-0.178581454964021,0.0908303731779188,1,1,0.0492133323641522,TRUE,537.145559549332,0.000115871429443359
2746,1000,916,0.150145698246206,0.0712283861216628,0.0659569103489144,0.0105380614477469,0.289753335044665,0,16,0.00164587978898875,FALSE,289.916437625885,0.000104188919067383
2749,1000,917,-0.0276453040381442,0.0657466301956631,0.0643008608652998,-0.156508699221644,0.101218091145355,1,1,0.0076466316366818,TRUE,364.404692173004,3.83853912353516e-05
2752,1000,918,0.0870989865106027,0.0689892416120146,0.0693651413379934,-0.0481199270489459,0.222317900070151,1,7,0.00719020218671935,FALSE,601.349994421005,0.000114202499389648
2755,1000,919,0.0802340212134975,0.0864451497646315,0.0728880802197301,-0.0891984723251802,0.249666514752175,1,15,0.00106102005405982,FALSE,360.312432527542,0.000174760818481445
271,1000,91,0.115364110481513,0.0637463955243791,0.0631086483337464,-0.00957882474627059,0.240307045709296,1,1,0.00874572745909679,TRUE,647.243038415909,8.44001770019531e-05
2758,1000,920,0.0682640023435982,0.0648919199876047,0.06694155871513,-0.058924160832107,0.195452165519303,1,9,0.000164734131703803,FALSE,380.862123966217,0.000171661376953125
2761,1000,921,-0.0159131722214945,0.0649626700462069,0.0677919091795612,-0.14324000551206,0.111413661069071,1,1,0.00762254972820437,TRUE,582.285247325897,0.000119447708129883
2764,1000,922,-0.0272676855709357,0.0660419245864347,0.065868294024738,-0.156709857760348,0.102174486618476,1,3,2.77573143770293e-05,FALSE,400.511116981506,8.86917114257812e-05
2767,1000,923,0.0261043975268487,0.0625639096342309,0.0658931230462938,-0.0965208653562438,0.148729660409941,1,3,2.3229479602991e-05,FALSE,301.489780187607,7.60555267333984e-05
2770,1000,924,0.0404795508518441,0.0673059800335465,0.0724903947225735,-0.091440170013907,0.172399271717595,1,3,0.00023775355076912,FALSE,544.812646865845,0.000135660171508789
2773,1000,925,0.032941912138516,0.0747611548434684,0.0692096021583495,-0.113589951354682,0.179473775631714,1,7,0.00109371357358896,FALSE,411.171924114227,9.65595245361328e-05
2776,1000,926,-0.0287486682927217,0.0668170060893328,0.067431398128267,-0.159710000227814,0.102212663642371,1,1,0.00678179100668322,TRUE,556.587324380875,0.000148773193359375
2779,1000,927,0.0626786639191548,0.0688405085547636,0.0695346770118459,-0.072248732848182,0.197606060686492,1,1,0.00961357684748365,TRUE,374.667793035507,3.91006469726562e-05
2782,1000,928,-0.0568128473268147,0.0671002581919089,0.0663745121975718,-0.188329353382956,0.0747036587293267,1,10,0.00034950629246927,FALSE,565.998220920563,9.58442687988281e-05
2785,1000,929,0.0285338358550089,0.0658184226784581,0.0715332405152149,-0.100470272594769,0.157537944304787,1,1,0.00196506447076337,TRUE,741.577977657318,0.000124454498291016
274,1000,92,0.127071715844201,0.0650222344462083,0.0653962330318668,-0.000371863670367345,0.254515295358769,1,8,6.95653462089011e-05,FALSE,529.372302770615,0.000111103057861328
2788,1000,930,0.108851644191452,0.0658655554220039,0.0692896683934902,-0.0202448444356754,0.23794813281858,1,1,0.00731856001614599,TRUE,434.467590093613,5.93662261962891e-05
2791,1000,931,0.11245756045766,0.0722237683850507,0.0679186379746367,-0.0291010255770395,0.254016146492359,1,6,0.00481690677877213,FALSE,302.79532456398,7.67707824707031e-05
2794,1000,932,-0.0124274990912692,0.0658350938482849,0.0674124232714405,-0.141464283033908,0.116609284851369,1,1,0.000796326440958142,TRUE,922.246252536774,0.000123500823974609
2797,1000,933,-0.0569142152075454,0.0672092610130021,0.0648968226519133,-0.188644366793029,0.0748159363779387,1,1,0.0207808752209658,TRUE,563.588837623596,7.91549682617188e-05
2800,1000,934,-0.0358912853003487,0.0627638998606259,0.0651511982463486,-0.158908529027175,0.087125958426478,1,6,4.87955479863813e-05,FALSE,370.621598958969,7.10487365722656e-05
2803,1000,935,0.0652740042131699,0.0642502517683071,0.0650227881543717,-0.060656489252712,0.191204497679052,1,1,0.0221383196177271,TRUE,339.252307891846,0.000119209289550781
2806,1000,936,0.0267306643219263,0.066308091494182,0.0659934496262245,-0.10323319500667,0.156694523650523,1,11,0.000476927634895675,FALSE,280.269540786743,5.69820404052734e-05
2809,1000,937,0.0294891205051369,0.0728334748137304,0.0673211226640864,-0.113264490129775,0.172242731140048,1,20,0.00956197868118105,TRUE,270.046005249023,0.000197887420654297
2812,1000,938,0.0517011083149791,0.0773111052947971,0.0676252325825269,-0.0998286580628232,0.203230874692781,1,20,0.0103597406991531,TRUE,302.504328727722,3.4332275390625e-05
2815,1000,939,0.0141517633722539,0.0691302809255747,0.0653169032350059,-0.121343587241872,0.14964711398638,1,1,0.00587708670898633,TRUE,604.306896924973,0.000108480453491211
277,1000,93,-0.046453081149378,0.0700067791793248,0.0670469447117884,-0.183666368340855,0.0907602060420987,1,1,0.0109617911130471,TRUE,329.899088382721,0.000120162963867188
2818,1000,940,0.0381970686878867,0.0653471679589292,0.0680292077532796,-0.0898833805116146,0.166277517887388,1,1,0.000358782344924962,TRUE,553.026062488556,8.17775726318359e-05
2821,1000,941,0.0658846933766591,0.0727925508738856,0.0713696009057556,-0.0767887063361566,0.208558093089475,1,1,0.00366555881526899,TRUE,763.690874576569,6.46114349365234e-05
2824,1000,942,-0.0228556437704378,0.0771321102245054,0.0690952493633563,-0.174034579810468,0.128323292269593,1,20,0.00196041387511612,TRUE,343.75500202179,9.918212890625e-05
2827,1000,943,0.0603011789914067,0.0650759020739586,0.0656717413500493,-0.0672475890735522,0.187849947056366,1,1,0.0141203124489697,TRUE,330.322266817093,7.96318054199219e-05
2830,1000,944,0.0614830870546377,0.0757437623904625,0.0658695298907767,-0.0869746872306688,0.209940861339944,1,20,0.000767650855553002,TRUE,517.980618476868,6.53266906738281e-05
2833,1000,945,0.056535053580228,0.0652026644352835,0.065801844280444,-0.0712621687129276,0.184332275873384,1,1,0.00643683832644831,TRUE,819.579839229584,5.62667846679688e-05
2836,1000,946,0.0638163898228825,0.0677660474956572,0.0678628154791468,-0.0690050632686055,0.196637842914371,1,1,0.00753358367824653,TRUE,293.109361171722,0.000170707702636719
2839,1000,947,0.158690553166483,0.0691637553960474,0.0665307449832425,0.0231295925902302,0.294251513742736,0,6,0.000201016666369949,FALSE,330.275533914566,9.98973846435547e-05
2842,1000,948,0.0458040147804776,0.0706074389214614,0.0703199964038834,-0.0925865655055867,0.184194595066542,1,6,0.00023744677602564,FALSE,339.467352867126,9.13143157958984e-05
2845,1000,949,0.105298915888445,0.0763374148427534,0.0720157880404006,-0.0443224172033519,0.254920248980241,1,18,0.000314872559989695,FALSE,619.608439445496,7.84397125244141e-05
280,1000,94,-0.0011315754854575,0.0698095156442172,0.0655013806460734,-0.137958226148123,0.135695075177208,1,10,0.000972958130954113,FALSE,320.161367893219,0.000114202499389648
2848,1000,950,0.0947881721595084,0.0628701607750783,0.0645953225648416,-0.028437342959645,0.218013687278662,1,1,0.00595539452314572,TRUE,609.618698596954,7.22408294677734e-05
2851,1000,951,0.0960981093047285,0.0681165973673154,0.0647600548195254,-0.0374104215352096,0.229606640144667,1,17,0.000603424451076723,FALSE,589.210901498795,0.000145435333251953
2854,1000,952,-0.0201533175014244,0.0667784145143451,0.0630287436773062,-0.151039009949541,0.110732374946692,1,9,0.000687342976976619,FALSE,758.965173244476,0.00042724609375
2857,1000,953,-0.114448321411999,0.0739177841842963,0.0701913510702388,-0.25932717841322,0.0304305355892219,1,15,0.00321492611268866,FALSE,506.047431707382,0.00036168098449707
2860,1000,954,-0.00950829873010517,0.0664184754507058,0.0697691386223011,-0.139688510613489,0.120671913153278,1,1,0.0119852014315049,TRUE,535.181490659714,0.000168561935424805
2863,1000,955,-0.0384396283271798,0.070982247783673,0.0659434065604234,-0.177564833983179,0.100685577328819,1,12,0.000324704793179026,FALSE,759.906441688538,0.000259160995483398
2866,1000,956,0.0499762470411145,0.0686622794837933,0.0672034108507477,-0.0846018207471204,0.184554314829349,1,1,0.024235399233947,TRUE,715.522646427155,0.000342130661010742
2869,1000,957,0.0279695952448435,0.0641552768056206,0.0653984199816059,-0.0977747472941727,0.15371393778386,1,1,0.00646700175616429,TRUE,645.652115106583,0.000155925750732422
2872,1000,958,0.0198390764312689,0.0668833459735523,0.0667436716565396,-0.111252281676894,0.150930434539431,1,1,0.0155767162811999,TRUE,330.816417455673,7.53402709960938e-05
2875,1000,959,-0.0601457580699882,0.0658659729603344,0.0669125933577873,-0.189243065072244,0.0689515489322672,1,9,0.000535390913940804,FALSE,554.619516134262,7.62939453125e-05
283,1000,95,0.0585376623384984,0.0738688809766533,0.0665280156649066,-0.0862453443757419,0.203320669052739,1,14,0.000883606789612479,FALSE,738.379357337952,9.32216644287109e-05
2878,1000,960,0.0695811654205197,0.0690810009761491,0.0682288728015431,-0.0658175964927325,0.204979927333772,1,1,0.0191147893838162,TRUE,327.234751462936,0.000102043151855469
2881,1000,961,-0.0183746663380386,0.0700480935757734,0.0690843918734744,-0.155668929746555,0.118919597070477,1,1,0.0139370044190408,TRUE,551.205056905746,0.000138044357299805
2884,1000,962,0.0759849494099537,0.0731472050879776,0.0676644004042112,-0.0673835725624824,0.21935347138239,1,4,2.11557335891092e-05,FALSE,503.212794780731,0.000108003616333008
2887,1000,963,-0.0656193495119882,0.0725506171481303,0.0697682324841055,-0.207818559122324,0.0765798600983472,1,12,0.000149890611808876,FALSE,477.868058919907,7.03334808349609e-05
2890,1000,964,-0.0781028070619354,0.0659021325367184,0.0714816531294602,-0.207270986833904,0.0510653727100328,1,3,0.000958905951078845,FALSE,402.609919786453,7.17639923095703e-05
2893,1000,965,-0.0523371158643346,0.0654251438505538,0.0677104687449046,-0.18057039781142,0.0758961660827508,1,1,0.00936503569288203,TRUE,578.214468955994,0.000256538391113281
2896,1000,966,-0.0691040303624881,0.0652964299542586,0.0674542249726396,-0.197085033072835,0.0588769723478587,1,7,0.00015698798697451,FALSE,570.178161621094,0.000207662582397461
2899,1000,967,0.0832941400668574,0.065581881496243,0.0689873468814108,-0.0452463476657788,0.211834627799494,1,3,0.00398142808563592,FALSE,378.725488185883,7.58171081542969e-05
2902,1000,968,0.13036317163793,0.0655467078276675,0.0671495413715677,0.00189162429570192,0.258834718980159,0,2,4.76329055673138e-05,FALSE,323.552953481674,5.05447387695312e-05
2905,1000,969,0.0296775905741211,0.0689856934706636,0.0706806046742155,-0.105534368628379,0.164889549776622,1,1,0.00178575231169597,TRUE,528.623620033264,0.000159978866577148
286,1000,96,-0.0168096294308451,0.0671819929676769,0.0697441582273401,-0.148486335647492,0.114867076785802,1,1,0.000350251566157098,TRUE,557.940310955048,0.000188827514648438
2908,1000,970,-0.069885656769308,0.065855586010116,0.0663201425445546,-0.198962605349135,0.0591912918105193,1,1,0.00357191153258715,TRUE,399.177203178406,5.84125518798828e-05
2911,1000,971,0.0470481508129996,0.0661582267319915,0.0683254454993858,-0.0826219735817038,0.176718275207703,1,2,0.000115030555061624,FALSE,611.532901287079,0.000262260437011719
2914,1000,972,0.00846472575264801,0.0641212900447732,0.064790912261832,-0.117213002735107,0.134142454240403,1,1,0.00359553994889705,TRUE,622.976263999939,7.67707824707031e-05
2917,1000,973,0.0141482231108532,0.0636982951022716,0.0650134457885822,-0.110700435289599,0.138996881511305,1,1,0.00408539120503034,TRUE,293.012221336365,6.91413879394531e-05
2920,1000,974,0.0486441610008246,0.0651007443973505,0.0648979269734647,-0.0789532980179824,0.176241620019632,1,1,0.0115974399112468,TRUE,462.515439987183,7.91549682617188e-05
2923,1000,975,0.0333059583570964,0.0690809031708895,0.0677960651812164,-0.102092611857847,0.16870452857204,1,13,0.000615695289989818,FALSE,519.3395216465,6.79492950439453e-05
2926,1000,976,0.00482048553656278,0.064189552457537,0.0659283168526264,-0.12099103728021,0.130632008353335,1,1,0.00222067145380247,TRUE,527.805724620819,0.00029444694519043
2929,1000,977,0.0605115933082911,0.0605935560456529,0.0635512741758091,-0.0582517765411886,0.179274963157771,1,1,0.0217705615338674,TRUE,370.82271528244,5.96046447753906e-05
2932,1000,978,-0.024492065603186,0.0654280763391024,0.0639510967505764,-0.152731095227827,0.103746964021455,1,2,0.00028089885703142,FALSE,323.042113780975,9.46521759033203e-05
2935,1000,979,-0.0925751049552862,0.0728761024797067,0.0658201037325743,-0.235412265815511,0.050262055904939,1,5,0.00144164681369152,FALSE,281.027070045471,4.76837158203125e-05
289,1000,97,0.0430793850768425,0.0643741717340601,0.0686430709844201,-0.0830939915219153,0.1692527616756,1,1,0.00437331920346602,TRUE,312.595981836319,0.000114202499389648
2938,1000,980,-0.0680945549349538,0.0631920530206422,0.0658443021775632,-0.191950978855412,0.0557618689855049,1,1,0.00994647683944516,TRUE,768.9607899189,0.000143527984619141
2941,1000,981,-0.0846697227561756,0.0641762962145063,0.0635304654582652,-0.210455263336608,0.0411158178242568,1,1,0.00613763203414001,TRUE,493.704839706421,0.000298023223876953
2944,1000,982,-0.0354407013093623,0.0732013693389815,0.0686990382931518,-0.178915385213766,0.108033982595041,1,17,0.000121075399141823,FALSE,405.928735971451,3.814697265625e-05
2947,1000,983,0.0596149112647731,0.0656296164929642,0.0658355057753841,-0.0690191370614367,0.188248959590983,1,1,0.0127694241737519,TRUE,497.806875228882,7.74860382080078e-05
2950,1000,984,-0.0415718618737859,0.0639864181677273,0.0647838896114338,-0.166985241482531,0.0838415177349596,1,4,0.000539928830397466,FALSE,353.793977975845,7.62939453125e-05
2953,1000,985,0.0889526333113442,0.0836384303516282,0.070205371556838,-0.0749786901778471,0.252883956800535,1,19,0.00519131229596188,FALSE,528.472337245941,0.000120878219604492
2956,1000,986,-0.0591949704806495,0.0662785184577366,0.0654196174897907,-0.189100866657813,0.0707109256965143,1,12,0.000961164869630124,FALSE,346.36237859726,0.000152349472045898
2959,1000,987,0.0757910591715251,0.0644260264889043,0.0665617566744762,-0.0504839527467273,0.202066071089777,1,7,0.000284281173014331,FALSE,573.781593561172,9.22679901123047e-05
2962,1000,988,-0.0569231445126084,0.0681374646497175,0.0666492189709086,-0.190472575226055,0.0766262862008379,1,1,0.00786604990857307,TRUE,502.899635791779,0.000136375427246094
2965,1000,989,0.0678474246897999,0.0660234453177748,0.0648537659089927,-0.0615585281330387,0.197253377512638,1,15,0.000640310689742129,FALSE,343.762489318848,8.96453857421875e-05
292,1000,98,-0.00171209930720784,0.0678785561999267,0.0652485989501184,-0.134754069459064,0.131329870844648,1,14,0.000229811246070058,FALSE,485.019340753555,0.000169754028320312
2968,1000,990,-0.0233724584820719,0.0656120132920566,0.067677681565417,-0.151972004534503,0.105227087570359,1,1,0.00281335778529805,TRUE,493.032531261444,0.000139236450195312
2971,1000,991,0.105955438235763,0.0668393723621008,0.0701629704894045,-0.0250497315939548,0.23696060806548,1,20,0.00993907844205419,TRUE,374.156400442123,6.38961791992188e-05
2974,1000,992,-0.0549751143728812,0.0709359832497,0.0665531151605211,-0.194009641542293,0.0840594127965308,1,14,0.00536103460512877,FALSE,430.841804027557,5.43594360351562e-05
2977,1000,993,0.0600346915225924,0.0816252954743224,0.0680461442531128,-0.0999508876070795,0.220020270652264,1,20,0.00325411816185676,TRUE,553.04820227623,0.000255823135375977
2980,1000,994,0.0744176110885324,0.0688847431592219,0.0674476342384658,-0.0605964855035425,0.209431707680607,1,16,0.000760344126253717,FALSE,564.808398485184,0.000116586685180664
2983,1000,995,-0.0355654370896135,0.064323741892524,0.0659113112578146,-0.16163997119896,0.0905090970197335,1,5,9.89435059913232e-05,FALSE,338.073009729385,5.98430633544922e-05
2986,1000,996,-0.00504125787820353,0.0641777713111203,0.0650149555319748,-0.130829689647999,0.120747173891592,1,1,0.0146565750612434,TRUE,296.730950593948,9.48905944824219e-05
2989,1000,997,0.0365371981814038,0.0638511192916985,0.0638400364531574,-0.0886109956303253,0.161685391993133,1,1,0.0302416220704128,TRUE,437.185257434845,0.000143289566040039
2992,1000,998,0.0183460876025805,0.0692818713456371,0.0682926065266723,-0.117446380234868,0.154138555440029,1,1,0.00965771773644375,TRUE,372.717774868011,8.46385955810547e-05
2995,1000,999,-0.0850659695736272,0.0692572787395158,0.0701633972504985,-0.220810235903078,0.0506782967558237,1,11,0.00715405722815803,FALSE,537.228981733322,7.51018524169922e-05
295,1000,99,0.0873991250200032,0.0671914267021588,0.0682047284545791,-0.0442960713162281,0.219094321356235,1,11,0.000182378564391002,FALSE,506.463571071625,6.93798065185547e-05
25,1000,9,-0.049049282682242,0.0652562758950139,0.0653706729911522,-0.176951583436469,0.0788530180719854,1,1,0.000585617835268106,TRUE,704.003530025482,0.000121831893920898
2999,2000,1000,-0.039262902993823,0.0453872946310213,0.0482522691421784,-0.128222000470625,0.0496961944829788,1,2,0.000413037775068148,FALSE,540.557849645615,0.000118494033813477
3002,2000,1001,-0.00438247315626605,0.0479480201343333,0.0481223043532897,-0.0983605926195594,0.0895956463070273,1,1,0.013064340495098,TRUE,1091.83414316177,0.000132560729980469
3005,2000,1002,-0.0128092900645427,0.0472332561614745,0.0504700804104255,-0.105386472141033,0.0797678920119474,1,1,0.00248547236660948,TRUE,895.485726833344,7.31945037841797e-05
3008,2000,1003,-0.0219991534474496,0.0499987238136404,0.0490684109075315,-0.119996652122185,0.0759983452272855,1,13,0.000657038701664727,FALSE,658.501849889755,0.000129461288452148
3011,2000,1004,0.040386939348581,0.0463252921417909,0.0468132592186153,-0.0504106332493292,0.131184511946491,1,1,0.00743905493313266,TRUE,1482.38039827347,0.000161409378051758
3014,2000,1005,0.017287922971548,0.0503348968818555,0.0486575185545813,-0.0813684749168888,0.115944320859985,1,11,0.000311650533712118,FALSE,968.170357942581,0.000131130218505859
3017,2000,1006,0.0481796701922003,0.047563970317692,0.0472512104885573,-0.0450457116304761,0.141405052014877,1,10,0.00024569447804701,FALSE,765.942074537277,0.000131368637084961
3020,2000,1007,0.0151781146124865,0.0474652013126648,0.047053667523315,-0.0778536799603365,0.10820990918531,1,16,0.000239473537980773,FALSE,982.449271440506,0.000170230865478516
3023,2000,1008,0.0221775074393562,0.0470271638161228,0.04796658808705,-0.0699957336402445,0.114350748518957,1,13,0.000137134242454201,FALSE,1207.4955124855,0.000120639801025391
3026,2000,1009,0.0270072292889247,0.047987581783713,0.0483815381208079,-0.0670484310071527,0.121062889585002,1,1,0.00318219235368667,TRUE,652.169015169144,0.000120878219604492
299,2000,100,0.05301351399374,0.046620909554856,0.0482467475171059,-0.0383634687337778,0.144390496721258,1,4,5.86588813641446e-05,FALSE,633.070634126663,9.70363616943359e-05
3029,2000,1010,-0.0734963688214346,0.0481079848439999,0.0460710068332719,-0.167788019115674,0.0207952814728052,1,17,0.000303176387118928,FALSE,955.315597295761,0.000117778778076172
3032,2000,1011,-0.0410499697753712,0.0487407303659632,0.0470437281228876,-0.136581801292659,0.0544818617419166,1,17,0.000234106458474057,FALSE,814.926480054855,0.00018763542175293
3035,2000,1012,0.0514734120147935,0.0454612715530864,0.047386616423235,-0.0376306802292558,0.140577504258843,1,1,0.00154880124421821,TRUE,1237.53812265396,0.000122308731079102
3038,2000,1013,0.0206363559089288,0.0480074085758772,0.0484343511261875,-0.0734581648997906,0.114730876717648,1,14,8.85976859300681e-05,FALSE,753.913140535355,5.74588775634766e-05
3041,2000,1014,-0.0807192864961619,0.0486207861436213,0.0488197069317461,-0.17601602733766,0.0145774543453358,1,12,0.000352030862869415,FALSE,1118.39310979843,0.000120639801025391
3044,2000,1015,0.11804677545603,0.0478668110367051,0.0469024758746481,0.0242278258240877,0.211865725087971,0,20,0.00374098036055027,TRUE,1115.03370332718,0.000120878219604492
3047,2000,1016,0.0481605552220319,0.0492120273058124,0.0492967819571687,-0.0482950182973604,0.144616128741424,1,8,4.28627570498795e-05,FALSE,1083.35545635223,0.000127553939819336
3050,2000,1017,0.00299423087501838,0.0486077967742333,0.0487352140339502,-0.092277050802479,0.0982655125525157,1,13,0.000151139007902218,FALSE,1796.35808825493,0.000262260437011719
3053,2000,1018,-0.00335893353688999,0.0483205563874247,0.0472971122761342,-0.0980672240562424,0.0913493569824624,1,13,2.65242143792327e-05,FALSE,1142.64794206619,0.000103235244750977
3056,2000,1019,-0.0621656302627744,0.0484776689525654,0.049045055111043,-0.157181861409803,0.0328506008842537,1,5,0.000485960286214739,FALSE,719.50462436676,0.000236988067626953
302,2000,101,-0.0872205014794047,0.0477264513804996,0.0484464845776762,-0.180764346185184,0.00632334322637441,1,1,0.00505445920081111,TRUE,1749.26736164093,0.000270843505859375
3059,2000,1020,0.0775501976737264,0.0525459394683649,0.0493872802854665,-0.0254398436842687,0.180540239031722,1,18,0.0013851656687121,FALSE,1331.90134572983,0.000354290008544922
3062,2000,1021,-0.0148828540525767,0.0458783420614157,0.0479190876931077,-0.104804404492951,0.075038696387798,1,1,0.00422469423095341,TRUE,1245.69459629059,0.000120878219604492
3065,2000,1022,-0.0241634561883197,0.0454053739622773,0.0462341811772472,-0.113157989154383,0.0648310767777439,1,1,0.000424384967377284,TRUE,1219.40059995651,0.000151395797729492
3068,2000,1023,0.0148508118252594,0.0471943606478619,0.0466578947393959,-0.07765013504455,0.107351758695069,1,8,0.000255127609611552,FALSE,824.718924999237,0.000250101089477539
3071,2000,1024,0.0170786079136082,0.052941200866869,0.0473819432224176,-0.0866861457854552,0.120843361612671,1,20,0.0103522473367576,TRUE,659.53422665596,0.000133752822875977
3074,2000,1025,-0.0188467979093153,0.0472336920143454,0.0468722669871686,-0.111424834257432,0.0737312384388016,1,1,0.00154761342360944,TRUE,716.154214859009,6.62803649902344e-05
3077,2000,1026,-0.0171033662360198,0.0484934918753071,0.0489615262391731,-0.112150610311622,0.077943877839582,1,1,0.00317742909991485,TRUE,1059.13229584694,0.000142335891723633
3080,2000,1027,0.0537288328009783,0.0468825499997019,0.0484655544380654,-0.0381609651984375,0.145618630800394,1,3,0.000420940813067055,FALSE,954.847140789032,0.000118017196655273
3083,2000,1028,-0.00801034031471026,0.0510283178317625,0.0472420378375906,-0.108025843264965,0.0920051626355442,1,20,0.00474945773624553,TRUE,1456.60886383057,0.000105857849121094
3086,2000,1029,-0.00982976891995857,0.046227140630692,0.0485869853026678,-0.100434964556115,0.0807754267161978,1,1,0.00218070259206405,TRUE,884.570368766785,0.000226020812988281
305,2000,102,-0.0290781668085806,0.049575303013462,0.0469868895445225,-0.126245760714966,0.0680894270978049,1,20,0.000659072782376904,TRUE,755.739692211151,0.000163793563842773
3089,2000,1030,0.0484203408429059,0.0462879223055137,0.0475171590952798,-0.0423039868759009,0.139144668561713,1,1,0.00955686677476801,TRUE,1330.32647156715,0.000123262405395508
3092,2000,1031,0.0271142404156988,0.0460955132792309,0.0474364241335264,-0.0632329656115939,0.117461446442991,1,1,0.0038072274541619,TRUE,1119.5722682476,0.000123262405395508
3095,2000,1032,0.00563974410673374,0.0521335538518827,0.0476977265286954,-0.0965420214429563,0.107821509656424,1,13,0.000404387406684376,FALSE,833.818830490112,0.000151872634887695
3098,2000,1033,-0.0440412463707868,0.0505112950739645,0.0484803369674197,-0.143043384715757,0.0549608919741836,1,18,0.000121260256045577,FALSE,1122.11966228485,0.000131368637084961
3101,2000,1034,-0.0163543829154794,0.0480706242666169,0.049141822628878,-0.110572806478049,0.0778640406470897,1,1,0.00733418276098082,TRUE,881.507900714874,0.000107288360595703
3104,2000,1035,-5.49845219022238e-06,0.0460656261281139,0.0462866925399792,-0.0902941256632936,0.0902831287589131,1,16,0.00243754506453358,FALSE,742.467329025269,0.000107288360595703
3107,2000,1036,-0.0752971344176419,0.0458466224820975,0.0461510378734874,-0.165156514482553,0.0145622456472693,1,1,0.000567213728042477,TRUE,773.246483325958,0.000139713287353516
3110,2000,1037,-0.0690587598173235,0.0493764109731062,0.047774560545801,-0.165836525324612,0.0277190056899646,1,20,6.66408773609778e-05,TRUE,733.877318382263,0.000116586685180664
3113,2000,1038,-0.00480295493856664,0.0481470539493988,0.0481244851521672,-0.0991711806793883,0.089565270802255,1,12,0.000277039101863065,FALSE,849.858119487762,0.000102519989013672
3116,2000,1039,-0.0110391882349052,0.0454450014608334,0.0482757605838255,-0.100111391098139,0.0780330146283282,1,3,1.07906780796702e-05,FALSE,829.912306308746,9.22679901123047e-05
308,2000,103,-0.00873404364234021,0.0510286622738469,0.0484748465350476,-0.10875022169908,0.0912821344143996,1,13,0.000277787885103258,FALSE,851.692043781281,0.000118255615234375
3119,2000,1040,-0.0639592958120576,0.0473951096478783,0.0496021660604576,-0.156853710721899,0.0289351190977839,1,6,0.000259547534600264,FALSE,1521.44499564171,9.63211059570312e-05
3122,2000,1041,-0.00191531770434894,0.0508194797243324,0.048555053555948,-0.10152149796404,0.0976908625553426,1,12,0.000318821857528363,FALSE,668.030245065689,0.000119447708129883
3125,2000,1042,0.01788258861601,0.0496267276540665,0.0466140700708555,-0.0793857975859603,0.11515097481798,1,20,0.0021720920108377,TRUE,1201.16335105896,0.000270605087280273
3128,2000,1043,0.0901095782045841,0.0485321455251758,0.0478269717717214,-0.00501342702476049,0.185232583433929,1,10,0.000137096600113056,FALSE,661.040932178497,0.000143051147460938
3131,2000,1044,0.0634088255275952,0.0454625034811727,0.0465439363127008,-0.0256976812955032,0.152515332350694,1,1,0.00643706755138054,TRUE,1713.36422991753,0.00020599365234375
3134,2000,1045,0.000582343798835039,0.045807509205029,0.0458423952143134,-0.0892003742430218,0.0903650618406918,1,11,0.000413341456893246,FALSE,1715.64675021172,0.000201940536499023
3137,2000,1046,0.124647190130897,0.0465000018238115,0.048031586722053,0.0335071865562269,0.215787193705568,0,3,0.000234563415103489,FALSE,611.086821079254,0.000113725662231445
3140,2000,1047,-0.0282782641294088,0.045229227860024,0.0469258709818409,-0.116927550735056,0.0603710224762381,1,1,0.00849652556816613,TRUE,1048.67709779739,8.55922698974609e-05
3143,2000,1048,0.0430654571192938,0.0473939729807248,0.0482218431987094,-0.0498267299229267,0.135957644161514,1,4,0.000266889529754201,FALSE,1268.72309017181,0.000151157379150391
3146,2000,1049,-0.0633312948442057,0.0457723321296345,0.0474129626228919,-0.153045065818289,0.0263824761298779,1,3,0.0142172133514704,FALSE,1114.17488241196,7.31945037841797e-05
311,2000,104,-0.0215788707881628,0.0471479239055984,0.0479756079471929,-0.113988801643136,0.0708310600668101,1,1,0.0048765087126183,TRUE,1239.59450793266,0.00016021728515625
3149,2000,1050,-0.0973428910423313,0.0467979155124572,0.0481110801937001,-0.189066805446747,-0.00561897663791511,0,1,0.000833455123765387,TRUE,673.709815502167,0.00012660026550293
3152,2000,1051,0.106858864839553,0.0463410183528355,0.0474190684767732,0.0160304688679956,0.197687260811111,0,8,6.93684478707224e-05,FALSE,1349.28120732307,0.000141382217407227
3155,2000,1052,-0.0158471160726908,0.0471897817150773,0.0471877063447438,-0.108339088234242,0.0766448560888607,1,1,0.0088618162943705,TRUE,764.196013689041,0.000243425369262695
3158,2000,1053,0.0833057864287021,0.0490771635703891,0.0496088703400891,-0.0128854541692605,0.179497027026665,1,1,0.0031372226590943,TRUE,1419.69799399376,8.46385955810547e-05
3161,2000,1054,-0.103794671206894,0.0494489853786734,0.0478102964343468,-0.200714682549094,-0.0068746598646944,0,20,0.00941728477192648,TRUE,657.145815134048,0.000127315521240234
3164,2000,1055,0.00136806885821428,0.0473588773042729,0.0472073791817364,-0.0914553306581607,0.0941914683745892,1,5,7.5515865543486e-05,FALSE,709.544293880463,7.55786895751953e-05
3167,2000,1056,0.0540124858294606,0.0468296209130049,0.0480230492478617,-0.037773571160029,0.14579854281895,1,1,0.000659974745953141,TRUE,1506.29691529274,0.000122547149658203
3170,2000,1057,0.00599880317756107,0.0457707072820471,0.0471444267310902,-0.0837117830952512,0.0957093894503734,1,5,0.000717808008417611,FALSE,695.157954216003,0.000121355056762695
3173,2000,1058,0.0830021125474074,0.0486650454886615,0.0465262621304151,-0.0123813766103691,0.178385601705184,1,1,0.00404616629375016,TRUE,709.515941381454,0.000133991241455078
3176,2000,1059,-0.0211431578875035,0.047203436830627,0.0489575105013534,-0.113661894075532,0.0713755783005254,1,1,0.00504036763202754,TRUE,1093.49467301369,0.000135898590087891
314,2000,105,-0.0538301302753958,0.0481660488705212,0.0479186930194536,-0.148235586061617,0.0405753255108257,1,15,0.000196652437119368,FALSE,725.779200077057,0.000103473663330078
3179,2000,1060,0.00634658850602365,0.0454574459669044,0.0474192692053483,-0.082750005589109,0.0954431826011563,1,1,0.00719835385986689,TRUE,1204.29053425789,0.000131130218505859
3182,2000,1061,-0.0274739238912809,0.0459449060941729,0.0470115318804226,-0.11752593983586,0.0625780920532979,1,1,0.0062762378103881,TRUE,639.798928499222,0.000114202499389648
3185,2000,1062,0.0770854568411755,0.0479519131947145,0.0478974310933015,-0.0169002930204649,0.171071206702816,1,12,0.00024929651286278,FALSE,1289.33496785164,0.000105857849121094
3188,2000,1063,0.0297367128177084,0.0479390468113161,0.0485003567279909,-0.0642238189324711,0.123697244567888,1,14,0.000434025333805229,FALSE,682.098143100739,8.7738037109375e-05
3191,2000,1064,0.0230938763448749,0.0446084644826757,0.0479479677155637,-0.0643387140411695,0.110526466730919,1,1,0.000852873888230815,TRUE,845.900045633316,0.000104665756225586
3194,2000,1065,-0.0135828735466211,0.0485785356872452,0.0466752314433786,-0.108796803493622,0.0816310564003794,1,20,0.000797059473199728,TRUE,722.113925933838,0.000177383422851562
3197,2000,1066,0.027765959632555,0.0467570879731357,0.048880471376446,-0.063877932794791,0.119409852059901,1,1,0.00161516158722945,TRUE,1142.76143336296,0.00027775764465332
3200,2000,1067,0.00827905181631261,0.0457456458547777,0.0477766365688063,-0.0813824140590517,0.0979405176916769,1,1,0.00059793563994162,TRUE,990.336167573929,6.58035278320312e-05
3203,2000,1068,0.0648176178937471,0.0462980818276433,0.0484642490601596,-0.0259266224884337,0.155561858275928,1,1,0.000221057642720712,TRUE,945.444401025772,0.0001068115234375
3206,2000,1069,0.00235875722756562,0.0490401062070168,0.0491681948234265,-0.0937598509381873,0.0984773653933185,1,1,4.34323539978467e-05,TRUE,866.797761678696,0.000108718872070312
317,2000,106,-0.0459555100727318,0.048362170565163,0.0486931477895021,-0.140745364380451,0.0488343442349876,1,9,0.000186273178256321,FALSE,1347.08632731438,9.22679901123047e-05
3209,2000,1070,0.0125724232480742,0.047196737839288,0.0477994646439373,-0.0799331829169303,0.105078029413079,1,1,0.00106663669009338,TRUE,1715.7643892765,0.000276803970336914
3212,2000,1071,-0.0651201918306888,0.0481655177772226,0.0482015564114794,-0.159524606674045,0.0292842230126675,1,7,0.000726485093428232,FALSE,604.422592878342,0.00013279914855957
3215,2000,1072,0.0126441957657113,0.0503679204144366,0.0474819657084775,-0.0860769282465845,0.111365319778007,1,20,0.00484522780152946,TRUE,1157.73603844643,0.000135421752929688
3218,2000,1073,-0.00971751713074531,0.0483539141760872,0.0490667149063731,-0.104491188915876,0.0850561546543856,1,17,1.2574974892347e-05,FALSE,1303.04924178123,0.0001220703125
3221,2000,1074,-0.0157355098955578,0.044691525441472,0.0465803955161786,-0.103330899760843,0.0718598799697273,1,1,0.00523031791905413,TRUE,565.186416149139,0.000134944915771484
3224,2000,1075,-0.0308062635434254,0.0483651552603237,0.0481112766530634,-0.12560196785366,0.0639894407668091,1,13,0.000225325150671889,FALSE,738.438749074936,0.000251054763793945
3227,2000,1076,0.0365996667120138,0.0464494432702148,0.0470969029776675,-0.0544412420976072,0.127640575521635,1,13,0.000601631386670613,FALSE,667.894574642181,0.000157833099365234
3230,2000,1077,0.0234142343949357,0.0467118871057737,0.047648802891078,-0.0681410643323808,0.114969533122252,1,1,0.00137330541807228,TRUE,1082.449467659,0.000164031982421875
3233,2000,1078,0.0375299741456547,0.0485423113862716,0.049549795378428,-0.0576129561714376,0.132672904462747,1,4,0.000464491338783157,FALSE,1189.60983133316,0.000181674957275391
3236,2000,1079,-0.00962267595811284,0.0463420177592206,0.0460025373250641,-0.100453030766185,0.0812076788499595,1,1,0.00439921339390586,TRUE,700.416553497314,0.000223636627197266
320,2000,107,0.129395156880393,0.0475326716960236,0.0475082746941232,0.036231120356187,0.2225591934046,0,20,0.00161599778273443,TRUE,678.794945240021,0.0001220703125
3239,2000,1080,-0.0765990690316194,0.0465090921969329,0.0460373073220524,-0.167756889737608,0.0145587516743691,1,1,0.00483161237785351,TRUE,1004.79404330254,7.62939453125e-05
3242,2000,1081,0.0647686505330478,0.0505608918168217,0.0487155466203046,-0.0343306974279228,0.163867998494018,1,20,0.00165603768175269,TRUE,1168.90530586243,0.000142812728881836
3245,2000,1082,0.0768587334905255,0.0452834765410557,0.0464052306040647,-0.0118968805299436,0.165614347510995,1,3,3.75848194029786e-05,FALSE,850.852359056473,7.48634338378906e-05
3248,2000,1083,0.0627494899938507,0.0470624424405279,0.0472719596446059,-0.029492897189584,0.154991877177285,1,1,0.00884662080438511,TRUE,1070.32274103165,0.000178813934326172
3251,2000,1084,-0.0471182890411854,0.0475296559151635,0.0473871090861285,-0.140276414634906,0.0460398365525351,1,12,4.09603957619673e-06,FALSE,531.743510961533,0.000115633010864258
3254,2000,1085,0.0454886874237808,0.0457635680021814,0.0469759084423656,-0.0442079058604948,0.135185280708056,1,3,0.000367835506453309,FALSE,600.085708141327,0.000141620635986328
3257,2000,1086,0.0639643627227311,0.0464734278459879,0.0473107588162415,-0.0271235558554052,0.155052281300867,1,1,0.00635382366695338,TRUE,691.745599746704,0.000197410583496094
3260,2000,1087,0.0307226705883559,0.049788706116439,0.0488408384400285,-0.0668631933998646,0.128308534576576,1,12,0.00141491381211397,FALSE,1157.57300448418,0.00013279914855957
3263,2000,1088,0.0415822472255292,0.0476251887385342,0.0511646996050426,-0.051763122701998,0.134927617153056,1,5,6.04111870726592e-05,FALSE,2077.92583179474,0.000110149383544922
3266,2000,1089,0.0111546336030355,0.0467513934166684,0.0480837991828761,-0.0804780974936345,0.102787364699706,1,1,0.00533350196220765,TRUE,579.468110322952,7.62939453125e-05
323,2000,108,-0.0143927149968316,0.048183067425785,0.0477161932909332,-0.10883152715137,0.0800460971577069,1,2,0.000130399114895744,FALSE,723.827097177505,0.000123023986816406
3269,2000,1090,0.0530715991305788,0.0472674676412347,0.0482421652075954,-0.0395726374462412,0.145715835707399,1,1,0.000399521635749562,TRUE,999.203924417496,8.91685485839844e-05
3272,2000,1091,-0.110686354893184,0.0491080417667168,0.0479264569229678,-0.206938116755949,-0.0144345930304195,0,20,0.000750338018268979,TRUE,1212.7594935894,0.000168085098266602
3275,2000,1092,-0.0225406204785606,0.0458306359513851,0.0477872466823271,-0.112368666943275,0.0672874259861541,1,1,0.00353761375839749,TRUE,1129.08623433113,0.0001220703125
3278,2000,1093,-0.0207446731182809,0.0481474761173734,0.0486505273592662,-0.115113726308333,0.0736243800717709,1,12,0.000320720379917675,FALSE,617.885010957718,0.000167131423950195
3281,2000,1094,0.0452682397880979,0.0473975321698343,0.0474135716191501,-0.0476309232647773,0.138167402840973,1,1,0.00230673375807361,TRUE,1180.5695772171,0.000123500823974609
3284,2000,1095,-0.00826835825244432,0.0475954829845029,0.0475593169355042,-0.10155550490207,0.0850187883971814,1,8,0.000331046041653371,FALSE,1084.17333936691,0.000105142593383789
3287,2000,1096,-0.0290412744819903,0.0468347641299451,0.0489154938814304,-0.120837412176683,0.062754863212702,1,3,0.000292054292458202,FALSE,1254.94862556458,0.000126361846923828
3290,2000,1097,0.0615058670387013,0.0486732698876021,0.0466923002322942,-0.0338937419409988,0.156905476018401,1,14,9.22463011176549e-05,FALSE,997.260776281357,0.000107526779174805
3293,2000,1098,0.0203274015102116,0.0463080678074171,0.047637626579281,-0.070436411392326,0.111091214412749,1,3,0.000522956211035451,FALSE,692.873150348663,0.000115156173706055
3296,2000,1099,-0.0501961505771548,0.0489689782171844,0.0471361677327837,-0.146175347882836,0.0457830467285266,1,17,0.00047369753800113,FALSE,1271.82058858871,0.000178813934326172
326,2000,109,0.0279636712289867,0.0468164955933901,0.0468396456406926,-0.0637966601340579,0.119724002592031,1,1,0.000742788627851805,TRUE,667.000935792923,0.000215291976928711
29,2000,10,0.0556264888081957,0.0506310696941402,0.0470068072918371,-0.0436104077923191,0.15486338540871,1,20,0.00849884016650865,TRUE,1122.55081987381,0.000509738922119141
3299,2000,1100,-0.00484759201274876,0.0459772963324013,0.045548716221696,-0.0949630928242552,0.0852679087987577,1,1,0.0126337604620849,TRUE,1113.65942692757,0.000152111053466797
329,2000,110,0.0898176095384805,0.0492267287860967,0.0494150374069955,-0.00666677888226895,0.18630199795923,1,9,0.000616247180472225,FALSE,778.979779720306,0.000103950500488281
332,2000,111,0.0240462371626987,0.0453877389446676,0.0457273981081167,-0.0649137311688498,0.113006205494247,1,1,9.46540402269651e-05,TRUE,954.820416688919,0.000262022018432617
335,2000,112,0.0365959575624846,0.0461426677523259,0.0456896292830993,-0.0538436712320741,0.127035586357043,1,13,0.00023263551438346,FALSE,673.05748295784,0.000117301940917969
338,2000,113,0.0347702443392431,0.0442370179852388,0.0466006278970773,-0.0519343109118248,0.121474799590311,1,5,0.000411423864538425,FALSE,1457.43221902847,0.000166416168212891
341,2000,114,0.0333175438985402,0.0454436951154529,0.0459891646175523,-0.0557520985277474,0.122387186324828,1,4,2.96736577019286e-05,FALSE,651.278881549835,0.000158548355102539
344,2000,115,0.0429327284530172,0.0473764709353497,0.0478370143989743,-0.0499251545802681,0.135790611486303,1,6,0.000107471198028437,FALSE,737.211517810822,0.000133752822875977
347,2000,116,-0.00679876185716921,0.0480509939543875,0.0460866143835073,-0.100978710007769,0.0873811862934303,1,20,0.00524089833873637,TRUE,1606.46669435501,0.000107288360595703
350,2000,117,0.0707737682181139,0.0462471703582904,0.0467266935033984,-0.0198706856841354,0.161418222120363,1,8,7.00236083182926e-05,FALSE,747.024405002594,9.58442687988281e-05
353,2000,118,0.023023735226648,0.0455809407816486,0.0466238593915963,-0.0663149087053832,0.112362379158679,1,1,0.00817478944185671,TRUE,2097.07930755615,0.000111818313598633
356,2000,119,0.0395945848575734,0.0509012034681089,0.0476383263621554,-0.0601717739399201,0.139360943655067,1,12,0.000123323372923525,FALSE,894.148868083954,0.000104427337646484
32,2000,11,0.0605102862484336,0.050061313713872,0.046845278509683,-0.0376098886307555,0.158630461127623,1,15,0.00014395938963893,FALSE,749.67440533638,0.000140190124511719
359,2000,120,0.0669693733255083,0.0511439956258518,0.0477836903737276,-0.0332728581011612,0.167211604752178,1,20,0.00606980165521932,TRUE,1221.81147027016,0.000115156173706055
362,2000,121,-0.0898888617801804,0.0468739202172724,0.0477992214222497,-0.181761745406034,0.00198402184567352,1,9,0.00036392417908912,FALSE,1003.86560344696,0.000112295150756836
365,2000,122,-0.0103067070999179,0.0506191903790585,0.0489230810967714,-0.109520320242873,0.0889069060430368,1,12,0.000281703355195338,FALSE,1490.60817956924,0.000129461288452148
368,2000,123,-0.0426613876679603,0.04982496613887,0.0484480054816546,-0.140318321300146,0.0549955459642249,1,20,0.00794283720206542,TRUE,964.584586143494,0.000130176544189453
371,2000,124,0.104674392723427,0.0476144625667393,0.047079679418794,0.0113500460926186,0.197998739354236,0,12,0.000354025369795072,FALSE,971.149168014526,0.000116109848022461
374,2000,125,0.0674404013842596,0.0479222699595349,0.0464575318897449,-0.0264872477364288,0.161368050504948,1,15,0.00552100657018942,FALSE,718.366881132126,7.96318054199219e-05
377,2000,126,0.02462817610546,0.0486440569098605,0.0460886869970803,-0.0707141754378665,0.119970527648786,1,19,1.66708911662823e-05,FALSE,1198.32471370697,9.17911529541016e-05
380,2000,127,0.0169498606924576,0.047773532498546,0.0495064436395715,-0.0766862630046926,0.110585984389608,1,1,0.00739852170660146,TRUE,676.739294528961,0.000172138214111328
383,2000,128,0.0958464773812169,0.0448319003757851,0.0464106375109737,0.00797595264467812,0.183717002117756,0,1,0.00422908711868794,TRUE,1825.23531150818,0.000198125839233398
386,2000,129,0.0137255183275047,0.0474845365149657,0.0487305961630077,-0.079344173241828,0.106795209896837,1,3,0.000146700944034061,FALSE,1088.57523274422,0.000151634216308594
35,2000,12,-0.00162703557498844,0.0465122838577195,0.047779194156139,-0.0927911119361187,0.0895370407861418,1,6,0.00374958186968012,FALSE,790.750593900681,0.000121116638183594
389,2000,130,0.0450576759808864,0.0477560513370354,0.0482398261408381,-0.048544184639703,0.138659536601476,1,18,0.000484657072851826,FALSE,934.929950714111,0.000102519989013672
392,2000,131,0.0709883338896669,0.0462357204112551,0.0484006434395326,-0.0196336781163932,0.161610345895727,1,1,0.00471774154318579,TRUE,869.994806528091,0.000103235244750977
395,2000,132,-0.016570898684566,0.0458809032927531,0.0467665407644955,-0.106497469138362,0.07335567176923,1,12,5.44103081676648e-05,FALSE,919.86537528038,0.000104904174804688
398,2000,133,0.119860901169801,0.0474104370448613,0.0485500467726398,0.0269364445618726,0.212785357777729,0,14,1.34511069494387e-05,FALSE,999.372040510178,0.000196695327758789
401,2000,134,-0.05693561928456,0.0484056789258737,0.0480762466696441,-0.151810749979272,0.0379395114101524,1,4,0.000298271608550037,FALSE,966.036996603012,0.000276088714599609
404,2000,135,0.0550615644063872,0.0479754754674276,0.0480271747250173,-0.0389703675097708,0.149093496322545,1,12,0.000146719560152714,FALSE,942.076295375824,0.000131607055664062
407,2000,136,0.0620437987652999,0.0470268961425472,0.0458994783933746,-0.0301289176740927,0.154216515204692,1,10,7.36167445343001e-05,FALSE,824.706271648407,0.000105619430541992
410,2000,137,-0.0385278272836915,0.0474849782502253,0.0470836958283106,-0.131598384654133,0.05454273008675,1,20,0.00662374713515278,TRUE,839.34255695343,5.93662261962891e-05
413,2000,138,0.0503633909082839,0.0499004138656482,0.047310772637959,-0.0474414202683866,0.148168202084954,1,20,0.000101678904772055,TRUE,693.024356603622,0.0261714458465576
416,2000,139,-0.0469727669508704,0.0470211501270061,0.0459608912969557,-0.139134221199802,0.0451886872980616,1,7,9.23398261445989e-05,FALSE,892.121911525726,6.29425048828125e-05
38,2000,13,0.0308864100917473,0.0477909971762418,0.0493659170708802,-0.0627839443736867,0.124556764557181,1,1,0.00426635800244904,TRUE,671.115773439407,0.00014042854309082
419,2000,140,0.0110671111618471,0.0481232355472325,0.0473564059099857,-0.0832544305107286,0.105388652834423,1,20,0.00552194717933061,TRUE,1728.6279489994,0.000116586685180664
422,2000,141,-0.0224038199888099,0.0464605901139989,0.0474966353766623,-0.113466576612248,0.0686589366346278,1,5,1.48489311994703e-05,FALSE,1042.97528290749,0.000131607055664062
425,2000,142,0.00497821135630327,0.046934355698426,0.0472469609476402,-0.0870131258126117,0.0969695485252182,1,6,0.000156103976639481,FALSE,1022.66567778587,0.000116109848022461
428,2000,143,0.00310357185120025,0.0450722775930491,0.0453290433748109,-0.0852380922311761,0.0914452359335765,1,1,0.00206437965132534,TRUE,1014.62422037125,0.000154018402099609
431,2000,144,0.00764728075061472,0.0478405129409743,0.0486128599544686,-0.0861201246136948,0.101414686114924,1,6,0.000390960278058479,FALSE,930.758368492126,0.000115156173706055
434,2000,145,0.0431314172732692,0.0480241317322381,0.0481195043971678,-0.0509958809219174,0.137258715468456,1,1,0.0100780945708389,TRUE,2068.50598597527,0.000105142593383789
437,2000,146,0.0504514957667853,0.0447523183526934,0.0458528998647118,-0.0372630482044938,0.138166039738064,1,5,0.000317088315326327,FALSE,1771.77654194832,0.000213146209716797
440,2000,147,0.0651295326483663,0.0480923171430551,0.0476972671276724,-0.0291314089520217,0.159390474248754,1,9,9.21675833091011e-05,FALSE,815.648525953293,6.46114349365234e-05
443,2000,148,-0.101140814220997,0.0485708400001544,0.0478478504662296,-0.196339660621299,-0.00594196782069406,0,8,0.000478418186962229,FALSE,1020.63661456108,0.00020289421081543
446,2000,149,0.00568688613767765,0.0501202225736485,0.0484737111732774,-0.0925487501066735,0.103922522382029,1,14,0.000250550256130567,FALSE,2159.61864876747,0.000225067138671875
41,2000,14,0.0696559246527301,0.046186071846506,0.0480935662344995,-0.0208687761664218,0.160180625471882,1,1,0.00041540829730542,TRUE,1582.58757066727,0.000117063522338867
449,2000,150,0.0188866208709053,0.0493402377127993,0.0484766468993126,-0.0778202450461813,0.115593486787992,1,15,1.9702162987236e-05,FALSE,2003.86492300034,0.000203847885131836
452,2000,151,0.0779531381616764,0.0457708128710114,0.0481284760843866,-0.011757655065506,0.167663931388859,1,1,3.98429270746705e-06,TRUE,2239.49302816391,0.000219106674194336
455,2000,152,0.0278793379206617,0.0462401770862031,0.0463979853530956,-0.0627514091682964,0.11851008500962,1,1,0.0082636479320906,TRUE,1212.97534942627,0.000251531600952148
458,2000,153,-0.00283324718397204,0.0481700644313634,0.0491954884244211,-0.0972465734694442,0.0915800791015002,1,6,5.10758243203752e-05,FALSE,648.713266611099,9.08374786376953e-05
461,2000,154,-0.0478305176781341,0.0495318920458358,0.0480058873903349,-0.144913026087972,0.0492519907317041,1,14,0.000125666350942595,FALSE,783.51366186142,0.000106334686279297
464,2000,155,0.0704952325802319,0.0491219577025758,0.0503491192263143,-0.0257838045168166,0.16677426967728,1,18,1.19139649751495e-05,FALSE,701.499763250351,7.77244567871094e-05
467,2000,156,0.0468205225679535,0.047244203681314,0.0476015765336807,-0.0457781166474219,0.139419161783329,1,3,1.84247836097913e-05,FALSE,771.459069490433,7.05718994140625e-05
470,2000,157,-0.042574103847129,0.0466005707473013,0.0476994621101389,-0.13391122251184,0.0487630148175816,1,1,0.00532621302142435,TRUE,1170.424680233,8.55922698974609e-05
473,2000,158,-0.0493845152085692,0.0461254584333165,0.04777682294392,-0.13979041373787,0.0410213833207311,1,9,0.00010205329941626,FALSE,1654.0880484581,8.32080841064453e-05
476,2000,159,-0.0290699296368478,0.0465513384632746,0.0483085460889017,-0.120310553024866,0.0621706937511705,1,2,9.94197113710855e-05,FALSE,700.049774169922,6.69956207275391e-05
44,2000,15,-0.039771352569578,0.0452960752313199,0.047848006027043,-0.128551660022965,0.049008954883809,1,1,0.00167133075519698,TRUE,732.194270133972,0.000144243240356445
479,2000,160,-0.0207253030420915,0.050754818416329,0.0476849537189889,-0.120204747138096,0.0787541410539134,1,18,0.000244740377885084,FALSE,1695.0623524189,0.000124692916870117
482,2000,161,-0.0845680951692287,0.0457998193850209,0.0473888178314559,-0.17433574116387,0.00519955082541233,1,1,0.000287525479027546,TRUE,928.216924667358,0.0001220703125
485,2000,162,0.0151250090039959,0.048690196516729,0.0479487184287766,-0.080307776168793,0.110557794176785,1,16,0.000260445799738457,FALSE,1067.45750379562,0.00012516975402832
488,2000,163,0.0337404785368252,0.0486054814834725,0.0456910583400617,-0.0615262651707809,0.129007222244431,1,19,3.0954565639672e-06,FALSE,1108.75498509407,0.00016331672668457
491,2000,164,0.0704508644802803,0.0490554557053605,0.048322113626825,-0.0256978287022263,0.166599557662787,1,1,0.0211933895294645,TRUE,847.118864536285,0.000121831893920898
494,2000,165,0.00203318716858802,0.0477331540754442,0.0467895186031224,-0.0915237948192826,0.0955901691564587,1,11,0.000468245194285742,FALSE,835.380309104919,0.000103950500488281
497,2000,166,-0.0182452828451194,0.0461031871383583,0.0465239900116924,-0.108607529636302,0.0721169639460628,1,1,0.00551746527540516,TRUE,701.204641580582,0.000238895416259766
500,2000,167,0.0956640702245927,0.045740615419597,0.0476744417508906,0.00601246400218258,0.185315676447003,0,1,0.00565469220154627,TRUE,1220.2959985733,7.12871551513672e-05
503,2000,168,-0.0831755896488069,0.047788810917578,0.0463426551449473,-0.17684165904726,0.010490479749646,1,20,0.0144718202924037,TRUE,1182.99351096153,0.000152349472045898
506,2000,169,-0.0352333588470857,0.0479257647020317,0.0463103793592935,-0.129167857663068,0.0587011399688965,1,20,0.0107354843175362,TRUE,1719.70996999741,0.000217914581298828
47,2000,16,0.0173730979128948,0.0471268543891845,0.0486687914425643,-0.0749955366899069,0.109741732515696,1,1,0.0048824154929619,TRUE,695.216457605362,7.15255737304688e-05
509,2000,170,0.011362337191215,0.0476057221839513,0.0479152318098276,-0.0819448782893295,0.10466955267176,1,1,0.000144090357744065,TRUE,1089.93848276138,0.000124216079711914
512,2000,171,0.0514617036498985,0.0458688493502237,0.0461253551591762,-0.03844124107654,0.141364648376337,1,1,0.0103270131872119,TRUE,725.633195161819,9.56058502197266e-05
515,2000,172,-0.0182484240428858,0.0478828401654197,0.047761720284087,-0.112098790767109,0.0756019426813368,1,10,0.000114585362258956,FALSE,1771.49711942673,0.000209808349609375
518,2000,173,0.012782486633224,0.046702670459515,0.0492172411518194,-0.0787547474674254,0.104319720733873,1,3,8.81398164222506e-05,FALSE,909.728390693665,9.05990600585938e-05
521,2000,174,0.00946211955560006,0.0458297000548082,0.0475131545408589,-0.080364092551824,0.0992883316630241,1,1,0.00253548585469007,TRUE,1421.13526201248,0.000142574310302734
524,2000,175,0.0432217123995987,0.0482787975396342,0.0475944022157482,-0.0514047307780843,0.137848155577282,1,1,0.0112223217851019,TRUE,1871.753708601,0.00024867057800293
527,2000,176,-0.0192965619359133,0.0452531592365614,0.0467412901650937,-0.107992754039574,0.069399630167747,1,1,2.3296919482623e-06,TRUE,949.614887237549,6.41345977783203e-05
530,2000,177,-0.0664693773769607,0.0511348108485155,0.0482228325663524,-0.166693606640051,0.0337548518861297,1,20,0.000900635617011743,TRUE,1206.57858490944,0.000119686126708984
533,2000,178,0.0165257180230185,0.0450352903591385,0.0463658379572429,-0.0717434510808929,0.10479488712693,1,10,0.000350662308785139,FALSE,926.498013019562,0.000181674957275391
536,2000,179,0.00357175521337683,0.0522440664934994,0.048406209937998,-0.098826615113882,0.105970125540636,1,16,4.9485806870089e-06,FALSE,820.855690479279,7.20024108886719e-05
50,2000,17,0.0256847110245833,0.0496060850335298,0.0495821855422315,-0.0715432156411351,0.122912637690302,1,9,0.000168231442874457,FALSE,828.746705055237,0.000113487243652344
539,2000,180,-0.00419697915249695,0.0508066568008036,0.046829283597283,-0.103778026482072,0.0953840681770781,1,20,0.000576486222177953,TRUE,750.0807929039,0.000131607055664062
542,2000,181,-0.00798844409527733,0.046335644043958,0.048048675139143,-0.098806306421435,0.0828294182308804,1,1,0.00136484844534679,TRUE,1344.9321744442,0.000111579895019531
545,2000,182,0.0119650856510072,0.045376617237808,0.0461269747130854,-0.0769730841350965,0.100903255437111,1,1,0.00575960165047623,TRUE,711.693920612335,0.000135183334350586
548,2000,183,-0.00777417070932829,0.0506652209768678,0.0492574964967232,-0.107078003823989,0.0915296624053325,1,20,0.00236748411341403,TRUE,982.297818422318,6.96182250976562e-05
551,2000,184,0.0502296701585518,0.0464866196571825,0.0473656570693139,-0.0408841043695258,0.141343444686629,1,2,0.000274497684725358,FALSE,1174.67251467705,0.000132560729980469
554,2000,185,-0.0258373305204047,0.0507098331614255,0.0479540424594646,-0.125228603516799,0.0735539424759893,1,19,0.00573764828078823,FALSE,1164.43738698959,0.000124931335449219
557,2000,186,0.0376325417498588,0.046216806417334,0.0479420196342247,-0.0529523988281159,0.128217482327833,1,5,0.000228686243601185,FALSE,1092.38212823868,0.000124931335449219
560,2000,187,0.0225745752404419,0.0481334724242289,0.0480202207700309,-0.0717670307110467,0.116916181191931,1,1,0.00669788666378778,TRUE,1238.21606564522,0.000211715698242188
563,2000,188,-0.00322368230510217,0.0481599500421478,0.0484347642110562,-0.0976171843877118,0.0911698197775075,1,15,1.93804115946478e-05,FALSE,1279.28675127029,0.000118017196655273
566,2000,189,0.0308152324055869,0.0473658392022888,0.0465737513665627,-0.0620218124308992,0.123652277242073,1,9,0.000194848514075012,FALSE,1434.71000862122,0.00012660026550293
53,2000,18,0.0619398559458834,0.0473010814000054,0.0484938508680809,-0.0307702635981272,0.154649975489894,1,1,0.0161470624905956,TRUE,1075.61304402351,0.000174522399902344
569,2000,190,0.06700230747045,0.0460877742916026,0.0470195021337767,-0.0233297301410911,0.157334345081991,1,1,0.00689373492918875,TRUE,1067.31054234505,0.000125408172607422
572,2000,191,-0.0954216563409466,0.0473668124652774,0.046331007184024,-0.18826060877289,-0.00258270390900286,0,20,0.000206047079163016,TRUE,797.43156337738,0.000139236450195312
575,2000,192,0.0907296112687248,0.0449693069925771,0.046148762605286,0.0025897695632737,0.178869452974176,0,3,3.12248272087883e-05,FALSE,733.386907100677,0.000159740447998047
578,2000,193,0.0820923437219325,0.0450143005827583,0.047290859245995,-0.00613568542027372,0.170320372864139,1,1,0.00443518078094482,TRUE,843.123027563095,0.000122785568237305
581,2000,194,0.000600212875003336,0.0475071745526262,0.0473477222465265,-0.0925138492481439,0.0937142749981506,1,8,0.0224968713663811,FALSE,839.976356744766,9.34600830078125e-05
584,2000,195,0.00733001317918935,0.0482803754971732,0.0483454130417088,-0.0872995227952702,0.101959549153649,1,17,0.000166109235953857,FALSE,1520.59344506264,9.84668731689453e-05
587,2000,196,0.0318207724974191,0.0453881400659285,0.0466069159115653,-0.0571399820318007,0.120781527026639,1,4,0.000222041195974944,FALSE,1279.61992526054,0.000320911407470703
590,2000,197,0.0121726981682113,0.0470571765847352,0.0488304825723341,-0.0800593679378696,0.104404764274292,1,1,0.0112266684463813,TRUE,1502.62626361847,9.27448272705078e-05
593,2000,198,-0.0666060851984162,0.0478872377353565,0.0475123152060871,-0.160465071159715,0.0272529007628826,1,1,0.00184755511229042,TRUE,823.174303770065,7.55786895751953e-05
596,2000,199,-0.0199537055449297,0.0485593289584107,0.047481955096921,-0.115129990303415,0.0752225792135553,1,20,0.000372707349215354,TRUE,1605.91259741783,9.5367431640625e-05
56,2000,19,0.0252460637658101,0.0450730856308888,0.0449216758247855,-0.063097184070732,0.113589311602352,1,11,0.000273735710832787,FALSE,860.379367351532,9.67979431152344e-05
2,2000,1,-0.062717205260725,0.047895408837805,0.0490510414477498,-0.156592206582823,0.0311577960613728,1,16,0.000647021292345775,FALSE,615.166410446167,0.000148773193359375
599,2000,200,-0.0192539361407819,0.0466808170917182,0.0473087797936309,-0.110748337640549,0.0722404653589857,1,2,2.31825658515446e-05,FALSE,1097.77679777145,0.000150918960571289
602,2000,201,0.132313084920945,0.0479828550657647,0.0476577652024723,0.0382666889920459,0.226359480849844,0,4,2.19287805639058e-05,FALSE,982.634307384491,0.000130891799926758
605,2000,202,0.0314343080128574,0.0465956993122797,0.0478755773501361,-0.0598932626392107,0.122761878664926,1,9,0.000209842503754598,FALSE,1031.88218474388,0.000236034393310547
608,2000,203,0.0369242536742452,0.0461205868915113,0.04675231652753,-0.0534720966331169,0.127320603981607,1,1,0.0015983229576599,TRUE,1898.48768758774,0.000188827514648438
611,2000,204,-0.00460566198205759,0.0483719421463136,0.0476032982498067,-0.0994146685888323,0.0902033446247172,1,16,0.0001791437685334,FALSE,1496.05353116989,7.39097595214844e-05
614,2000,205,0.0500990985888057,0.0466693107883314,0.0491360400458945,-0.0413727505563238,0.141570947733935,1,1,0.00118166716342628,TRUE,1160.89869379997,8.67843627929688e-05
617,2000,206,-0.0182073738345196,0.0485008569538966,0.0489241883733179,-0.113269053464157,0.0768543057951178,1,18,0.000225961395401761,FALSE,1770.60029625893,0.000206947326660156
620,2000,207,0.00151033109178433,0.0479145890999537,0.0493005162858239,-0.092402263544125,0.0954229257276937,1,1,0.00491525316701742,TRUE,1297.0823059082,0.000109672546386719
623,2000,208,0.0494992113773315,0.0504936119903169,0.049385528888284,-0.0494682681236896,0.148466690878353,1,17,0.000139555500514696,FALSE,994.6141269207,0.000159978866577148
626,2000,209,0.0233903869751706,0.0480214605551206,0.049391400198037,-0.0707316757128658,0.117512449663207,1,3,0.00014675563388573,FALSE,1208.63652181625,0.000164031982421875
59,2000,20,0.030653506486884,0.0486019004173435,0.0487160461338597,-0.0646062183311092,0.125913231304877,1,5,8.14495922249191e-06,FALSE,858.819430589676,0.000105857849121094
629,2000,210,-0.133121938787778,0.0474835478495335,0.0473347107058995,-0.226189692572864,-0.040054185002692,0,9,0.000285414097947771,FALSE,1112.2679541111,0.000162601470947266
632,2000,211,-0.0166878468236498,0.0509515786954075,0.0481596610018377,-0.116552941066648,0.0831772474193489,1,20,0.00189027476340067,TRUE,1096.22846651077,8.20159912109375e-05
635,2000,212,-0.0259721148359389,0.0478211153586389,0.0459780373053174,-0.119701500938871,0.0677572712669933,1,12,0.0132004097534201,FALSE,1107.33558082581,0.000105142593383789
638,2000,213,0.0200582095691392,0.0454146768218828,0.0461439005566248,-0.068954557001751,0.109070976140029,1,3,0.000424027390448502,FALSE,1201.1913356781,0.000128269195556641
641,2000,214,-0.0279885795871955,0.0449357996654392,0.0464846782289053,-0.116062746931456,0.0600855877570654,1,2,0.00016001645597317,FALSE,1098.734375,0.000207662582397461
644,2000,215,0.0463475996860701,0.0455164651641577,0.045829467619841,-0.042864672035679,0.135559871407819,1,1,0.00524360705472792,TRUE,2366.2840924263,0.000281572341918945
647,2000,216,-0.0586309655736745,0.0469737874535288,0.0491777875456911,-0.150699588982591,0.0334376578352419,1,15,0.000382778365049545,FALSE,702.755006551743,0.000137567520141602
650,2000,217,0.0709174505172359,0.0481859799106869,0.0463876193555989,-0.0235270701077105,0.165361971142182,1,20,0.00113405786947842,TRUE,709.104926347733,0.000123262405395508
653,2000,218,0.0301619653888148,0.0491397379257133,0.0469930863046895,-0.0661519209455832,0.126475851723213,1,18,2.24552128239838e-05,FALSE,925.018472671509,6.60419464111328e-05
656,2000,219,0.115726725200248,0.0502139287249179,0.0483842200064527,0.0173074248994088,0.214146025501087,0,20,0.00103733059459925,TRUE,1318.0335149765,0.000152826309204102
62,2000,21,0.0774088429884048,0.0470563668509662,0.0480471328128273,-0.0148216360394889,0.169639322016298,1,6,0.000293622856441887,FALSE,873.940491199493,0.000102043151855469
659,2000,220,-0.0196112483428101,0.0458346391796907,0.047274038901599,-0.109447141135004,0.0702246444493837,1,5,0.00246900125043732,FALSE,1295.98777532578,0.000125408172607422
662,2000,221,-0.00788175711424866,0.0481644051607002,0.0469857303342661,-0.102283991229221,0.0865204770007237,1,16,0.000485411800548976,FALSE,1029.0022342205,0.000167369842529297
665,2000,222,0.037972352324638,0.0476925679841362,0.0480879679988997,-0.0555050809242689,0.131449785573545,1,1,0.00732178346189927,TRUE,1163.46733164787,0.000124931335449219
668,2000,223,0.0890422814298595,0.0435906417898594,0.0447619553068357,0.00360462352173505,0.174479939337984,0,1,0.0134183634088461,TRUE,1138.06597590446,0.000123500823974609
671,2000,224,0.0119809318879147,0.0454910474455516,0.0469001418937664,-0.0771815211053665,0.101143384881196,1,3,3.76255860490819e-05,FALSE,1024.19579100609,0.000188827514648438
674,2000,225,-0.00166799458557154,0.0476376296192288,0.047946651806626,-0.0950377486392601,0.091701759468117,1,13,9.73066551477642e-05,FALSE,795.253951787949,0.00011897087097168
677,2000,226,-0.0246486445857933,0.0475159431318493,0.0489502443692571,-0.117779893124218,0.0684826039526313,1,3,0.000479463940204368,FALSE,1271.85956025124,0.000121831893920898
680,2000,227,-0.0200073907973493,0.0442034982923243,0.0460264837565488,-0.106646247450305,0.0666314658556063,1,1,0.000493982143458969,TRUE,2012.65183401108,0.000610113143920898
683,2000,228,0.0406933286806019,0.0480808034849585,0.0477914508387512,-0.0535450461499167,0.134931703511121,1,13,0.000540828703483456,FALSE,1461.74231743813,0.000124692916870117
686,2000,229,0.0331599014342425,0.0471864903656483,0.0472405766566649,-0.0593256196824281,0.125645422550913,1,12,0.000710827952083639,FALSE,792.228709936142,8.70227813720703e-05
65,2000,22,0.0133077889434758,0.0467154404234109,0.0465200204314972,-0.0782544742864095,0.104870052173361,1,1,0.0097986110174658,TRUE,854.095456123352,5.96046447753906e-05
689,2000,230,0.0444620536503795,0.048082173579507,0.0468213756790872,-0.0497790065654543,0.138703113866213,1,19,0.000229950367864269,FALSE,937.695804357529,0.000190973281860352
692,2000,231,0.116233731192887,0.0468056023542346,0.0472426509601202,0.0244947505785873,0.207972711807187,0,4,0.000247323611445701,FALSE,1244.88773536682,0.000161647796630859
695,2000,232,0.0556632492122238,0.0527461467144917,0.0482533313649548,-0.0477191983481799,0.159045696772627,1,20,4.82697190161706e-05,TRUE,1163.92331004143,0.000148773193359375
698,2000,233,0.0499974935824483,0.0501400387385063,0.0514760503302601,-0.0482769823450239,0.148271969509921,1,12,0.000159350522391476,FALSE,814.53866815567,0.000225067138671875
701,2000,234,0.0369497100995289,0.0460997714141639,0.0483979996573319,-0.0534058418722323,0.12730526207129,1,1,0.00262485835464595,TRUE,710.0649933815,0.000114917755126953
704,2000,235,-0.0590871341941219,0.0455320576475413,0.0465629431190232,-0.148329967183303,0.0301556987950589,1,6,0.000390470604278372,FALSE,1108.08762168884,0.000154972076416016
707,2000,236,-0.0632968192195279,0.0478521639665407,0.0476391435955683,-0.157087060593948,0.0304934221548918,1,20,0.000560360952165913,TRUE,1268.20917630196,0.000159740447998047
710,2000,237,-0.0248163402425724,0.0458739101164911,0.046839648277442,-0.114729204070895,0.0650965235857502,1,1,0.00443905437840683,TRUE,1058.52573060989,0.000113248825073242
713,2000,238,0.039237123916962,0.0489029832374241,0.0482234002455683,-0.0566127232283892,0.135086971062313,1,20,0.0039174018155425,TRUE,1105.25967407227,0.000156641006469727
716,2000,239,-0.0363358283540973,0.0458702300503991,0.0469447169829254,-0.12624147925288,0.0535698225446849,1,3,0.000208869365367385,FALSE,1043.15918040276,0.000105619430541992
68,2000,23,0.00184895098821536,0.0472267067665942,0.0489497994826911,-0.0907153942743092,0.09441329625074,1,1,0.00196784425268833,TRUE,803.426147222519,0.000105381011962891
719,2000,240,0.00617336535790214,0.045814616455283,0.0462267283898895,-0.0836232828944525,0.0959700136102568,1,1,0.00088262771080858,TRUE,1148.6345038414,0.000105619430541992
722,2000,241,-0.068739924314364,0.0476381360220422,0.0480686487087643,-0.162110670917567,0.0246308222888387,1,7,9.39600546626055e-05,FALSE,1159.70521235466,0.000212192535400391
725,2000,242,0.0132552643594746,0.0479610336262257,0.0468976511264321,-0.0807483615479277,0.107258890266877,1,13,0.000208347943584171,FALSE,1018.44888901711,0.000138044357299805
728,2000,243,-0.0233397850805735,0.0465472425091844,0.047405337659654,-0.114572380398575,0.0678928102374279,1,1,0.00789211429056459,TRUE,1119.13609027863,0.000178098678588867
731,2000,244,0.0349755432041433,0.0475648036851167,0.0460718771198684,-0.0582514720186854,0.128202558426972,1,17,0.00318154788833138,FALSE,718.765807390213,0.000125646591186523
734,2000,245,0.0791586017895601,0.046487153079657,0.0468962725876088,-0.0119562182465676,0.170273421825688,1,11,0.000250942946152085,FALSE,1153.80078959465,0.000127553939819336
737,2000,246,0.0872754207300173,0.0463753865037757,0.0475131750802181,-0.00362033681738302,0.178171178277418,1,3,0.000583194437007729,FALSE,992.451964855194,0.000282764434814453
740,2000,247,-0.0562607376672843,0.0445842963354099,0.0464669230237607,-0.143645958484688,0.031124483150119,1,1,0.000311483237455742,TRUE,1088.65047025681,0.0001678466796875
743,2000,248,-0.0262045877612516,0.0465573615212729,0.047636136062554,-0.117457016342946,0.0650478408204433,1,3,0.000146056707963705,FALSE,898.184262514114,0.000134944915771484
746,2000,249,0.0155050765008518,0.0483071879375081,0.0492437371748305,-0.0791770118566641,0.110187164858368,1,7,0.00896663812669954,FALSE,1074.45569229126,0.000123262405395508
71,2000,24,-0.0235193451695433,0.0498637345242774,0.0483301825248642,-0.121252264837127,0.0742135744980404,1,19,0.000319656324155269,FALSE,682.349701881409,7.60555267333984e-05
749,2000,250,-0.00323796909666618,0.0480652005184516,0.047701746458918,-0.0974457621128313,0.0909698239194989,1,12,0.000179771100551415,FALSE,679.542457103729,6.43730163574219e-05
752,2000,251,0.00455784017254079,0.0464863809467825,0.047185874628542,-0.0865554664831529,0.0956711468282345,1,10,2.94938946791719e-05,FALSE,793.042077064514,0.000360250473022461
755,2000,252,-0.00486244388465362,0.0472988958437468,0.0467552504760804,-0.0975682797383973,0.0878433919690901,1,6,0.000348120071119705,FALSE,772.31441283226,0.000116825103759766
758,2000,253,0.0310583957896239,0.0468125481169252,0.0482172830246278,-0.0606941985195494,0.122810990098797,1,5,9.71708523715408e-05,FALSE,910.583639860153,0.000116348266601562
761,2000,254,0.0711601152440355,0.047644983342456,0.0476080890513595,-0.0222240521071783,0.164544282595249,1,19,0.000348456100250838,FALSE,1045.72401762009,0.00010991096496582
764,2000,255,0.0154538922278896,0.0478528989045235,0.0472347435301583,-0.0783377896249764,0.109245574080756,1,7,0.000189556786682934,FALSE,772.852883815765,0.000105381011962891
767,2000,256,-0.0407926642283676,0.0472997073599586,0.0465373099898235,-0.133500090653886,0.0519147621971513,1,15,0.000244954807447668,FALSE,906.275281429291,7.55786895751953e-05
770,2000,257,-0.0529073811379369,0.053340290283776,0.046368530174634,-0.157454350094138,0.0516395878182641,1,20,0.000447385023994271,TRUE,969.323577404022,9.27448272705078e-05
773,2000,258,0.0873845983796526,0.0470735500770891,0.0477512793428029,-0.00487955977144204,0.179648756530747,1,3,0.000259476468768254,FALSE,1101.45732903481,0.000257968902587891
776,2000,259,-0.0640227420800493,0.0478915890793966,0.047849187220189,-0.157890256675667,0.0298447725155679,1,15,0.000418957262080199,FALSE,700.793646335602,0.000558137893676758
74,2000,25,-0.0215923988853595,0.0460170454845024,0.0476885707639756,-0.111785808034984,0.0686010102642652,1,1,0.00551313626654398,TRUE,1360.46606063843,0.000112771987915039
779,2000,260,0.0377181581499704,0.0499076873444952,0.0467974248194751,-0.0601009090452401,0.135537225345181,1,20,0.0106985462251539,TRUE,1113.62408518791,7.70092010498047e-05
782,2000,261,0.0981838507809949,0.0507536641983161,0.0487386414173074,-0.00129333104770474,0.197661032609695,1,18,0.000385321865073522,FALSE,990.582411766052,0.000129222869873047
785,2000,262,-0.0455347175885376,0.0484762585599495,0.047203847827058,-0.140548184366039,0.0494787491889635,1,19,0.000188017727728456,FALSE,955.561930179596,0.00011897087097168
788,2000,263,-0.00446924039051966,0.0477479752139545,0.0478750425145135,-0.0980552718098705,0.0891167910288311,1,8,7.83328423790113e-05,FALSE,1271.96284031868,0.000158786773681641
791,2000,264,-0.106510092702716,0.0492100051755696,0.0462619314386112,-0.202961702846832,-0.0100584825585993,0,20,0.00982845797133389,TRUE,1794.58679962158,0.000127315521240234
794,2000,265,-0.0134751251275242,0.0471548294008605,0.0463578079270444,-0.105898590753211,0.0789483404981624,1,18,0.000174082962248743,FALSE,670.602608680725,0.000143051147460938
797,2000,266,0.0779194127472189,0.0478418812216574,0.047645056602227,-0.0158506744472295,0.171689499941667,1,1,0.00940427040598365,TRUE,941.918813705444,7.98702239990234e-05
800,2000,267,0.0233332665197687,0.0484090187269523,0.0491287395841578,-0.0715484101850577,0.118214943224595,1,7,0.000263828182613548,FALSE,937.932939052582,0.000206232070922852
803,2000,268,0.0825889218873943,0.0472666739743698,0.0485349797507675,-0.0100537591023705,0.175231602877159,1,1,7.64862833415587e-05,TRUE,920.069941520691,0.000133514404296875
806,2000,269,-0.0410050445801396,0.0452258302731502,0.0461067927119791,-0.129647671915514,0.0476375827552347,1,1,0.00119836750532087,TRUE,1104.73512578011,0.000125408172607422
77,2000,26,-0.0549473388342221,0.0462173446546523,0.0470602384318418,-0.145533334357341,0.0356386566888963,1,3,0.00022568449318033,FALSE,750.071962356567,0.000107288360595703
809,2000,270,-0.0119614421555897,0.0478073655806807,0.048519471541414,-0.105663878693724,0.0817409943825446,1,6,4.86935959002663e-05,FALSE,1142.3598484993,0.000182390213012695
812,2000,271,0.0101309949792301,0.0497985310017979,0.0485218849792929,-0.0874741257842937,0.107736115742754,1,16,0.000211148475003327,FALSE,1357.2304558754,0.000101089477539062
815,2000,272,-0.0100540841341339,0.0511564510891387,0.0493778913437869,-0.110320728268846,0.090212560000578,1,20,0.00317862967363521,TRUE,1077.51981878281,0.000142097473144531
818,2000,273,-0.0119886743759204,0.0461210613741642,0.0467622348638041,-0.102385954669282,0.0784086059174414,1,1,0.00258445073554576,TRUE,1099.57647776604,0.000146865844726562
821,2000,274,-0.00807042539699498,0.0468427409756183,0.0472450569715157,-0.0998821977092068,0.0837413469152169,1,1,0.00766796234293573,TRUE,912.264658689499,0.000244855880737305
824,2000,275,0.02237565468443,0.046813487629485,0.0476835853441032,-0.0693787810693605,0.114130090438221,1,8,0.000178627422937465,FALSE,2214.3068728447,0.000100135803222656
827,2000,276,0.00805312199954378,0.0468277211927244,0.0473546138866901,-0.0837292115381961,0.0998354555372836,1,3,0.000523343814433499,FALSE,1183.0514819622,0.000195503234863281
830,2000,277,0.00545736207858238,0.0484204651330355,0.0480158184179016,-0.0894467495821672,0.100361473739332,1,19,0.000303229033046068,FALSE,1051.16764521599,0.000170230865478516
833,2000,278,-0.0208675508853853,0.0463199678894055,0.0478599453903023,-0.11165468794862,0.0699195861778495,1,3,0.000231084966883842,FALSE,1525.90673875809,0.000137805938720703
836,2000,279,-0.0100353356260436,0.0478278992979525,0.0463161047988736,-0.10377801825003,0.0837073469979432,1,16,0.000365872633006886,FALSE,740.525348901749,5.67436218261719e-05
80,2000,27,-0.0804867937910673,0.0492749170514645,0.0470790943617158,-0.177065631211938,0.0160920436298032,1,11,0.000298237789702086,FALSE,745.362432003021,0.000122547149658203
839,2000,280,-0.00744714796496693,0.0487096435457175,0.0486381539194214,-0.102918049314573,0.0880237533846393,1,6,0.000349103081312198,FALSE,661.252826929092,0.000127792358398438
842,2000,281,-0.0995010806563197,0.0480654277761533,0.0502967580336034,-0.19370931909758,-0.0052928422150593,0,1,0.00674634293412257,TRUE,832.492938995361,5.98430633544922e-05
845,2000,282,-0.0416402533442102,0.049309702132126,0.0484638579221894,-0.138287269523177,0.0550067628347568,1,13,0.00049859190224297,FALSE,691.017053842545,0.000253438949584961
848,2000,283,0.0618741361656013,0.0523182756439131,0.0467486316860882,-0.0406696840964684,0.164417956427671,1,20,0.00147318681861541,TRUE,1061.21749520302,9.39369201660156e-05
851,2000,284,0.0184682348694838,0.047234510683258,0.0474287548445723,-0.0741114060697018,0.111047875808669,1,10,0.000351458224254736,FALSE,1336.17840027809,0.000115156173706055
854,2000,285,0.0585104521818908,0.0499289025439747,0.0491416907696055,-0.0393501968042996,0.156371101168081,1,18,0.00483195212488991,FALSE,949.922144174576,0.000128746032714844
857,2000,286,0.0271473960210841,0.0457936564574288,0.0461137548114959,-0.0626081706354763,0.116902962677644,1,1,0.0124903056090132,TRUE,1212.13015580177,0.000188112258911133
860,2000,287,0.0244893744699013,0.0488760943800663,0.0467219139198356,-0.0713077705150286,0.120286519454831,1,17,0.000345949489462569,FALSE,1727.92570614815,0.000406980514526367
863,2000,288,-0.0176253928503229,0.0450092814297214,0.0475782837813489,-0.105843584452577,0.0705927987519311,1,12,0.000520912201432415,FALSE,1799.84363245964,0.000139236450195312
866,2000,289,0.0310409917863239,0.0447567438713054,0.0459532006210325,-0.0566822262014347,0.118764209774083,1,1,0.000610754614130202,TRUE,1617.48605036736,9.46521759033203e-05
83,2000,28,-0.0587194002935235,0.0499382638547214,0.0497694121426336,-0.156598397448777,0.0391595968617303,1,15,0.000476759725660742,FALSE,1319.47396492958,0.000272512435913086
869,2000,290,0.0368000969005537,0.0469800852685326,0.0460665021053848,-0.0552808702257701,0.128881064026878,1,8,0.000154059791373649,FALSE,1220.07528710365,0.000211715698242188
872,2000,291,-0.0742818457567009,0.0520699833804075,0.0473789696339043,-0.1763390131823,0.0277753216688977,1,20,0.00178149316243945,TRUE,1135.95002937317,0.000154256820678711
875,2000,292,-0.039821791019645,0.0477861608715313,0.047358867335149,-0.133482666327846,0.0538390842885563,1,11,8.51372788913797e-05,FALSE,1771.54157519341,0.000108242034912109
878,2000,293,0.0124901229593209,0.0444103205995081,0.0459982546871921,-0.0745541054157148,0.0995343513343567,1,1,0.000903955256728588,TRUE,990.355219841003,0.000219345092773438
881,2000,294,-0.0425368695645627,0.0469513105006387,0.0466993365320998,-0.134561438145814,0.0494876990166891,1,19,7.35002054921005e-05,FALSE,1086.73171877861,0.000128507614135742
884,2000,295,-0.0206400691815336,0.0494294813359431,0.0497236569031853,-0.117521852599982,0.0762417142369148,1,11,0.000111627966234219,FALSE,1206.15419387817,0.0001220703125
887,2000,296,0.0588274781304639,0.0463754174051988,0.0474298256036698,-0.0320683399837257,0.149723296244653,1,1,0.0118774018316158,TRUE,1967.57240915298,0.000111818313598633
890,2000,297,-0.0475391600915619,0.0455785739214343,0.0463843388717631,-0.136873164977573,0.0417948447944494,1,1,0.00174858126215127,TRUE,574.823490381241,9.22679901123047e-05
893,2000,298,-0.0330626854818004,0.0474884309578609,0.0476507811503696,-0.126140010159208,0.060014639195607,1,1,0.00257828061004151,TRUE,1090.77753829956,0.000132560729980469
896,2000,299,0.00118812831225612,0.0455973996125325,0.0471999406871985,-0.0881827749283076,0.0905590315528199,1,1,0.00120964805370096,TRUE,1091.00065612793,8.24928283691406e-05
86,2000,29,-0.00227236277764131,0.0462255515492351,0.0474249853936043,-0.0928744438141422,0.0883297182588596,1,1,0.00827814425701582,TRUE,853.523611307144,0.000102758407592773
5,2000,2,0.0226610353386647,0.0488707538372492,0.047072643865185,-0.0731256421823437,0.118447712859673,1,17,0.000121493971939695,FALSE,649.382580280304,0.000128507614135742
899,2000,300,-0.013771040974752,0.0489316424313562,0.0466189765406809,-0.10967706014021,0.0821349781907062,1,20,0.00585518712210348,TRUE,1710.29814124107,0.000110387802124023
902,2000,301,-0.0369910845979476,0.0472035154715835,0.0483880224266208,-0.129509974922251,0.055527805726356,1,20,0.00201406534386043,TRUE,1166.08083486557,0.000402212142944336
905,2000,302,0.0612311145245945,0.0472946491083085,0.048163737732002,-0.0314663977276902,0.153928626776879,1,12,0.000146231355901393,FALSE,1142.91229629517,0.000116348266601562
908,2000,303,0.0280395641504727,0.0469532788710888,0.0469828325288119,-0.0639888624368613,0.120067990737807,1,1,0.000818163577618282,TRUE,671.453713655472,0.000125408172607422
911,2000,304,0.00706674540357211,0.0477974311111964,0.0488283838785401,-0.0866162195743729,0.100749710381517,1,12,0.000232245421094892,FALSE,890.584565877914,9.70363616943359e-05
914,2000,305,0.0363657569629403,0.047012768623902,0.0485475326555286,-0.0557792695399076,0.128510783465788,1,4,6.59153825222811e-05,FALSE,1016.48346710205,8.0108642578125e-05
917,2000,306,-0.0436169300293138,0.0466367982539791,0.0461133015033261,-0.135025054607113,0.0477911945484853,1,17,0.000365462579611857,FALSE,1037.3007440567,8.7738037109375e-05
920,2000,307,-0.0616841535192857,0.0468589689159178,0.0476820827060351,-0.153527732594484,0.0301594255559131,1,1,0.00529899960131419,TRUE,1129.06173062325,0.000107765197753906
923,2000,308,-0.0256097873588585,0.0457729127940195,0.0465553717850603,-0.115324696435137,0.0641051217174197,1,1,0.0044129888640697,TRUE,1038.48712348938,0.000118732452392578
926,2000,309,0.0170026677050255,0.0501386722977622,0.0486249757254067,-0.0812691299985885,0.115274465408639,1,20,0.00804518411685127,TRUE,965.958481550217,0.000118732452392578
89,2000,30,-0.0748408172352307,0.0506211980663729,0.0493023713153518,-0.174058365445322,0.0243767309748602,1,1,0.00185308963748861,TRUE,906.868483543396,0.000115633010864258
929,2000,310,0.0214353858044214,0.0481408790635355,0.0472783733407124,-0.0729207371601082,0.115791508768951,1,13,0.000321935771365476,FALSE,1044.51222801208,7.65323638916016e-05
932,2000,311,-0.0792794228149306,0.0469821904419162,0.0486231191671447,-0.171364516081086,0.0128056704512251,1,9,0.00060576281504324,FALSE,1133.50004982948,0.000133037567138672
935,2000,312,0.0609405603489889,0.0462194023449611,0.0466099311814075,-0.0296494682471348,0.151530588945113,1,12,0.00012343828683698,FALSE,686.625678539276,0.000123977661132812
938,2000,313,0.0297605991126537,0.04544756172545,0.0458655747869535,-0.0593166218692283,0.118837820094536,1,4,6.13045348485261e-05,FALSE,1443.62028956413,0.000124692916870117
941,2000,314,0.0185443562184386,0.046931567820552,0.0469246205888361,-0.0734415167098432,0.11053022914672,1,1,0.00268275640034842,TRUE,1907.76907205582,0.000145435333251953
944,2000,315,0.0170997225732464,0.0452937583934136,0.0470716845048668,-0.0716760438778442,0.105875489024337,1,1,0.000713711854999763,TRUE,1158.55008864403,0.000181436538696289
947,2000,316,0.0724378152827369,0.0474208747893623,0.0485648677195865,-0.0205070993044134,0.165382729869887,1,1,0.00386380083579972,TRUE,1504.72825074196,0.00014948844909668
950,2000,317,-0.00562942628562646,0.048988769225543,0.0481270860231935,-0.101647413967691,0.0903885613964379,1,1,0.00123548644787471,TRUE,1065.30984950066,0.000127792358398438
953,2000,318,-0.000743110770090372,0.0485274213617885,0.0492473715097193,-0.0958568566391958,0.094370635099015,1,14,0.000236581217494081,FALSE,1342.31970095634,0.000123500823974609
956,2000,319,0.0210988913965425,0.0472815576754133,0.0451419410776851,-0.0715729616472675,0.113770744440353,1,14,0.000238323893487958,FALSE,574.557389974594,0.000101566314697266
92,2000,31,-0.0750270413768037,0.0494574933599098,0.045984006938862,-0.171963728362227,0.0219096456086196,1,19,0.000124356165522795,FALSE,774.395301580429,6.27040863037109e-05
959,2000,320,-0.000968683628033484,0.0485953119621308,0.0483573295545401,-0.0962154950738099,0.0942781278177429,1,15,0.000544611103179775,FALSE,1005.05276107788,0.000108718872070312
962,2000,321,-0.00596457862789113,0.0475619230706376,0.0487387282407608,-0.0991859478463407,0.0872567905905585,1,5,0.000460438361322365,FALSE,648.412888288498,0.000125885009765625
965,2000,322,-0.0202199022293515,0.0478810800955577,0.0494095262680893,-0.114066819216645,0.0736270147579415,1,1,0.00456139072107222,TRUE,1418.48540067673,0.000176906585693359
968,2000,323,-0.0899782065364507,0.0443751460773487,0.0455929623712345,-0.176953492848054,-0.00300292022484719,0,4,0.00028287495494874,FALSE,930.848886728287,0.000121593475341797
971,2000,324,0.0275096064073606,0.0510716934395893,0.0480630626987238,-0.0725909127342345,0.127610125548956,1,13,6.08954867495478e-05,FALSE,1080.4881901741,0.000169754028320312
974,2000,325,0.0283657206063992,0.0464378912370102,0.0470341474714735,-0.0626525462181409,0.119383987430939,1,4,0.000120902935425296,FALSE,1122.75950074196,0.00017237663269043
977,2000,326,0.00234997236978207,0.048926414322652,0.047074508861188,-0.0935457997026158,0.0982457444421799,1,15,5.76774934470373e-05,FALSE,831.754660367966,0.00015711784362793
980,2000,327,0.0525647255064245,0.0468195240205869,0.0459544113243227,-0.0392015415739258,0.144330992586775,1,14,6.94025196963278e-05,FALSE,903.709984779358,7.29560852050781e-05
983,2000,328,0.0340215336496925,0.0474018132487342,0.0468894887820792,-0.0588860203178264,0.126929087617211,1,6,0.000155569095335765,FALSE,794.713679075241,6.24656677246094e-05
986,2000,329,0.0537888022500057,0.0464273092357217,0.0460882321866755,-0.0372087238520088,0.14478632835202,1,5,0.000244921244636691,FALSE,1331.35734200478,0.000140905380249023
95,2000,32,0.058695709984707,0.0496073355869762,0.0492116617116429,-0.0385346677657663,0.15592608773518,1,4,0.000136653220012843,FALSE,661.805461645126,0.000127553939819336
989,2000,330,-0.045805174720259,0.0454653246247485,0.0464623842180216,-0.134917210984766,0.0433068615442481,1,1,0.00550414222142266,TRUE,1063.35910844803,0.000116109848022461
992,2000,331,0.076107726680536,0.045990538847074,0.0475208671881806,-0.0140337294597291,0.166249182820801,1,1,0.00452971041620005,TRUE,849.027920007706,0.000356912612915039
995,2000,332,-0.00924204942545903,0.046185672149508,0.0470284998767455,-0.0997659668384947,0.0812818679875766,1,1,0.00715979896113162,TRUE,700.341653823853,0.000117778778076172
998,2000,333,-0.00596171132781653,0.0456896195683037,0.0483128718422832,-0.0955133656816918,0.0835899430260588,1,2,8.18739363165048e-05,FALSE,703.006810665131,0.000152826309204102
1001,2000,334,0.057587380718875,0.0461252105992798,0.048803423988994,-0.0328180320557133,0.147992793493463,1,1,0.00138908810697342,TRUE,898.407806873322,8.63075256347656e-05
1004,2000,335,0.0449338609203682,0.0467271825937308,0.0467200362124643,-0.0466514169633442,0.136519138804081,1,9,8.11393550509124e-05,FALSE,1026.21878147125,0.000152587890625
1007,2000,336,0.035353145086654,0.0481296050307142,0.0472574007106236,-0.0589808807735458,0.129687170946854,1,12,0.00559932783871296,FALSE,978.494647502899,0.000131130218505859
1010,2000,337,0.0473089259518047,0.0454250644726109,0.0454175846538501,-0.0417242004145126,0.136342052318122,1,1,0.00528783582144814,TRUE,1056.2508866787,0.000120401382446289
1013,2000,338,-0.050389053203226,0.0473951314570734,0.0471744292646014,-0.14328351085909,0.042505404452638,1,16,0.000279877950765154,FALSE,780.163563251495,0.000135660171508789
1016,2000,339,-0.0124215702953496,0.0490326626365389,0.046872868117134,-0.108525589062966,0.0836824484722667,1,18,8.10811983669941e-05,FALSE,637.076910257339,0.000244855880737305
98,2000,33,-0.0557107127877773,0.0484766004949215,0.0482270965167979,-0.150724849757823,0.0393034241822688,1,15,2.53866643689348e-05,FALSE,768.04940867424,0.00017547607421875
1019,2000,340,0.040159522799697,0.0457446729813075,0.0461998050352646,-0.0495000362436658,0.12981908184306,1,2,0.00016103532885175,FALSE,739.203083753586,0.000109434127807617
1022,2000,341,0.0490801826232734,0.0495240978294661,0.047497507230959,-0.0479870491224802,0.146147414369027,1,20,0.00597872913482464,TRUE,1004.11674618721,0.000154495239257812
1025,2000,342,-0.0260590990477934,0.0458634145269613,0.0457500174993674,-0.115951391520637,0.0638331934250508,1,1,0.00166162106025418,TRUE,1445.82968783379,0.000132322311401367
1028,2000,343,0.0903839828403019,0.0461899958070071,0.047870138837306,-0.000148408941431935,0.180916374622036,1,1,0.00559737608899584,TRUE,993.178543567657,0.000114679336547852
1031,2000,344,0.0109119650639835,0.0522529369959846,0.047930409737454,-0.0915037914481463,0.113327721576113,1,11,2.56593215105505e-06,FALSE,1223.38261580467,0.000169277191162109
1034,2000,345,0.0352186948927197,0.0480889418403517,0.0477092957779162,-0.0590356311143698,0.129473020899809,1,20,0.00459537990004392,TRUE,1037.07094717026,0.00011754035949707
1037,2000,346,0.03240543615421,0.0465993248446166,0.0470825913047786,-0.0589292405412385,0.123740112849658,1,7,0.000252533036217094,FALSE,1264.44075465202,9.36985015869141e-05
1040,2000,347,0.0272607881740963,0.04550407491919,0.0466504831983012,-0.0619271986675161,0.116448775015709,1,3,0.000228634652199804,FALSE,741.203905820847,0.000117063522338867
1043,2000,348,0.0202719469082545,0.0470243886875132,0.0465966979969492,-0.0718958549192714,0.11243974873578,1,9,4.02008339196839e-06,FALSE,726.733415842056,0.000132322311401367
1046,2000,349,0.0195386436614851,0.0514064533220288,0.048431131634294,-0.0812180048496913,0.120295292172661,1,14,0.00196747062849763,FALSE,929.559803962708,0.00017857551574707
101,2000,34,0.088311215659503,0.0492650175390034,0.0467170343452302,-0.00824821871694366,0.18487065003595,1,17,0.000213762970248433,FALSE,1005.28042387962,0.000122547149658203
1049,2000,350,0.0175905757227688,0.0473605113553148,0.0491029590230377,-0.0752360265336483,0.110417177979186,1,1,0.00243426879380779,TRUE,879.810969352722,9.75131988525391e-05
1052,2000,351,-0.0110478492399602,0.0459008782413247,0.0473153764864768,-0.101013570592957,0.0789178721130362,1,1,0.00465487927966793,TRUE,1114.0666539669,0.000229120254516602
1055,2000,352,-0.0247138181289105,0.0472080576969457,0.0463603348918994,-0.117241611214924,0.067813974957103,1,8,0.000158345733469243,FALSE,716.864616632462,0.000104188919067383
1058,2000,353,0.0240706513001274,0.0498795713803896,0.0483919795155542,-0.0736933086054361,0.121834611205691,1,1,0.0117644192167144,TRUE,614.957730770111,0.000121355056762695
1061,2000,354,0.0278307688752377,0.0485399798837353,0.0476879663063491,-0.0673075916968835,0.122969129447359,1,20,0.00147404069860179,TRUE,760.516892433167,0.000185012817382812
1064,2000,355,-0.02438906270555,0.0508929334171019,0.045133453029576,-0.12413921220307,0.0753610867919697,1,20,0.00727772430505395,TRUE,762.837158918381,7.41481781005859e-05
1067,2000,356,0.0566706332779436,0.0527058206388295,0.0495681614138544,-0.0466327751741622,0.15997404173005,1,19,0.00093687624845647,FALSE,1119.313996315,0.000176191329956055
1070,2000,357,0.0484928424772746,0.0469897849045475,0.0452729724088954,-0.0436071359356385,0.140592820890188,1,16,0.00458715783699647,FALSE,580.380519628525,8.94069671630859e-05
1073,2000,358,-0.0019203336584751,0.0465697460712006,0.0459978034606154,-0.0931970359580283,0.0893563686410781,1,10,0.000143641256617459,FALSE,936.613281011581,0.000177383422851562
1076,2000,359,-0.0133416609996384,0.0464713280241215,0.0465686820358305,-0.104425463926917,0.0777421419276397,1,8,0.000109764189562709,FALSE,721.03591132164,9.34600830078125e-05
104,2000,35,0.0378224095272279,0.0462819489103641,0.0469748573180515,-0.0528902103370857,0.128535029391542,1,1,2.65221479191247e-05,TRUE,1638.72478461266,0.000556468963623047
1079,2000,360,0.00240399396564939,0.0486247245418066,0.0474531794495699,-0.0929004661362915,0.0977084540675903,1,20,0.00644185589084123,TRUE,948.954806566238,0.00011444091796875
1082,2000,361,-0.00200414561564677,0.0467883433013353,0.0462805320318424,-0.0937092984862641,0.0897010072549705,1,1,0.00193017610809602,TRUE,969.921104192734,0.000189781188964844
1085,2000,362,0.0115296184353448,0.0461111669530226,0.0470609061309484,-0.0788482687925795,0.101907505663269,1,1,0.00208965257075198,TRUE,841.56616973877,0.000232219696044922
1088,2000,363,0.044473304222163,0.0462686484564462,0.0466015007617315,-0.0462132467524716,0.135159855196798,1,1,0.00345322388155759,TRUE,1055.20860171318,0.000123023986816406
1091,2000,364,-0.0369301588050239,0.0489190271660936,0.0491459086064751,-0.132811452050567,0.0589511344405196,1,4,0.000354870300769099,FALSE,1229.73673844337,0.000122547149658203
1094,2000,365,-0.0288441798903822,0.0472397913299631,0.0479321874037958,-0.12143417089711,0.0637458111163454,1,17,0.000518905929666339,FALSE,1019.27847099304,0.000261545181274414
1097,2000,366,0.0512064271344682,0.0483416264594933,0.0482696653255825,-0.0435431607261387,0.145956014995075,1,13,0.000484540056202016,FALSE,1175.71407771111,0.000125646591186523
1100,2000,367,-0.0375571629307043,0.0460067758331073,0.0473222608631284,-0.127730443563595,0.0526161177021861,1,1,0.00506228414152782,TRUE,1061.67985796928,0.000353574752807617
1103,2000,368,-0.0349869400374394,0.0481939308815764,0.0477798407809674,-0.129447044565329,0.0594731644904503,1,11,0.00034663008910149,FALSE,997.95317864418,0.000209808349609375
1106,2000,369,-0.0889588703987118,0.0462945380545491,0.0465581236330607,-0.179696164985628,0.00177842418820451,1,1,0.00391071171219458,TRUE,1137.58523964882,0.000105857849121094
107,2000,36,-0.00940562189466676,0.0493454324285926,0.0476169521918281,-0.106122669454708,0.0873114256653748,1,11,0.000361861868462552,FALSE,1402.8477897644,0.000241994857788086
1109,2000,370,-0.0302371236499607,0.0483078426578697,0.0492779188188606,-0.124920495259385,0.064446247959464,1,11,0.000383260738379057,FALSE,1127.60242342949,0.0001220703125
1112,2000,371,-0.0272644402482414,0.0464726579264175,0.0470189469394641,-0.11835084978402,0.063821969287537,1,3,0.000378873197363835,FALSE,1114.86821436882,0.000128030776977539
1115,2000,372,0.0600009485033586,0.0489397883367047,0.0486669596691348,-0.0359210366365827,0.1559229336433,1,20,0.00436304824186419,TRUE,572.151168823242,0.00014042854309082
1118,2000,373,-0.0443076147120528,0.0451376960848608,0.046214097898365,-0.13277749903838,0.0441622696142744,1,12,0.000389906086547359,FALSE,1341.86200118065,0.000193119049072266
1121,2000,374,0.0297343587662076,0.0450705517141002,0.046196549997577,-0.0586039225934289,0.118072640125844,1,1,0.0026498512356092,TRUE,846.981995820999,0.000216245651245117
1124,2000,375,0.0328490802118306,0.0465316066914844,0.0479272339837243,-0.0583528689034788,0.12405102932714,1,1,0.00337380240649906,TRUE,929.615749597549,6.36577606201172e-05
1127,2000,376,0.0336219151085445,0.0461603626317465,0.0478579480477191,-0.0568523956496787,0.124096225866768,1,6,0.000198836818104327,FALSE,1242.71188402176,0.000158071517944336
1130,2000,377,0.0229324518723807,0.045049565356365,0.0457951871998586,-0.0653646962260947,0.111229599970856,1,6,0.00275970638839013,FALSE,1039.54651546478,0.000191450119018555
1133,2000,378,0.0146953898829207,0.0489161569480895,0.0471136605354602,-0.0811802777353346,0.110571057501176,1,19,0.000281855508797631,FALSE,996.500672101974,0.000127315521240234
1136,2000,379,0.0675652725993547,0.0481191258277013,0.0452418735029702,-0.0267482140229399,0.161878759221649,1,20,0.00112458968705476,TRUE,752.881835222244,0.000164985656738281
110,2000,37,0.0475640661434736,0.0450029528305728,0.0467104740642466,-0.040641721404449,0.135769853691396,1,1,0.000123387005398842,TRUE,2023.52042961121,0.000530719757080078
1139,2000,380,0.0220987985309662,0.0454422968209089,0.0474302511686968,-0.0669681032380153,0.111165700299948,1,1,0.00027336961136295,TRUE,1848.50459074974,0.000116586685180664
1142,2000,381,-0.042154255063227,0.0489264172533894,0.0481111742481587,-0.13805003287987,0.0537415227534163,1,11,0.000232144689533139,FALSE,1745.12275671959,8.51154327392578e-05
1145,2000,382,-0.0055602171939273,0.0453993414783884,0.046843330007736,-0.0945429264915686,0.0834224921037141,1,6,0.000310117066723389,FALSE,821.276285648346,0.000102043151855469
1148,2000,383,0.064775147752656,0.0499774619941,0.0489399428998345,-0.0331806777557799,0.162730973261092,1,18,2.2503281617967e-06,FALSE,1183.64453601837,6.81877136230469e-05
1151,2000,384,-0.0723977978719531,0.047113003986856,0.0479589462578296,-0.164739285686191,0.0199436899422848,1,7,0.000378333555308156,FALSE,822.439950942993,0.000234127044677734
1154,2000,385,-0.0885890797635548,0.0491715411723472,0.047808562850965,-0.184965300461355,0.0077871409342458,1,17,0.000880480015645221,FALSE,1091.74126338959,0.000181436538696289
1157,2000,386,0.0739381576947467,0.0479138805858065,0.0475103332760205,-0.019973048253434,0.167849363642927,1,1,0.000191207489615545,TRUE,1323.8054523468,0.000127315521240234
1160,2000,387,-0.0384977341270284,0.0492546348623658,0.0468136493790181,-0.135036818457265,0.0580413502032086,1,20,0.00427852645866499,TRUE,861.663103103638,9.75131988525391e-05
1163,2000,388,0.0450989798997578,0.0462257203737471,0.0472474151318659,-0.0455034320327866,0.135701391832302,1,1,0.00101718311439915,TRUE,713.779146432877,0.000156641006469727
1166,2000,389,0.027869375868337,0.044946730806126,0.0459429484307752,-0.0602262165116699,0.115964968248344,1,4,0.0187694098680085,FALSE,1356.4140496254,0.000186443328857422
113,2000,38,-0.0755989068278473,0.0455865566232043,0.0472045867362944,-0.164948557809328,0.0137507441536331,1,3,8.80786802234748e-05,FALSE,874.951047182083,0.000529050827026367
1169,2000,390,0.0180960020195189,0.0470781535974426,0.0486060818301357,-0.0741771790314686,0.110369183070506,1,4,0.000448002176601092,FALSE,1448.45737361908,0.000241279602050781
1172,2000,391,-0.143935724219514,0.0477795556339504,0.048621208212629,-0.237583653262057,-0.0502877951769713,0,8,0.000241761425939855,FALSE,1176.49472308159,0.000186681747436523
1175,2000,392,0.0221985972287702,0.0484597532445926,0.0474560418150217,-0.0727825191306314,0.117179713588172,1,8,0.000695251384412859,FALSE,1233.44326019287,0.000388145446777344
1178,2000,393,0.0896051723372903,0.0477870812595573,0.0489230134678099,-0.00405750693144215,0.183267851606023,1,1,0.00191116306492812,TRUE,1103.4402050972,9.56058502197266e-05
1181,2000,394,-0.013571850194686,0.0481665934899705,0.0485839117632486,-0.107978373435028,0.0808346730456562,1,1,0.000346665340018546,TRUE,1178.17129826546,0.000117301940917969
1184,2000,395,0.0249179939084143,0.0476481390858493,0.0466910012921534,-0.0684723586998504,0.118308346516679,1,1,0.0164991619130552,TRUE,1316.86518383026,0.00027155876159668
1187,2000,396,0.0379494965505629,0.0471190959739974,0.0485574986192772,-0.0544039315584719,0.130302924659598,1,8,2.77094539105619e-05,FALSE,1096.78587532043,0.000130176544189453
1190,2000,397,-0.0278106760966562,0.0459304670638601,0.0459605895883513,-0.117834391541822,0.0622130393485096,1,1,0.00230350350687628,TRUE,707.205014228821,0.000162601470947266
1193,2000,398,0.109783192792175,0.0464349583350586,0.0477462840475664,0.0187706744554596,0.200795711128889,0,6,0.000395141937546081,FALSE,1188.15687036514,0.000360965728759766
1196,2000,399,0.0603410091236979,0.048952386701332,0.0483527776466051,-0.0356056688109129,0.156287687058309,1,12,0.000390397825268729,FALSE,1119.0143134594,0.000162363052368164
116,2000,39,-0.0751235081624427,0.0467371309304682,0.0458340988869755,-0.16672828478616,0.0164812684612749,1,1,0.00748623446150374,TRUE,786.313568592072,8.41617584228516e-05
8,2000,3,0.0769594045149122,0.0472337551423676,0.0481997207436626,-0.0156187555641284,0.169537564593953,1,3,0.000404497339143772,FALSE,742.49008846283,0.000143766403198242
1199,2000,400,-0.0322163262239018,0.0454909718545615,0.0468114577523875,-0.121378631058842,0.0569459786110388,1,1,0.0023720516021966,TRUE,1041.95481204987,0.000576972961425781
1202,2000,401,0.0948499854955772,0.048635544706335,0.046458106518991,-0.000475682128839389,0.190175653119994,1,17,0.000504283832451655,FALSE,1043.9780356884,0.000101804733276367
1205,2000,402,0.0565871544033628,0.0487922736650693,0.0485131218499405,-0.039045701980173,0.152220010786899,1,5,0.000139214742474919,FALSE,981.459397554398,0.000111818313598633
1208,2000,403,0.016048455751361,0.052713011582438,0.0499330475481105,-0.0872690469502175,0.11936595845294,1,20,0.000997390702419211,TRUE,1181.63858509064,0.000104188919067383
1211,2000,404,0.0331845380422857,0.0456261132843727,0.0475429870004743,-0.0562426439950848,0.122611720079656,1,1,0.000153663146781396,TRUE,1934.39138150215,0.000123500823974609
1214,2000,405,0.0501181746162691,0.0472441355549242,0.0495229520972269,-0.0424803310713824,0.142716680303921,1,1,0.000494420479595935,TRUE,940.192000627518,9.03606414794922e-05
1217,2000,406,-0.00460507751463313,0.0456204988057474,0.0473686480175018,-0.0940212551738981,0.0848111001446318,1,1,0.00206872551089322,TRUE,988.87136554718,6.84261322021484e-05
1220,2000,407,-0.0584227277581222,0.0489107518014778,0.0472759714802824,-0.154287801289019,0.0374423457727744,1,20,0.00691424785210972,TRUE,697.914086103439,0.000104427337646484
1223,2000,408,-0.0140504333977959,0.0461240754900873,0.0463075655480059,-0.104453621358367,0.0763527545627753,1,10,3.63792192218203e-05,FALSE,795.855250835419,0.000111818313598633
1226,2000,409,0.0337815772748867,0.0473717374881832,0.0472200214563915,-0.0590670282019523,0.126630182751726,1,1,0.00789591233217753,TRUE,2332.19825577736,0.000313282012939453
119,2000,40,-0.032824192628413,0.0454477548279785,0.0442701188409214,-0.121901792091251,0.0562534068344248,1,12,2.52567957769412e-05,FALSE,795.887748718262,0.000101804733276367
1229,2000,410,-0.00984966465325221,0.0475540996012217,0.0481464718164318,-0.103055699871647,0.0833563705651423,1,1,0.00236165276952903,TRUE,700.596393346786,9.87052917480469e-05
1232,2000,411,0.00790885367574856,0.0460436575190602,0.0479521909649372,-0.0823367150616095,0.0981544224131066,1,1,0.00357179073454584,TRUE,1359.52950000763,0.000131368637084961
1235,2000,412,0.0402354030046084,0.0460307875265479,0.0471864686476372,-0.0499849405474256,0.130455746556642,1,11,0.000596771012859955,FALSE,1102.22294282913,0.000150918960571289
1238,2000,413,-0.0854839822435711,0.0469593081514993,0.0463680788613558,-0.17752422622051,0.00655626173336757,1,5,0.000442214592922191,FALSE,986.510137081146,0.000182867050170898
1241,2000,414,0.024360389667769,0.0464992884121515,0.0467676042852793,-0.066778215620048,0.115498994955586,1,12,0.000352599254922051,FALSE,994.465299606323,0.000250577926635742
1244,2000,415,-0.0191228070444913,0.0490998397912099,0.0500624080547292,-0.115358493035263,0.0771128789462801,1,11,0.000182507792683697,FALSE,855.589663743973,0.000110864639282227
1247,2000,416,0.0866998055590549,0.0473036501846601,0.0458361725723679,-0.00601534880287898,0.179414959920989,1,15,0.0123512894792521,FALSE,795.876471996307,0.000103950500488281
1250,2000,417,-0.0385309192399055,0.0479593641893913,0.048306562138162,-0.132531273051112,0.0554694345713014,1,1,0.000698791970305093,TRUE,1046.34805655479,0.000128984451293945
1253,2000,418,0.0249367072362393,0.0459050330348851,0.046255648141964,-0.0650371575121356,0.114910571984614,1,6,2.87970691004636e-05,FALSE,779.93234539032,8.51154327392578e-05
1256,2000,419,0.0614455888446044,0.0465601941291369,0.0463521618369728,-0.029812391648504,0.152703569337713,1,1,0.00153815410636454,TRUE,973.799961566925,0.000149250030517578
122,2000,41,0.0173484772971386,0.0465933111092563,0.0461091193041455,-0.0739744124770038,0.108671367071281,1,9,0.00021406142037436,FALSE,739.346613407135,0.000229597091674805
1259,2000,420,-0.043954056385977,0.0463539845651721,0.0471775087260886,-0.134807866133714,0.0468997533617602,1,4,0.000109864309303798,FALSE,1150.33647751808,0.000100135803222656
1262,2000,421,-0.00704600646169784,0.0484221088300429,0.0484145176214763,-0.101953339768582,0.0878613268451863,1,20,0.000878213655841468,TRUE,1112.78760480881,0.000154018402099609
1265,2000,422,-0.0183161121406138,0.04632960823333,0.0483459519502714,-0.109122144277941,0.072489919996713,1,1,0.00544113382121434,TRUE,1237.79668998718,0.000180959701538086
1268,2000,423,0.0353909997824515,0.0469550391484665,0.0494666012929794,-0.0566408769485429,0.127422876513446,1,4,7.19672399948897e-05,FALSE,1152.91875553131,0.000109195709228516
1271,2000,424,0.0431945071704082,0.0462348578981523,0.0467682770894327,-0.0474258143099703,0.133814828650787,1,9,9.95551024163138e-05,FALSE,1214.07897806168,0.000502586364746094
1274,2000,425,0.0879629237628015,0.0459504638766337,0.0463767462327462,-0.00209998543540063,0.178025832961004,1,10,0.000432980293118602,FALSE,1074.21144080162,0.000166654586791992
1277,2000,426,-0.0873575613777279,0.0479937675735884,0.0486157565256472,-0.181425345821961,0.0067102230665054,1,1,0.00226836350550959,TRUE,1145.63473510742,0.000108003616333008
1280,2000,427,0.0783083311707432,0.0467246351350155,0.0478666079053289,-0.0132719536938872,0.169888616035374,1,5,0.000313298362453026,FALSE,1118.64025974274,0.000101089477539062
1283,2000,428,0.00460718045162023,0.048087911234291,0.0467397463290252,-0.0896451255675901,0.0988594864708305,1,14,0.000166089721865463,FALSE,1237.55529713631,0.000116825103759766
1286,2000,429,-0.0242559080900526,0.0473907319551235,0.048430873663762,-0.117141742722095,0.0686299265419894,1,1,0.00558109878142461,TRUE,786.337062358856,0.000124692916870117
125,2000,42,0.00913301594067628,0.0466821200010391,0.0484010520486397,-0.0823639392613604,0.100629971142713,1,1,0.0112186240087038,TRUE,714.878031253815,7.86781311035156e-05
1289,2000,430,0.00327724396042006,0.0469389509718329,0.0471134560637294,-0.0887230999443724,0.0952775878652125,1,8,0.000293490592631533,FALSE,840.259140014648,7.58171081542969e-05
1292,2000,431,0.0116299083269824,0.0477901042449295,0.0478928248018137,-0.0820386959930795,0.105298512647044,1,1,0.0112668378568285,TRUE,820.133019924164,0.000453948974609375
1295,2000,432,0.0525413553835978,0.0459096647416406,0.0473556874973267,-0.0374415875100178,0.142524298277213,1,1,0.00389799524364052,TRUE,1288.98171186447,0.000122547149658203
1298,2000,433,-0.0199297745844915,0.0471199815437508,0.0469487472017494,-0.112284938410243,0.0724253892412601,1,11,0.000442924875271461,FALSE,1095.02494001389,0.000241279602050781
1301,2000,434,0.0538496994981129,0.0460602971518817,0.048200672286753,-0.0364284829195752,0.144127881915801,1,1,0.00704653751457262,TRUE,842.278142929077,8.74996185302734e-05
1304,2000,435,0.0443249980992317,0.0463421042872477,0.0459512479952659,-0.0465055263037737,0.135155522502237,1,2,0.000614600890803949,FALSE,647.854450464249,6.38961791992188e-05
1307,2000,436,0.0109224543167888,0.0491570713254203,0.0485203531099391,-0.0854254054810349,0.107270314114613,1,11,5.72802379524371e-05,FALSE,631.812875747681,0.000330209732055664
1310,2000,437,0.00986743282251246,0.0463528704671435,0.0481516882054266,-0.0809841932930888,0.100719058938114,1,3,0.000202870942886404,FALSE,1160.37301325798,0.000191211700439453
1313,2000,438,0.0163810184839424,0.0462070472220576,0.0492896945333836,-0.0741847940712906,0.106946831039175,1,2,0.000104523063488597,FALSE,969.19988489151,0.000247001647949219
1316,2000,439,-0.0256685429451418,0.0495219982119381,0.0474179935498684,-0.12273165944054,0.0713945735502569,1,11,0.000231786352368596,FALSE,730.461777687073,0.000151157379150391
128,2000,43,0.0442270408282942,0.0483110702521007,0.0472960657104527,-0.0504626568658232,0.138916738522412,1,19,0.00490257119908443,FALSE,1820.76576781273,0.000246763229370117
1319,2000,440,0.0614944496619276,0.0465186929815367,0.0464085794442891,-0.0296821885818842,0.152671087905739,1,4,0.000303644719112318,FALSE,757.520723819733,0.000106096267700195
1322,2000,441,-0.0131364880397092,0.0467599080088485,0.0472725028421476,-0.104785907737052,0.0785129316576338,1,3,0.000292154674443495,FALSE,696.135981798172,0.000204563140869141
1325,2000,442,0.15126063081665,0.0458612237394851,0.0465513039205377,0.0613726322872597,0.241148629346041,0,1,0.00635225323616179,TRUE,1118.68919301033,9.56058502197266e-05
1328,2000,443,-0.0209825560122432,0.049493123182589,0.048644153892087,-0.117989077450118,0.0760239654256313,1,12,3.38627582258625e-05,FALSE,974.22291636467,6.96182250976562e-05
1331,2000,444,0.0870623035817576,0.0470495181758484,0.0473710741663514,-0.00515475204290523,0.17927935920642,1,1,0.00472083625337031,TRUE,888.685278654099,0.000145673751831055
1334,2000,445,-0.041733081196166,0.0462837300225521,0.0488277879341537,-0.132449192040368,0.0489830296480361,1,1,0.00446724858124708,TRUE,1696.51057124138,0.000138998031616211
1337,2000,446,0.0235009554701373,0.0464438085630518,0.0478185989173675,-0.0675289093134443,0.114530820253719,1,6,0.000106180053515979,FALSE,898.873106241226,7.91549682617188e-05
1340,2000,447,-0.0210451703710212,0.0475001094001323,0.0466601499784154,-0.11414538479528,0.0720550440532381,1,19,0.000286954974225166,FALSE,972.529324293137,8.32080841064453e-05
1343,2000,448,-0.0614762997960143,0.050589153995608,0.0476834115495667,-0.160631041627406,0.0376784420353774,1,20,0.00101663243312803,TRUE,719.185868263245,0.000186681747436523
1346,2000,449,0.00464493613047612,0.0478479456104697,0.0475555701948002,-0.0891370372660446,0.0984269095269968,1,9,0.000101961208449482,FALSE,1089.10543060303,0.000166177749633789
131,2000,44,-0.0146153441963757,0.0502359205419318,0.0480153909649185,-0.113077748458562,0.0838470600658107,1,16,0.00536744491224399,FALSE,932.044942378998,7.72476196289062e-05
1349,2000,450,-0.029185418301616,0.0475855343202807,0.0473829793196724,-0.122453065569366,0.0640822289661341,1,14,0.00020125380852422,FALSE,672.405105829239,0.000132560729980469
1352,2000,451,-0.0708013488072657,0.0477679157609357,0.0475382917146741,-0.1644264636987,0.0228237660841682,1,10,6.94193834898634e-05,FALSE,1642.39629530907,0.000131368637084961
1355,2000,452,-0.0403866771181883,0.0482284798395655,0.0479336961567599,-0.134914497603737,0.0541411433673601,1,13,0.000320745259064038,FALSE,719.552301883698,7.00950622558594e-05
1358,2000,453,0.0281900960899799,0.0449117133505289,0.0467603472521725,-0.0598368620770568,0.116217054257017,1,3,0.000330171906218344,FALSE,1143.12607741356,0.000127077102661133
1361,2000,454,-0.0122937186985417,0.0481158142299031,0.049504341210963,-0.106600714589152,0.0820132771920683,1,1,0.00129821576129454,TRUE,1091.00398445129,0.000123977661132812
1364,2000,455,0.00672062811321905,0.0483225885338932,0.0480054894582502,-0.0879916454132117,0.10143290163965,1,20,0.00195050056938209,TRUE,1180.87783288956,0.000123500823974609
1367,2000,456,0.0348095965054442,0.0483470921616992,0.0476124931726237,-0.0599507041314862,0.129569897142375,1,1,0.00369950985933986,TRUE,1141.85742902756,0.00038909912109375
1370,2000,457,0.0195976556752695,0.047170219836357,0.0471903662199327,-0.0728559752039903,0.112051286554529,1,1,0.0104588022400815,TRUE,605.799622058868,0.00012969970703125
1373,2000,458,0.049638855381581,0.0464374421358789,0.0475784971013904,-0.0413785312047416,0.140656241967904,1,11,3.50397921187404e-06,FALSE,1134.35767793655,0.000164985656738281
1376,2000,459,-0.00261305753544083,0.0487403837430062,0.0475629429060486,-0.098144209671733,0.0929180946008513,1,5,0.00017126319456112,FALSE,874.990869998932,0.000124216079711914
134,2000,45,-0.00813806297936748,0.0461921112288715,0.0446562952736291,-0.0986746009879555,0.0823984750292206,1,1,0.000878570239682305,TRUE,775.041426897049,7.74860382080078e-05
1379,2000,460,0.0159437447600315,0.0460314647461533,0.0461130356076923,-0.0742779261424291,0.106165415662492,1,1,0.00312671577583486,TRUE,1520.32463622093,0.00012660026550293
1382,2000,461,-0.0015172051087402,0.0475331676647463,0.048187512775641,-0.094682213731643,0.0916478035141626,1,10,0.000111005275836199,FALSE,728.099662303925,0.000149726867675781
1385,2000,462,-0.0141840291637018,0.0459768221807497,0.0469280986412397,-0.104298600637971,0.0759305423105676,1,11,0.000171402725327687,FALSE,822.204992294312,6.19888305664062e-05
1388,2000,463,0.0203634097781122,0.0483965018092845,0.0489988884732849,-0.0744937337680855,0.11522055332431,1,7,0.000421547644266077,FALSE,631.71329498291,0.000130653381347656
1391,2000,464,0.026813577148563,0.0473864784056556,0.0482895784673054,-0.0660639205265219,0.119691074823648,1,2,0.000112100803232161,FALSE,969.489960670471,0.000177621841430664
1394,2000,465,0.0595319742229833,0.0481141310058616,0.0492916127929738,-0.0347717225485055,0.153835670994472,1,12,0.000427161173728229,FALSE,928.417213916779,0.000344991683959961
1397,2000,466,0.021588598327128,0.0466462655855705,0.0474689543931324,-0.0698380822205902,0.113015278874846,1,4,0.000130798310917711,FALSE,1135.48711514473,0.000142574310302734
1400,2000,467,-0.00567467587845205,0.0460478140540995,0.0484107594644742,-0.095928391424487,0.0845790396675829,1,3,0.00031331437410874,FALSE,1217.75293374062,0.000145912170410156
1403,2000,468,-0.0229572775552165,0.0466206937217856,0.0473823091174994,-0.114333837249916,0.0684192821394833,1,1,0.00400473425807856,TRUE,1711.26579356194,0.000111103057861328
1406,2000,469,0.0248073355396133,0.0491214898712495,0.0477077965905197,-0.0714707846080356,0.121085455687262,1,18,1.56525872387135e-05,FALSE,1159.22917318344,0.000263452529907227
137,2000,46,0.0616953622092071,0.0462311011397513,0.0470158842057686,-0.0289175960247054,0.15230832044312,1,1,0.00665485704716893,TRUE,875.729715824127,9.70363616943359e-05
1409,2000,470,0.0237287134334572,0.045787548004367,0.0478656845115959,-0.0660148806551021,0.113472307522016,1,5,1.94667622409858e-05,FALSE,1939.60841870308,0.000252246856689453
1412,2000,471,0.0779244218815547,0.0491077355201225,0.0481800357744806,-0.0183267397378855,0.174175583500995,1,16,0.000269627305069517,FALSE,983.869903802872,0.000118732452392578
1415,2000,472,0.0494682985026849,0.0466527037617635,0.0482695527706205,-0.0419710008703716,0.140907597875741,1,1,0.00337372988385226,TRUE,958.782581329346,0.000117063522338867
1418,2000,473,-0.0169139466854886,0.045844369244868,0.0455284958511811,-0.10676891040543,0.0729410170344526,1,1,0.00182290947515647,TRUE,1084.07855200768,0.000116348266601562
1421,2000,474,0.0130041342439293,0.0488776092633737,0.04762917269273,-0.0827959799122832,0.108804248400142,1,10,0.000292940995952634,FALSE,795.943974733353,0.000254631042480469
1424,2000,475,-0.0195594432175193,0.0463877784704524,0.048384527365741,-0.110479489019606,0.0713606025845674,1,2,0.000181762711543946,FALSE,1061.6002395153,0.000121593475341797
1427,2000,476,0.0349486965129876,0.0474993262832409,0.0476654888116209,-0.0581499830021646,0.12804737602814,1,7,0.000286230627846044,FALSE,661.519324541092,0.000365734100341797
1430,2000,477,0.057445196082192,0.0478619274730553,0.0486776709824399,-0.0363641817649964,0.15125457392938,1,6,0.000111413620751576,FALSE,1097.5275118351,0.000121116638183594
1433,2000,478,0.0292392796502904,0.0505821293485421,0.0483115186129089,-0.0699016938728522,0.128380253173433,1,19,0.00138460448006184,FALSE,631.248993635178,0.000141382217407227
1436,2000,479,0.046367259994327,0.047536491037915,0.0491545864088973,-0.0468042624399864,0.13953878242864,1,6,1.63168306925089e-05,FALSE,1059.65139746666,0.000261306762695312
140,2000,47,0.0467274526292485,0.0476472691759336,0.0457153414046763,-0.0466611949555814,0.140116100214078,1,1,0.00481394899152367,TRUE,880.390931367874,0.000263452529907227
1439,2000,480,0.0271668856038578,0.0471959609212566,0.0485078099583168,-0.0653371978018051,0.119670969009521,1,1,0.00174864692027699,TRUE,1077.79776072502,0.00023341178894043
1442,2000,481,0.0292002430837326,0.0461363311433742,0.0482581359760994,-0.0612269659572808,0.119627452124746,1,1,0.000208983443124896,TRUE,1861.86417961121,0.000292301177978516
1445,2000,482,0.0229235141025881,0.0475774096516427,0.0506653520574056,-0.0703282088146316,0.116175237019808,1,2,0.000478319820605716,FALSE,1895.66899728775,0.000219345092773438
1448,2000,483,-0.0311816248743489,0.049181297964357,0.0475066565776391,-0.127576968884489,0.0652137191357908,1,20,0.00708290545021062,TRUE,1699.03825306892,0.000238418579101562
1451,2000,484,0.0308751219420504,0.0487324907254003,0.0472443959761378,-0.0646405598797342,0.126390803763835,1,13,5.51918413761488e-07,FALSE,1118.58982491493,0.000240325927734375
1454,2000,485,-0.0435153333007247,0.045565637113138,0.0464520078930544,-0.132823982042475,0.0457933154410259,1,1,0.00111599681419127,TRUE,1103.12118673325,0.00011897087097168
1457,2000,486,0.0582135589583257,0.0468150037498318,0.0470656929141073,-0.0335438483913447,0.149970966307996,1,1,0.00619932273668234,TRUE,1122.26545071602,0.00012516975402832
1460,2000,487,0.0406334464719529,0.0464339671344302,0.0458087477423133,-0.0503771291115303,0.131644022055436,1,16,0.000270844562248426,FALSE,1064.240650177,0.000179052352905273
1463,2000,488,-0.0760313439389448,0.0470532979039473,0.047991625688419,-0.168255807830682,0.0161931199527919,1,1,0.0112328046976617,TRUE,1602.820925951,0.000176668167114258
1466,2000,489,0.0487777574899495,0.0477113517803894,0.0476552822070779,-0.0447364919996138,0.142292006979513,1,1,0.00269271252619183,TRUE,759.076263666153,0.000131368637084961
143,2000,48,-0.0493026320662914,0.0469084944853836,0.0466526870918785,-0.141243281257643,0.0426380171250604,1,8,9.3798242377066e-05,FALSE,1128.66565537453,8.22544097900391e-05
1469,2000,490,-0.110918363571891,0.0498973739311993,0.0478009206853482,-0.208717216477042,-0.0131195106667405,0,18,0.000908347722866125,FALSE,748.200511932373,0.000194787979125977
1472,2000,491,-0.00931314140024209,0.0459794462655793,0.0448823823115649,-0.0994328560807775,0.0808065732802933,1,1,0.00040216086353257,TRUE,1241.29684233665,0.000107526779174805
1475,2000,492,0.0243461839736799,0.0476012995618496,0.0475684077911527,-0.0689523631675453,0.117644731114905,1,13,0.000239860161062356,FALSE,992.353443145752,0.000126361846923828
1478,2000,493,-0.0382992361160213,0.0475631231859355,0.0476805174896538,-0.131522957560455,0.0549244853284123,1,6,0.000366618639006132,FALSE,991.795346975327,9.39369201660156e-05
1481,2000,494,0.00666398493340492,0.0538397885261013,0.0481643680672555,-0.0988620005777537,0.112189970444564,1,20,0.000179414546561225,TRUE,1067.34750270844,0.000128746032714844
1484,2000,495,0.00858547918007457,0.0467861776574534,0.0478022258639924,-0.0831154290285341,0.100286387388683,1,13,0.000475693873364284,FALSE,1206.52652573586,0.00018310546875
1487,2000,496,0.116388198095663,0.0488916624804101,0.0479610042464647,0.0205605396340596,0.212215856557267,0,7,4.42404720974083e-05,FALSE,1217.74180531502,0.000122308731079102
1490,2000,497,0.0118556304077099,0.0495591209688429,0.0493795436227419,-0.0852802466912223,0.108991507506642,1,10,7.28484069279926e-05,FALSE,1169.19353413582,0.000105142593383789
1493,2000,498,-0.0614851627593413,0.0486382415184058,0.0464221832897578,-0.156816116135417,0.0338457906167339,1,19,0.000127759863669916,FALSE,1593.27628111839,0.000218629837036133
1496,2000,499,-0.00871957385326516,0.0453431021781435,0.0481701367602432,-0.0975920541224264,0.080152906415896,1,1,0.000397281469172006,TRUE,1212.10115098953,0.000157833099365234
146,2000,49,0.000141592548732472,0.0465951246765553,0.0491908225120885,-0.0911848518173159,0.0914680369147809,1,3,3.40464147171323e-05,FALSE,725.63250041008,0.000141143798828125
11,2000,4,-0.000151685588259176,0.049655191898481,0.0482098103131468,-0.0974758617092819,0.0971724905327635,1,13,0.0001249482371433,FALSE,729.958990097046,0.000162601470947266
1499,2000,500,0.0316500831634327,0.0464965006154922,0.0490607880539366,-0.059483058042932,0.122783224369797,1,1,0.000781097743338737,TRUE,1097.80256605148,0.000116586685180664
1502,2000,501,0.0109662628102414,0.0474254036220236,0.047404492670038,-0.0819875282889249,0.103920053909408,1,1,0.00667546874214668,TRUE,718.509658336639,0.000100135803222656
1505,2000,502,-0.00176974784137784,0.0478148173095722,0.0492670395342919,-0.0954867897681394,0.0919472940853837,1,8,5.65393323028736e-05,FALSE,1200.6354777813,0.000104427337646484
1508,2000,503,-0.0908373100329199,0.0522523368344329,0.0462558514915801,-0.193251890228408,0.0115772701625686,1,20,0.00438920569618961,TRUE,1034.14090871811,0.000113725662231445
1511,2000,504,-0.0385193153712937,0.0491536689501667,0.0490616690904994,-0.13486050651362,0.0578218757710331,1,1,0.00331616776246588,TRUE,854.693146705627,0.000105142593383789
1514,2000,505,-0.0510106657241169,0.0494756921937426,0.0468149773802053,-0.147983022423853,0.0459616909756186,1,20,0.00126074322358205,TRUE,867.428414821625,0.000489234924316406
1517,2000,506,0.03163852119371,0.0491471285389131,0.0467242003897742,-0.0646898507425597,0.12796689312998,1,20,0.00526104654532117,TRUE,1024.10354304314,0.000196695327758789
1520,2000,507,0.0452800366840772,0.0456198328906989,0.0465287789101292,-0.0441348357816927,0.134694909149847,1,1,0.00742728375172201,TRUE,657.46045255661,0.000117063522338867
1523,2000,508,0.0682293776987379,0.0468417833060047,0.0476225015700848,-0.0235805175810312,0.160039272978507,1,1,0.00204498277809244,TRUE,851.319969892502,0.000108480453491211
1526,2000,509,0.0479933273873686,0.0468289220317311,0.0479566306176345,-0.0437913597948243,0.139778014569562,1,3,6.86233746505685e-05,FALSE,638.739566802979,9.58442687988281e-05
149,2000,50,0.032737285869805,0.0474237167872494,0.0463643809178321,-0.0602131990332039,0.125687770772814,1,13,6.03500684195929e-05,FALSE,1376.25003695488,7.43865966796875e-05
1529,2000,510,0.0521511310126658,0.0458672711391982,0.0471364475951957,-0.0377487204201627,0.142050982445494,1,1,0.00200472965487671,TRUE,1778.65381574631,0.000199317932128906
1532,2000,511,-0.00699372414782751,0.0479552291350884,0.0480709789516535,-0.100985973252601,0.0869985249569457,1,5,3.04148259523451e-05,FALSE,1651.21954870224,0.000103235244750977
1535,2000,512,-0.093896579187789,0.0466874475086085,0.0464885951921365,-0.185403976304662,-0.00238918207091644,0,1,0.00484440489671454,TRUE,731.096512794495,0.000119447708129883
1538,2000,513,0.0163059934409391,0.0514939569679594,0.0485403071720798,-0.0846221622162614,0.11723414909814,1,20,0.00529390638090527,TRUE,1584.94365334511,0.000155448913574219
1541,2000,514,-0.0119092174714881,0.0465242116844534,0.0469936196688558,-0.103096672373017,0.0792782374300406,1,4,0.000222106723953179,FALSE,631.4754550457,9.60826873779297e-05
1544,2000,515,0.00564064728623337,0.0460757797030695,0.0475894163538655,-0.0846678809317829,0.0959491755042497,1,1,0.00571253482027174,TRUE,715.966464519501,0.000392913818359375
1547,2000,516,0.0131623265890726,0.0467620342745938,0.0471246609590922,-0.0784912605891313,0.104815913767276,1,1,3.04679686114404e-05,TRUE,645.618379831314,0.000134706497192383
1550,2000,517,-0.0341503278766691,0.0462833300808555,0.0468551123615209,-0.124865654835146,0.0565649990818078,1,14,0.000424865224899266,FALSE,1353.35740041733,0.000113487243652344
1553,2000,518,0.0101697137255965,0.0488836636773273,0.0462684738153547,-0.0856422670819651,0.105981694533158,1,20,8.06946497056238e-06,TRUE,1301.31813669205,0.000204086303710938
1556,2000,519,-0.0121817791028218,0.0477627375725361,0.0497209441777229,-0.105796744744993,0.081433186539349,1,1,0.00406530553777428,TRUE,1076.31485247612,0.000365257263183594
152,2000,51,-0.00313619633757234,0.0477694272876377,0.0468753446078536,-0.0967642738213422,0.0904918811461975,1,17,6.5671831758945e-05,FALSE,887.756570100784,0.000108003616333008
1559,2000,520,-0.030746696902946,0.0463389010445327,0.0473859050988902,-0.12157094295023,0.0600775491443382,1,1,0.000551099060725156,TRUE,1213.7533364296,0.000177860260009766
1562,2000,521,0.00137975235686816,0.0489644573654634,0.0507072925781903,-0.0945905840794401,0.0973500887931764,1,6,0.00195333464419451,FALSE,1025.11069321632,0.0001678466796875
1565,2000,522,0.0302703774030331,0.0469857324339944,0.0468748477617483,-0.061821658167596,0.122362412973662,1,2,0.000592758362058495,FALSE,1254.85915589333,0.000146389007568359
1568,2000,523,0.0478467065956928,0.0460042223041387,0.0471382072096928,-0.0423215691204192,0.138014982311805,1,8,5.60821905166591e-05,FALSE,1520.66129660606,8.34465026855469e-05
1571,2000,524,0.00220771628247296,0.0487242166539854,0.0495401397597384,-0.0932917483593384,0.0977071809242843,1,4,3.76841678806234e-05,FALSE,1156.0993885994,0.000102758407592773
1574,2000,525,-0.00589126475759216,0.047864960830519,0.0484543300455249,-0.0997065879854095,0.0879240584702252,1,1,0.000549082386223391,TRUE,651.935472011566,0.000156879425048828
1577,2000,526,0.0136776592899913,0.0472836490121128,0.0479786608084912,-0.0789982927737498,0.106353611353732,1,1,0.00532052067736839,TRUE,1087.06324052811,0.000156402587890625
1580,2000,527,0.000131465441992051,0.0457757813275738,0.0473948517125457,-0.0895890659600526,0.0898519968440367,1,1,0.000351116575399211,TRUE,791.773686170578,0.000243425369262695
1583,2000,528,0.021929283961857,0.048445555067873,0.0475906322616417,-0.0730240039711742,0.116882571894888,1,13,0.000268622872808777,FALSE,1015.88196229935,0.000187873840332031
1586,2000,529,0.0421412556125766,0.0473822893829086,0.0472438745453809,-0.0507280315779242,0.135010542803078,1,1,0.0131264018563091,TRUE,1125.42528867722,0.000161170959472656
155,2000,52,0.0208196910469471,0.0495900560906613,0.0466689068599039,-0.0763768188907489,0.118016200984643,1,15,0.000220304034756072,FALSE,722.159033298492,0.000116109848022461
1589,2000,530,-0.0339331288414286,0.04874488564051,0.0473825105139982,-0.129473104696828,0.0616068470139709,1,18,8.45003888512126e-05,FALSE,1035.89306259155,7.12871551513672e-05
1592,2000,531,-0.0272377806900466,0.0507539594717741,0.0485394901922649,-0.126715541254724,0.0722399798746306,1,20,0.000655837715896542,TRUE,1108.74982881546,0.0001983642578125
1595,2000,532,0.0699009127474433,0.0479885054887337,0.0486513566324038,-0.0241565580104748,0.163958383505361,1,14,0.00261960453766587,FALSE,726.183504104614,0.000128746032714844
1598,2000,533,0.0338461216724703,0.0473731949578426,0.0471798703799656,-0.0590053404449013,0.126697583789842,1,1,0.00530563049245541,TRUE,1133.0493273735,0.000121355056762695
1601,2000,534,-0.0108660535461373,0.0460192469091933,0.0467701098863379,-0.101063777488156,0.0793316703958815,1,5,0.000357413495838993,FALSE,981.978294372559,0.000284910202026367
1604,2000,535,0.0147535211062479,0.0471549519962157,0.048304180121849,-0.0776701848063347,0.107177227018831,1,2,0.000274133333974984,FALSE,1121.68705010414,0.000169038772583008
1607,2000,536,0.0103930471720035,0.0489913854611473,0.0480730858934405,-0.0856300683318452,0.106416162675852,1,18,0.000501411617644364,FALSE,827.484415769577,0.000109672546386719
1610,2000,537,0.0286800619552231,0.0484727523275517,0.046727482340364,-0.0663265326067782,0.123686656517224,1,12,4.19797205200357e-05,FALSE,1272.83419060707,0.000123500823974609
1613,2000,538,0.00510990694308033,0.0469286234677136,0.0494060444829225,-0.0868701950536383,0.097090008939799,1,1,0.00436556846116358,TRUE,943.454824924469,0.00022125244140625
1616,2000,539,-0.00119986328293908,0.0475966685775554,0.0483102012504646,-0.0944893336949476,0.0920896071290694,1,7,7.47893708650235e-05,FALSE,1007.93312621117,0.000111579895019531
158,2000,53,0.0346217215278186,0.0460584644004333,0.047603078211352,-0.0556528686970306,0.124896311752668,1,1,0.00220662491037932,TRUE,985.916931152344,6.22272491455078e-05
1619,2000,540,0.0589596934839336,0.0500394272452675,0.0453828247867543,-0.0391175839167908,0.157036970884658,1,20,0.00502868824315793,TRUE,1078.21909809113,0.000120401382446289
1622,2000,541,-0.00484908971975584,0.0472016300404025,0.0486475187269474,-0.0973642845989447,0.0876661051594331,1,9,5.59028257009536e-05,FALSE,1632.42978143692,0.000116109848022461
1625,2000,542,-0.0149031390043979,0.0482842034677848,0.0451713164765891,-0.109540177801256,0.0797338997924602,1,18,0.000557496932631914,FALSE,1137.13305616379,0.000115156173706055
1628,2000,543,0.0377075074240442,0.0477098155032218,0.0474065711860333,-0.0558037309622705,0.131218745810359,1,15,3.82686940894673e-05,FALSE,876.957680463791,0.000101804733276367
1631,2000,544,-0.0247469165731207,0.0452423353423314,0.0463413438930742,-0.11342189384409,0.0639280606978489,1,1,0.0022079607085884,TRUE,667.882547855377,9.36985015869141e-05
1634,2000,545,-0.0752299212815666,0.0466897513374505,0.0474422121745776,-0.16674183390297,0.0162819913398364,1,1,0.0106036746117425,TRUE,1382.35144400597,0.000105619430541992
1637,2000,546,-0.0134382042000092,0.0474601864775393,0.0474498141986742,-0.106460169695986,0.0795837612959679,1,20,0.00462603825469152,TRUE,1606.43373727798,0.000288963317871094
1640,2000,547,-0.040802950733958,0.0472313290190725,0.0455745895729029,-0.13337635561134,0.0517704541434241,1,1,0.00366165570980997,TRUE,1123.25946092606,0.000119924545288086
1643,2000,548,-0.0776891990112845,0.0493831705491245,0.0502284281427677,-0.174480213287569,0.0191018152649996,1,2,9.93464131007295e-05,FALSE,771.66263794899,6.38961791992188e-05
1646,2000,549,-0.0795673974998852,0.0495952697632358,0.048634725737614,-0.176774126235827,0.0176393312360571,1,1,0.0193692351005352,TRUE,932.5034532547,0.000113725662231445
161,2000,54,0.0667674895609849,0.0540851496205721,0.0479710247705912,-0.0392394036953365,0.172774382817306,1,19,0.000533068412213354,FALSE,1154.06582164764,0.000229597091674805
1649,2000,550,0.0646682245554642,0.0474604128912014,0.0485910053212077,-0.0283541847112906,0.157690633822219,1,1,0.00672351511488187,TRUE,1689.71856379509,0.000320672988891602
1652,2000,551,-0.0208366026839879,0.0466354737500758,0.0470370551550532,-0.112242131234136,0.0705689258661607,1,1,0.00652357939112319,TRUE,662.140336990356,0.000121116638183594
1655,2000,552,0.0730601109738394,0.0494806979585473,0.0489948980966501,-0.0239220570249133,0.170042278972592,1,11,0.000280976245110195,FALSE,1585.54415678978,0.000181198120117188
1658,2000,553,0.0245539578927767,0.0484837663689413,0.0482088933885798,-0.0704742241903482,0.119582139975902,1,7,3.11996827432577e-05,FALSE,760.808397054672,0.000126361846923828
1661,2000,554,-0.0137016230211879,0.0464242826498567,0.0473625522760959,-0.104693217014907,0.0772899709725312,1,5,0.000412751167295664,FALSE,641.67008805275,0.000126838684082031
1664,2000,555,0.0197541215027519,0.0485053124001955,0.0482051858991158,-0.0753162908016313,0.114824533807135,1,16,0.000272370389992718,FALSE,1452.22702121735,0.000130176544189453
1667,2000,556,-0.0269425337100883,0.0489376509532679,0.0501576197926524,-0.122860329578493,0.0689752621583168,1,1,0.00197370390579893,TRUE,996.423570632935,0.000122785568237305
1670,2000,557,-0.00241499171451132,0.0463554095800827,0.0475273376646349,-0.0932715944914734,0.0884416110624508,1,1,0.00235923509949673,TRUE,678.522736310959,0.000122308731079102
1673,2000,558,0.0744226761185549,0.0457322347946195,0.0462233671550949,-0.0152125040788992,0.164057856316009,1,6,9.24449566369131e-05,FALSE,861.777937650681,0.00014805793762207
1676,2000,559,-0.0187645583681616,0.0467266829451207,0.0491922234694074,-0.110348856940598,0.072819740204275,1,1,0.0033251656510709,TRUE,1219.30113911629,0.000156164169311523
164,2000,55,-0.0599459465702767,0.0468987106602825,0.0475678746568301,-0.15186741946443,0.031975526323877,1,2,0.000458895353555792,FALSE,771.759904623032,0.000113487243652344
1679,2000,560,-0.0545048175499415,0.0459144757898571,0.0484649530916855,-0.144497190098062,0.0354875549981784,1,1,0.00153712398057153,TRUE,551.827818393707,9.84668731689453e-05
1682,2000,561,-0.0305547004879196,0.0471494718068316,0.0480182352527231,-0.12296766522931,0.0618582642534704,1,1,5.96837813992771e-06,TRUE,1697.10880613327,0.000103473663330078
1685,2000,562,0.049330438077845,0.045543268585988,0.0481620676115859,-0.0399343683506916,0.138595244506382,1,1,3.74186182407559e-05,TRUE,753.810458421707,9.48905944824219e-05
1688,2000,563,0.00578445893045321,0.0474557193495588,0.0478779334000136,-0.087228750994682,0.0987976688555884,1,1,0.00810123365809504,TRUE,1022.91159558296,0.000131368637084961
1691,2000,564,0.0341696564583285,0.0466951417996532,0.0474322373744228,-0.0573528214689917,0.125692134385649,1,7,0.000407854809368299,FALSE,844.28692650795,0.000112533569335938
1694,2000,565,-0.0636223878528639,0.0469464865338477,0.047427100598289,-0.155637501459205,0.0283927257534777,1,6,0.000141305384129614,FALSE,845.846175193787,0.000196933746337891
1697,2000,566,-0.0310327334633161,0.0462881780571585,0.0474217841986624,-0.121757562455347,0.0596920955287145,1,5,0.000598320618865235,FALSE,763.210825681686,0.000119447708129883
1700,2000,567,0.049825138918244,0.0495478573010316,0.0468843428507579,-0.0472886613917779,0.146938939228266,1,14,0.0001932829363644,FALSE,965.561781406403,0.000128030776977539
1703,2000,568,0.0517091821954632,0.0467480559555347,0.0461814918105178,-0.0399170074773848,0.143335371868311,1,1,0.0138918901751369,TRUE,878.087943553925,0.000188350677490234
1706,2000,569,-0.0228235827407796,0.0471161249342161,0.04758063283529,-0.115171187611843,0.069524022130284,1,13,0.000272707368673733,FALSE,1311.7266330719,0.000122547149658203
167,2000,56,0.000647834862118279,0.0467445288994387,0.0482761290659949,-0.0909714417807815,0.0922671115050181,1,7,0.000503166615004459,FALSE,1112.12885451317,0.000255346298217773
1709,2000,570,0.0379863694918826,0.047194563514465,0.0463618975828398,-0.0545149749964688,0.130487713980234,1,17,0.000119378438062053,FALSE,942.04495716095,0.000116109848022461
1712,2000,571,0.0700492714265653,0.0471797805722654,0.0490913674846392,-0.022423098495075,0.162521641348205,1,4,0.00145740681582802,FALSE,1307.26581764221,0.000123739242553711
1715,2000,572,0.0661647473821827,0.0497098849124224,0.0493897857730081,-0.0312666270461653,0.163596121810531,1,15,2.19509266199701e-05,FALSE,601.621992588043,6.65187835693359e-05
1718,2000,573,-0.0333349105999919,0.0510884005345405,0.0492529136088466,-0.133468175647691,0.0667983544477075,1,12,0.000240126767757985,FALSE,1092.3925409317,0.000207185745239258
1721,2000,574,0.0247055695710974,0.0470834898693848,0.0467847496138726,-0.0675780705728968,0.116989209715092,1,9,0.000453918902465394,FALSE,1623.77359557152,0.000108480453491211
1724,2000,575,0.0319168413333331,0.0485815458298012,0.0473917406896649,-0.0633029884930773,0.127136671159743,1,1,0.00113973275621664,TRUE,1481.05856490135,8.58306884765625e-05
1727,2000,576,-0.0452058487623745,0.0495226502955281,0.0468680270532937,-0.14227024334161,0.0518585458168605,1,20,0.00385788576813491,TRUE,1148.97499728203,0.000200748443603516
1730,2000,577,-0.010653734744176,0.0460643540921899,0.0468402765718736,-0.100939868764868,0.0796323992765162,1,6,0.000396586844441917,FALSE,1015.63430142403,0.00017547607421875
1733,2000,578,0.028472606839562,0.0468065327167699,0.04766159092602,-0.0632681972853071,0.120213410964431,1,1,0.0013920835920463,TRUE,785.515877485275,0.000119686126708984
1736,2000,579,0.0554517821150806,0.0466003067461392,0.0472174284748587,-0.0358848191073522,0.146788383337513,1,1,0.000525573607923157,TRUE,620.758496046066,0.000355958938598633
170,2000,57,-0.0312044486451688,0.0505563727182268,0.0491916070345691,-0.130294939172893,0.0678860418825557,1,17,0.0004404964437207,FALSE,661.007895231247,0.00014185905456543
1739,2000,580,0.0210858935469453,0.0471483309844553,0.0468389876524609,-0.071324835182587,0.113496622276478,1,1,0.000663555062775883,TRUE,620.951098442078,0.000127553939819336
1742,2000,581,0.105380189363055,0.0467716471629151,0.0481438260522897,0.0137077609237413,0.197052617802369,0,1,0.00164388815118129,TRUE,1349.98765826225,0.000105381011962891
1745,2000,582,-0.0077421055413458,0.0472184774866303,0.047151194049866,-0.100290321415141,0.0848061103324495,1,1,3.12351140124402e-05,TRUE,1523.88628029823,0.000117063522338867
1748,2000,583,-0.0623062070896556,0.0480599918882264,0.0480027284575614,-0.156503791190579,0.0318913770112682,1,7,0.000196147060243202,FALSE,1389.94707298279,0.000474452972412109
1751,2000,584,-0.0365871109023868,0.0480395309363228,0.0469801217266905,-0.13074459153758,0.057570369732806,1,16,0.000188422557768298,FALSE,1253.58305907249,0.000172138214111328
1754,2000,585,0.0394985605283423,0.048303426694783,0.0481071561894053,-0.0551761557934323,0.134173276850117,1,6,3.73747299508401e-05,FALSE,1106.98979306221,0.000162601470947266
1757,2000,586,0.0944228220020029,0.0474878216751861,0.0473419955232021,0.00134669151863813,0.187498952485368,0,5,0.00022390424756214,FALSE,996.024376869202,7.36713409423828e-05
1760,2000,587,0.013964656923461,0.0468403092865807,0.047217428541122,-0.0778423492782372,0.105771663125159,1,1,0.0149018327830646,TRUE,967.013172626495,0.000185251235961914
1763,2000,588,-0.0827220617753779,0.0470778097078259,0.0475733935015936,-0.174994568802717,0.00955044525196082,1,3,0.000301782009893037,FALSE,1513.69046998024,0.00046849250793457
1766,2000,589,-0.0341599179410141,0.0486645662790032,0.0482320415586958,-0.12954246784786,0.0612226319658322,1,10,0.000456743922390744,FALSE,1485.10943698883,0.000215291976928711
173,2000,58,0.0167677397828954,0.0450186003320936,0.0455982554276356,-0.0714687168680082,0.105004196433799,1,9,0.000128787955881947,FALSE,892.487260103226,0.000105857849121094
1769,2000,590,0.067194340744397,0.0467064321825522,0.0478763747380003,-0.0243502663334054,0.158738947822199,1,17,8.43295479555239e-05,FALSE,1679.8612716198,0.000108003616333008
1772,2000,591,0.0177614846995406,0.0475873079060795,0.047872315509556,-0.0755096387963752,0.111032608195457,1,1,0.000204251596569136,TRUE,1643.54603981972,0.000108242034912109
1775,2000,592,-0.10266138444932,0.0486119960760964,0.0467859831204331,-0.197940896758469,-0.00738187214017101,0,19,0.00120239872112522,FALSE,1267.58676838875,0.000189781188964844
1778,2000,593,-0.0223323544422256,0.0451713340212867,0.0470090872772087,-0.110868169123948,0.0662034602394964,1,1,0.00242563647438202,TRUE,1262.8175778389,0.000150680541992188
1781,2000,594,-0.0168625577376924,0.0477518613400655,0.0483300255105296,-0.110456205964221,0.0767310904888359,1,9,6.35451339255671e-05,FALSE,635.168556690216,6.29425048828125e-05
1784,2000,595,0.0250441171265241,0.0470207934071979,0.0455134256802789,-0.0671166379515838,0.117204872204632,1,13,0.000807136710507384,FALSE,1117.4000647068,0.000123262405395508
1787,2000,596,-0.0296240215260811,0.0467259583256089,0.0472203703397331,-0.121206899844275,0.0619588567921123,1,17,0.000430492758030585,FALSE,902.36922621727,0.000107526779174805
1790,2000,597,0.0337059864235203,0.0477830034885305,0.0491157107940009,-0.0599487004139994,0.12736067326104,1,1,0.00268358920168755,TRUE,1158.5504693985,0.000122785568237305
1793,2000,598,-0.0346700880136372,0.0511067240970429,0.048809173129031,-0.134839267243841,0.0654990912165669,1,15,8.4718309552633e-05,FALSE,960.655217409134,0.000113725662231445
1796,2000,599,0.0701198746622318,0.0464559654810593,0.0471354905089933,-0.0209338176806443,0.161173567005108,1,4,0.00024428787936936,FALSE,1321.11337041855,0.000121116638183594
176,2000,59,-0.0524071329407718,0.0475717209135598,0.0474525382608052,-0.145647705931349,0.0408334400498053,1,9,0.000170078752985532,FALSE,777.243379592896,0.000189542770385742
14,2000,5,-0.0879427925667198,0.0485197585411081,0.0468608596205481,-0.183041519307292,0.007155934173852,1,9,0.000523294568979582,FALSE,680.137997865677,0.000196695327758789
1799,2000,600,0.0298499873493662,0.0491073298113016,0.0473468724329311,-0.066400379080785,0.126100353779517,1,20,0.00309843376456479,TRUE,1215.91416406631,0.000113725662231445
1802,2000,601,0.023572176762678,0.0459667413619535,0.047072365940773,-0.0665226363067509,0.113666989832107,1,1,0.00372462376225404,TRUE,606.776408910751,7.91549682617188e-05
1805,2000,602,0.0283980650762363,0.0459282483309171,0.0467493356050211,-0.0616213016523613,0.118417431804834,1,1,0.000720541041911551,TRUE,945.683725833893,0.000116586685180664
1808,2000,603,-0.01842818486146,0.048230211854495,0.0500133700098886,-0.11295940009627,0.0761030303733502,1,8,1.19167058119193e-05,FALSE,1270.98373985291,0.000104665756225586
1811,2000,604,0.0245851442727349,0.0488115748721004,0.0489515175990264,-0.0710855424765818,0.120255831022052,1,20,0.00815518505556747,TRUE,763.910169363022,0.000131368637084961
1814,2000,605,0.0111982244411795,0.0495113321446233,0.0488559431766065,-0.0858439865622823,0.108240435444641,1,14,0.000280807443296128,FALSE,1110.2830286026,0.000200986862182617
1817,2000,606,-0.0229623598791281,0.0477260549196324,0.0469188995312347,-0.116505427521608,0.0705807077633515,1,12,0.000106553238660863,FALSE,800.826503753662,0.000110149383544922
1820,2000,607,-0.042109797895673,0.0474855262921817,0.0463134388624385,-0.135181429428349,0.0509618336370032,1,4,0.0103515037482607,FALSE,1260.16245818138,0.000139951705932617
1823,2000,608,-0.0105272663617682,0.0490675899428562,0.0465009357219349,-0.106699742649766,0.08564520992623,1,20,0.00137450818564485,TRUE,610.354542016983,0.00012660026550293
1826,2000,609,0.0867939383808974,0.0509760402711322,0.0485486036630744,-0.0131191005505217,0.186706977312317,1,18,8.91181682213049e-05,FALSE,1085.81635522842,0.000131607055664062
179,2000,60,-0.032910407960643,0.0466048687072076,0.0478579049384845,-0.12425595062677,0.0584351347054838,1,1,0.00462031117224524,TRUE,1078.18702101707,0.000214576721191406
1829,2000,610,0.00852185274189243,0.047827892111199,0.0491575848219796,-0.0852208157960576,0.102264521279842,1,1,0.00032904755237566,TRUE,1519.39220571518,0.000243186950683594
1832,2000,611,0.0145263727766338,0.0466467219034874,0.0467720581020268,-0.0769012021542014,0.105953947707469,1,6,0.00542439743585106,FALSE,648.37539434433,0.000153541564941406
1835,2000,612,0.0222278470214308,0.0478084550046417,0.047912453715817,-0.0714767247876669,0.115932418830528,1,17,6.16099614504389e-06,FALSE,641.852437973022,0.000112295150756836
1838,2000,613,-0.04125886609083,0.0502299703575799,0.0504999179159225,-0.139709607991687,0.0571918758100267,1,1,0.0176752703776315,TRUE,2074.26914095879,0.000374794006347656
1841,2000,614,-0.00302686157044363,0.0490713208111669,0.0466906422033161,-0.0992066503603308,0.0931529272194436,1,13,0.000109818970222256,FALSE,613.510238409042,0.000137805938720703
1844,2000,615,0.010878547874396,0.0483518952847216,0.0479402519589877,-0.0838911668836583,0.10564826263245,1,1,0.00571347702770961,TRUE,1124.70338129997,0.000207424163818359
1847,2000,616,-0.0489960307270421,0.0467353614970448,0.0491248950598264,-0.14059733926125,0.0426052778071658,1,1,0.000482773829778787,TRUE,1309.76545500755,0.000150918960571289
1850,2000,617,-0.0493317409312521,0.0469699908009964,0.0482116166032246,-0.141392922901205,0.0427294410387007,1,13,0.000283827259887229,FALSE,1056.93340754509,0.000166893005371094
1853,2000,618,0.0516285837684849,0.0489369200493336,0.0482779911765239,-0.0442877795282089,0.147544947065179,1,14,0.000453858174768009,FALSE,1150.53896641731,0.00014948844909668
1856,2000,619,0.0648235880678129,0.0479453700133932,0.0469273380055602,-0.0291493371584379,0.158796513294064,1,6,0.000192421428802989,FALSE,1119.95554423332,0.000119686126708984
182,2000,61,-0.0038107604111528,0.0483286815406981,0.0477298424786529,-0.0985349762309211,0.0909134554086155,1,1,0.00160030252100245,TRUE,1666.64965367317,0.000233650207519531
1859,2000,620,-0.010553219062476,0.0467773681044666,0.0475183592322268,-0.102236860547231,0.0811304224222786,1,1,0.00342567291749128,TRUE,1054.42432379723,0.000107526779174805
1862,2000,621,0.0215915738969943,0.0515189687968209,0.0501875985490449,-0.0793856049447746,0.122568752738763,1,20,0.00789506997276712,TRUE,669.787353038788,0.000128030776977539
1865,2000,622,0.0803014308659382,0.0477130937651857,0.0481931283461023,-0.0132162329138257,0.173819094645702,1,9,0.000189884008924388,FALSE,693.102782964706,0.000125646591186523
1868,2000,623,0.00691765125195487,0.0474841085348951,0.0479698941876525,-0.0861512014764396,0.0999865039803493,1,7,0.000467519366245068,FALSE,1118.77829170227,0.000261783599853516
1871,2000,624,0.0523643859133885,0.046772489663777,0.0476290162921033,-0.0393096938276144,0.144038465654391,1,1,0.00474526554955714,TRUE,1004.39601016045,0.00017094612121582
1874,2000,625,0.00323126228672277,0.046357314441055,0.0463599083517003,-0.087629074017745,0.0940915985911906,1,1,0.00997457022930757,TRUE,632.207993984222,9.48905944824219e-05
1877,2000,626,0.0323117237487432,0.0454704345768347,0.0462879355088488,-0.0568103280218527,0.121433775519339,1,1,0.00494670916216329,TRUE,1031.01465988159,6.12735748291016e-05
1880,2000,627,-0.0245143867890385,0.0467525015709304,0.0479617578383616,-0.116149289868062,0.067120516289985,1,1,0.00222629669119096,TRUE,1147.07070803642,0.000123977661132812
1883,2000,628,0.0808325842977713,0.0474086703165437,0.0481833788857774,-0.0120884095226544,0.173753578118197,1,1,0.00763732471272055,TRUE,818.735538005829,8.58306884765625e-05
1886,2000,629,0.04534391614921,0.0470548987337142,0.0480648410503036,-0.0468836853688699,0.13757151766729,1,11,0.000256255190495869,FALSE,997.73336815834,0.000174760818481445
185,2000,62,-0.0209431438685821,0.0468533483853292,0.0457087733746203,-0.112775706703827,0.0708894189666632,1,4,0.000371288307925444,FALSE,1578.81235146523,0.000182628631591797
1889,2000,630,-0.00624509028246911,0.0479630511332729,0.0475371061682346,-0.100252670503684,0.0877624899387457,1,6,0.000329151779506349,FALSE,746.51168680191,9.87052917480469e-05
1892,2000,631,-0.0380694709531488,0.0459641389804283,0.0476586040562574,-0.128159183354788,0.0520202414484907,1,2,0.000141147566984794,FALSE,687.430227518082,9.10758972167969e-05
1895,2000,632,0.0488267611437662,0.0486087751043743,0.0475688089920777,-0.0464464380608074,0.14409996034834,1,20,0.00409050597487254,TRUE,1243.45838975906,0.000151157379150391
1898,2000,633,-0.0430526526629529,0.0472558341375347,0.0467067665701978,-0.135674087572521,0.0495687822466151,1,1,0.00220765028236255,TRUE,852.801294326782,0.000160455703735352
1901,2000,634,-0.00926340224212185,0.0462925726928121,0.0449664585330212,-0.0999968447200336,0.0814700402357899,1,11,0.000156433445142696,FALSE,1127.95675086975,0.000113010406494141
1904,2000,635,-0.016569538370017,0.0457994750957879,0.0471981441150054,-0.106336509557761,0.0731974328177274,1,1,0.000201492147412394,TRUE,835.59407544136,0.000113725662231445
1907,2000,636,-0.0542063735249698,0.051457795840905,0.047376326250585,-0.155063653373144,0.046650906323204,1,20,0.00296874677578239,TRUE,937.626831531525,0.000247001647949219
1910,2000,637,-0.0548625405748517,0.0466408820672874,0.0465245803349037,-0.146278669426735,0.0365535882770317,1,3,0.000101705264386601,FALSE,1098.29861450195,0.000198125839233398
1913,2000,638,0.0194731189830626,0.0472682641044683,0.046448048406428,-0.0731726786616953,0.11211891662782,1,9,0.000459436194165327,FALSE,1064.08800148964,0.000118255615234375
1916,2000,639,0.0577655252773753,0.0449223231566751,0.0466166629944608,-0.0302822281097079,0.145813278664459,1,1,0.0018280892214454,TRUE,655.539015769958,0.000171422958374023
188,2000,63,0.0279672203561996,0.047426317174633,0.0482259116440831,-0.0649883613060812,0.12092280201848,1,1,0.0131834374644404,TRUE,1421.58617115021,9.44137573242188e-05
1919,2000,640,0.057042649664874,0.047352163286932,0.0490328102263988,-0.0357675903775127,0.149852889707261,1,1,0.00142919084837232,TRUE,1151.78690552711,7.79628753662109e-05
1922,2000,641,0.0496894959946721,0.048586648247832,0.0479484451465732,-0.0455403345710787,0.144919326560423,1,15,0.000116597793408493,FALSE,708.075045585632,0.000115633010864258
1925,2000,642,0.0080999854125301,0.0458654926986296,0.0486014758863174,-0.0817963802767839,0.0979963511018441,1,8,0.000263058066639273,FALSE,1181.36654853821,0.000194549560546875
1928,2000,643,0.00207513222738553,0.0504277911437894,0.0479285543504879,-0.0967633384144417,0.100913602869213,1,11,0.00016927262321365,FALSE,1117.82128882408,0.000160694122314453
1931,2000,644,0.0588519503539312,0.0472957732892269,0.0481635651832819,-0.0338477652929534,0.151551666000816,1,4,0.000195312718867107,FALSE,1113.66852545738,0.000227928161621094
1934,2000,645,0.00265954490561637,0.0468593767311824,0.0470442398547118,-0.0891848334875012,0.0945039232987339,1,1,0.00472294114241027,TRUE,929.642765522003,0.000293970108032227
1937,2000,646,-0.07180820781382,0.0489701044321746,0.0465464087147425,-0.167789612500882,0.0241731968732422,1,20,0.000412728973237644,TRUE,663.143595457077,0.000137090682983398
1940,2000,647,0.0240479871864525,0.0474369426978522,0.0479760360471313,-0.0689284205013378,0.117024394874243,1,9,0.000324825339118542,FALSE,1265.91562795639,0.000150918960571289
1943,2000,648,0.0593102609260907,0.0477544531104549,0.047850015835543,-0.0342884671704009,0.152908989022582,1,6,0.000139405768580169,FALSE,1087.08049941063,0.000181913375854492
1946,2000,649,0.0186936584817581,0.0489797248431905,0.0490169818099227,-0.0773066022108952,0.114693919174411,1,6,0.000440036843102859,FALSE,642.157230854034,0.000146150588989258
191,2000,64,0.0183698847420763,0.0485204700074434,0.0481427636107942,-0.0767302364725127,0.113470005956665,1,1,0.00927954869741221,TRUE,1077.51043772697,0.000123977661132812
1949,2000,650,-0.00940946511566243,0.0470156206737854,0.046503638086977,-0.101560081636282,0.0827411514049569,1,11,4.61836110528312e-05,FALSE,954.173846244812,7.29560852050781e-05
1952,2000,651,0.0198243568231641,0.046514922362183,0.047244579312949,-0.0713448910067147,0.110993604653043,1,11,0.000482362335943862,FALSE,1126.90264177322,0.000132322311401367
1955,2000,652,0.0468874456775301,0.0485901173321555,0.0489335949609009,-0.0483491842934946,0.142124075648555,1,13,0.000208522747120397,FALSE,1071.71248698235,8.94069671630859e-05
1958,2000,653,-0.00180524097308044,0.0467786064315274,0.0454650884580102,-0.0934913095788742,0.0898808276327134,1,12,0.000618251252428027,FALSE,976.223641633987,0.000116586685180664
1961,2000,654,-0.0140044529275372,0.0480021813406616,0.0487313316253373,-0.108088728355234,0.0800798225001596,1,7,0.000240560743849761,FALSE,1063.11550021172,0.000109434127807617
1964,2000,655,0.093681222801737,0.0493588718245589,0.0472711156292435,-0.00306216597439843,0.190424611577872,1,20,0.00593704688535779,TRUE,1296.84297299385,0.000125646591186523
1967,2000,656,-0.0284482433823634,0.0463218654626181,0.0482660721589678,-0.119239099689095,0.0623426129243681,1,1,0.000346454758696253,TRUE,1123.74205541611,0.000193357467651367
1970,2000,657,0.0656324554469804,0.0475236995279322,0.0478506765894948,-0.0275139956277667,0.158778906521727,1,1,0.00270371060218349,TRUE,639.393341779709,0.00011444091796875
1973,2000,658,0.00479344729443199,0.0483855645017671,0.0480363370672123,-0.0900422591290315,0.0996291537178954,1,17,0.000247507015140129,FALSE,1177.46454620361,0.000160455703735352
1976,2000,659,0.133955351339353,0.0462718992685917,0.0476765091218855,0.0432624287729137,0.224648273905793,0,1,0.0100556628825506,TRUE,1094.2302479744,0.000123262405395508
194,2000,65,0.0700532974194492,0.0476706881226246,0.048720224647422,-0.0233812513008951,0.163487846139794,1,14,0.00936115854804297,FALSE,1847.40385746956,0.000120401382446289
1979,2000,660,-0.0623732087277493,0.0459484330331746,0.0460738835813148,-0.152432137472772,0.0276857200172729,1,12,0.000480792171320962,FALSE,1913.13001775742,0.000124931335449219
1982,2000,661,-0.0658715231081675,0.047046210355624,0.0479264860571071,-0.158082095405191,0.0263390491888557,1,8,0.000613195055341064,FALSE,932.0406935215,0.000111103057861328
1985,2000,662,0.0246814760943614,0.0468688967570975,0.0473392387428822,-0.0671815615495497,0.116544513738273,1,5,0.00014650048977745,FALSE,953.141392469406,0.000107288360595703
1988,2000,663,0.0329312879005759,0.0503434233828942,0.0473457056396616,-0.0657418219298968,0.131604397731049,1,20,0.0039669249659525,TRUE,598.342530965805,8.82148742675781e-05
1991,2000,664,-0.00658153681270668,0.0464642332941369,0.0480199487145372,-0.0976514340692149,0.0844883604438016,1,6,0.000173090343461264,FALSE,1137.75134253502,0.000157356262207031
1994,2000,665,-0.0576326423215079,0.048665619412735,0.0473236673614167,-0.153017256370469,0.0377519717274527,1,20,0.00685416532228633,TRUE,1279.23036575317,0.000129222869873047
1997,2000,666,-0.0443880681429927,0.0477092154232939,0.0474020141128143,-0.137898130372649,0.0491219940866634,1,4,0.000261853272783579,FALSE,675.767134428024,0.000133991241455078
2000,2000,667,-0.0271403583607808,0.0477513685818422,0.048761375464103,-0.120733040781191,0.0664523240596299,1,16,6.39497276803661e-06,FALSE,962.278496742249,7.2479248046875e-05
2003,2000,668,0.0474634286063886,0.045962765698368,0.0458472765202849,-0.0426235921624126,0.13755044937519,1,4,0.000140700565962901,FALSE,1341.60275888443,0.000120162963867188
2006,2000,669,-0.063209418604665,0.0519243680452204,0.0492431800735057,-0.164981179973297,0.038562342763967,1,18,0.000515133194802649,FALSE,607.299214363098,0.000115156173706055
197,2000,66,0.0454607096243286,0.0473821320681683,0.0474062652594939,-0.0474082692292812,0.138329688477938,1,4,4.98812625466208e-05,FALSE,906.630109071732,7.12871551513672e-05
2009,2000,670,-0.0479257179792528,0.0464833732177095,0.0481077278613736,-0.139033129485964,0.0431816935274579,1,1,0.000634852525052304,TRUE,688.103159189224,7.03334808349609e-05
2012,2000,671,-0.0805759615595639,0.0479653105070049,0.0470451189871401,-0.174587970153293,0.0134360470341656,1,19,0.0110117206493092,FALSE,1466.12108063698,0.000285863876342773
2015,2000,672,0.10807714573616,0.0474047180048329,0.0495153667635842,0.0151638984466874,0.200990393025632,0,1,0.00140072056366174,TRUE,604.871936798096,7.82012939453125e-05
2018,2000,673,0.0627382210756233,0.0480532941840007,0.0485472650620879,-0.0314462355250181,0.156922677676265,1,1,0.0016790092835882,TRUE,706.258790493011,0.000135660171508789
2021,2000,674,-0.017317014430001,0.0490239740813734,0.0485684255980743,-0.113404003629493,0.0787699747694908,1,1,0.00756145579912972,TRUE,1341.54735374451,0.000128746032714844
2024,2000,675,-0.0557746886979728,0.0473952946644097,0.0473011212315084,-0.148669466240216,0.0371200888442703,1,1,0.00204153985764769,TRUE,677.612308740616,0.000101566314697266
2027,2000,676,0.0400640784240183,0.0458101749381758,0.0464929615301614,-0.0497238644548062,0.129852021302843,1,5,0.000136258934469701,FALSE,824.289790630341,7.62939453125e-05
2030,2000,677,-0.0410649101532616,0.0477637466442885,0.04884124930671,-0.134681853576067,0.0525520332695438,1,12,3.84442014163777e-05,FALSE,1043.07517671585,0.00014948844909668
2033,2000,678,0.100116485897868,0.0472143461806602,0.0478646427575536,0.00757636738377382,0.192656604411962,0,1,0.00180768712791965,TRUE,569.415384054184,0.000132560729980469
2036,2000,679,0.0477879474268401,0.0476576315607036,0.0479442887476053,-0.0456210104321389,0.141196905285819,1,10,0.000220060931727737,FALSE,754.231465578079,0.000187873840332031
200,2000,67,0.00234319761158042,0.0467471238928626,0.0460055719962634,-0.0892811652184303,0.0939675604415912,1,4,0.000138031744444027,FALSE,1357.65747618675,0.000106573104858398
2039,2000,680,0.0392275085424202,0.0482751002528106,0.046808934709121,-0.0553916879530886,0.133846705037929,1,20,0.00974927381171285,TRUE,723.639442920685,0.000121593475341797
2042,2000,681,-0.0372483627409966,0.0487038716983461,0.0459692241993474,-0.132707951269755,0.0582112257877618,1,13,0.000671929413193924,FALSE,951.293536424637,0.000155210494995117
2045,2000,682,-0.00718537096078453,0.0452574430131783,0.0464077087032726,-0.0958899592666141,0.081519217345045,1,2,0.000183880133566807,FALSE,1100.28256964684,0.00013422966003418
2048,2000,683,-0.0137834916258311,0.0454604310047948,0.0467915246647447,-0.102885936395229,0.0753189531435666,1,3,3.85330633751858e-05,FALSE,637.355687141418,0.00013422966003418
2051,2000,684,-0.0304533860639918,0.047893590307081,0.0492795000650074,-0.124324823065871,0.063418050937887,1,1,0.000612910197565142,TRUE,1211.73780608177,0.000150680541992188
2054,2000,685,0.00775957992219456,0.0460331779336872,0.0471483091504079,-0.0824654488278323,0.0979846086722214,1,1,0.001957573481571,TRUE,1145.68011236191,0.00020146369934082
2057,2000,686,0.0274080854929351,0.049008164247737,0.0495530907365377,-0.0686479164326295,0.1234640874185,1,1,0.00975772671043028,TRUE,1223.15966176987,0.000100135803222656
2060,2000,687,-0.0334405098880035,0.0449663103778928,0.0476108619924871,-0.121574478228673,0.0546934584526663,1,1,0.00214770703216961,TRUE,1336.31613755226,0.000173330307006836
2063,2000,688,0.0365989516452043,0.049987562732182,0.0484784622855916,-0.0613766713098725,0.134574574600281,1,5,4.42239715539915e-05,FALSE,1058.67067885399,0.000145912170410156
2066,2000,689,-0.00251646725192178,0.0465558762275583,0.0457068441348741,-0.093765984657936,0.0887330501540924,1,6,0.000199522694363752,FALSE,642.617134094238,0.0590813159942627
203,2000,68,0.00326474894732165,0.0454371327148641,0.0474237033445048,-0.0857920311738121,0.0923215290684554,1,1,0.00223227249881256,TRUE,1298.93650650978,0.0002593994140625
2069,2000,690,-0.00460749084634737,0.0483211976574649,0.0465223286810601,-0.0993170382549786,0.0901020565622839,1,17,0.000367221722156469,FALSE,657.902400970459,0.000128746032714844
2072,2000,691,-0.0649243422237717,0.0481945227792698,0.0478262005494658,-0.159385606871141,0.0295369224235971,1,1,0.0034459829929671,TRUE,1283.87754058838,0.000115394592285156
2075,2000,692,0.0334629293665347,0.046315553853476,0.0460496538250591,-0.0573155561862782,0.124241414919348,1,1,0.00139673999834784,TRUE,1236.98839378357,0.000114202499389648
2078,2000,693,-0.0275825788771649,0.0469354835699217,0.0483905352378023,-0.119576126674211,0.0644109689198817,1,1,0.00882694243352651,TRUE,1115.94920754433,0.000504493713378906
2081,2000,694,0.024126914701734,0.0467716210351606,0.0471390181255715,-0.0675454625271807,0.115799291930649,1,1,0.00944497200863935,TRUE,1117.51833176613,0.000170469284057617
2084,2000,695,0.0310197726425252,0.0466495923740835,0.0484698433926919,-0.0604134284106784,0.122452973695729,1,1,0.00821662308434095,TRUE,1048.84940838814,0.000117301940917969
2087,2000,696,0.0550405816187699,0.0457441917321208,0.0481735391775198,-0.0346180341761868,0.144699197413727,1,1,0.00291385472469433,TRUE,1522.86633825302,0.000430107116699219
2090,2000,697,0.0429146831757841,0.0480200769626558,0.0482289975662054,-0.0512046676710212,0.137034034022589,1,6,0.000284620362279635,FALSE,1156.59487533569,0.000161170959472656
2093,2000,698,-0.00319170241193245,0.0499690088095431,0.0490333753112054,-0.101130959678637,0.0947475548547721,1,20,0.00233894162016653,TRUE,1055.39758586884,0.000155210494995117
2096,2000,699,0.0850376956480322,0.0468491462150104,0.0478062489424849,-0.00678663093338816,0.176862022229453,1,8,9.49371906700775e-06,FALSE,1466.34610247612,0.000235795974731445
206,2000,69,-0.00201246495753815,0.0484856667393143,0.0489861464222523,-0.0970443717665942,0.0930194418515179,1,11,5.49547616035413e-05,FALSE,1153.41248822212,0.000120639801025391
17,2000,6,-0.0464345796677129,0.0461531807372062,0.0469201061998752,-0.136894813912637,0.0440256545772112,1,11,0.000497278420919613,FALSE,1252.41728162766,0.000134468078613281
2099,2000,700,-0.0450523268436671,0.0468374451150592,0.04739410232696,-0.136853719269183,0.0467490655818488,1,1,0.00396560406175291,TRUE,1637.68082046509,0.000214338302612305
2102,2000,701,0.00576795292742416,0.044864666749862,0.0455675442453419,-0.0821667939023053,0.0937026997571536,1,9,0.000202838611709453,FALSE,1632.34740352631,0.000157356262207031
2105,2000,702,0.0119559692655526,0.0470829028126733,0.047441573390723,-0.080326520247287,0.104238458778392,1,1,0.00363242900166638,TRUE,1700.11538529396,0.00019073486328125
2108,2000,703,0.0709735735207686,0.0541625471311506,0.0478537676153804,-0.0351850188562866,0.177132165897824,1,19,0.000394035528830731,FALSE,596.824769973755,0.000124216079711914
2111,2000,704,0.0406930355217995,0.0500824524421504,0.0492634293536806,-0.0574685712648154,0.138854642308414,1,20,6.64278518998313e-05,TRUE,1208.35896754265,0.000106096267700195
2114,2000,705,0.0525406991041483,0.0468931440730824,0.0459163600163391,-0.0393698632790931,0.14445126148739,1,14,3.02962644681401e-05,FALSE,810.823686122894,7.17639923095703e-05
2117,2000,706,-0.00548074501825901,0.0463887384720342,0.046961065978731,-0.0964026724234461,0.0854411823869281,1,20,0.00358133109051498,TRUE,1184.28527545929,0.0001678466796875
2120,2000,707,0.0506110198995535,0.0491530382009846,0.0468090833454868,-0.0457289349743762,0.146950974773483,1,20,0.00339139420946808,TRUE,1287.48597145081,0.000177145004272461
2123,2000,708,-0.0490017766924341,0.0466346479574553,0.0479843889773583,-0.140405686689046,0.0424021333041782,1,2,0.000849290669223837,FALSE,1221.52785730362,8.94069671630859e-05
2126,2000,709,0.0137234428014633,0.0466205332271755,0.0474812581656074,-0.0776528023238007,0.105099687926727,1,1,0.00889034065706634,TRUE,574.825488567352,0.000166654586791992
209,2000,70,-0.0275752176865169,0.0490494207195446,0.0501264757759029,-0.123712082296824,0.0685616469237906,1,2,0.000693263675798516,FALSE,1027.71072268486,9.48905944824219e-05
2129,2000,710,-0.0274110628153583,0.0471604190377103,0.0474219569071872,-0.119845484129271,0.0650233584985539,1,8,0.000235643001980419,FALSE,795.517648696899,0.000111818313598633
2132,2000,711,0.0388991277764902,0.0450433906769435,0.0464162611800356,-0.0493859179503191,0.127184173503299,1,1,0.00191843008616122,TRUE,1141.47538566589,0.000118255615234375
2135,2000,712,0.00520067589927986,0.0497558659344402,0.0498742968198551,-0.092320821332223,0.102722173130783,1,3,1.96565380886111e-05,FALSE,651.145102262497,0.000137090682983398
2138,2000,713,-0.0533302817553699,0.0467549137433899,0.0463366702390641,-0.144969912692414,0.0383093491816743,1,1,0.00746361552162318,TRUE,1849.67896032333,0.000155925750732422
2141,2000,714,0.0231211593215148,0.0489545816648082,0.0486933884507843,-0.0728298207415093,0.119072139384539,1,17,0.00045213916456482,FALSE,1170.19201755524,0.000466346740722656
2144,2000,715,0.0410445927161363,0.0464579515038438,0.0464049139172853,-0.0500129922313976,0.13210217766367,1,11,0.000384759990308056,FALSE,604.069002628326,0.000197172164916992
2147,2000,716,-0.0271377708800987,0.044986686578437,0.0464931540570793,-0.115311676573835,0.0610361348136378,1,1,0.00038052276357392,TRUE,830.889711141586,9.41753387451172e-05
2150,2000,717,0.0508082182289302,0.0473338504201213,0.0485921791880567,-0.0419661285945075,0.143582565052368,1,8,0.000761422596521616,FALSE,973.337240457535,0.00028538703918457
2153,2000,718,0.0488852715263461,0.0480523068759835,0.0474437250979427,-0.0452972499505816,0.143067793003274,1,17,2.4622680921269e-05,FALSE,2027.45292401314,0.000219106674194336
2156,2000,719,0.0191376018713429,0.0492121181859377,0.0474077748438489,-0.077318149773095,0.115593353515781,1,20,0.000267960709936097,TRUE,629.680448532104,7.60555267333984e-05
212,2000,71,0.047829239144781,0.0464797725951918,0.0471219734525769,-0.0432711151417949,0.138929593431357,1,3,0.000212012422697713,FALSE,1197.41339802742,0.00027775764465332
2159,2000,720,0.0382148089939356,0.0480201457635573,0.0485136910420163,-0.0559046767026366,0.132334294690508,1,10,0.000239118426836408,FALSE,1338.48409485817,0.000133752822875977
2162,2000,721,-0.0115938196442003,0.0494338583592485,0.0495538434278777,-0.108484182028327,0.0852965427399268,1,12,6.79224745476549e-05,FALSE,1085.64835858345,6.22272491455078e-05
2165,2000,722,0.0125655358584686,0.047550774931296,0.046999683483744,-0.0806339830068715,0.105765054723809,1,4,0.000118624071256801,FALSE,1151.21868014336,0.000123262405395508
2168,2000,723,-0.0507588746062703,0.0501995484607805,0.047189503245655,-0.1491499895894,0.0476322403768596,1,18,0.000393357228707997,FALSE,960.413035869598,0.000297307968139648
2171,2000,724,0.0124728010590891,0.0470151485977756,0.047442665897992,-0.079676890192551,0.104622492310729,1,1,0.00419690749309261,TRUE,821.79198718071,9.82284545898438e-05
2174,2000,725,-0.0913810548630326,0.0478509877028655,0.0481810819531687,-0.185168990760649,0.00240688103458368,1,7,9.28009784692118e-05,FALSE,879.266994953156,7.89165496826172e-05
2177,2000,726,0.00364911821444236,0.0473342793744921,0.0477552370257372,-0.0891260693595622,0.096424305788447,1,20,0.00618786908529852,TRUE,2124.97851395607,0.000553607940673828
2180,2000,727,-0.0476063594844962,0.0491951113663745,0.0470325521792233,-0.14402877776259,0.0488160587935977,1,20,0.0109548305588347,TRUE,645.63140296936,8.70227813720703e-05
2183,2000,728,-0.016647602908292,0.0490421197409694,0.0490291934598808,-0.112770157600592,0.0794749517840081,1,10,0.000256141304582972,FALSE,1249.54678106308,9.84668731689453e-05
2186,2000,729,-0.0558012502210498,0.0472175946020578,0.048282661897479,-0.148347735641083,0.0367452351989836,1,1,0.0025538325289663,TRUE,1587.91764307022,9.20295715332031e-05
215,2000,72,-0.128120262861365,0.0476512498456691,0.0457535101576327,-0.221516712558877,-0.0347238131638541,0,8,0.000572826732688903,FALSE,993.758085012436,0.000128269195556641
2189,2000,730,-0.0440301786464005,0.0469787608815764,0.045892768119991,-0.13610854997429,0.0480481926814892,1,2,0.00067178749155266,FALSE,1988.91711354256,0.00017237663269043
2192,2000,731,0.0121482073618167,0.0474560039755747,0.0468111852689262,-0.0808655604303098,0.105161975153943,1,7,0.000125635269194444,FALSE,645.639337539673,6.62803649902344e-05
2195,2000,732,0.0119406499412255,0.0459614026213007,0.0479765618185686,-0.0781436991965239,0.102024999078975,1,1,7.07722559431999e-05,TRUE,966.412422180176,0.000187397003173828
2198,2000,733,-0.0333430431908036,0.0468104408469362,0.0492156528926362,-0.125091507250798,0.0584054208691912,1,1,0.00123457568515002,TRUE,2087.18084096909,0.000216484069824219
2201,2000,734,-0.00769213568154969,0.0548224880323425,0.0470200498978978,-0.115144212224941,0.0997599408618417,1,20,0.00440667292487797,TRUE,1610.50501656532,0.000226974487304688
2204,2000,735,-0.0384200991372825,0.0461397604137474,0.0472827049820439,-0.128854029548227,0.0520138312736624,1,8,0.000120452948483845,FALSE,1514.9659409523,0.000190258026123047
2207,2000,736,-0.0303619039985243,0.0468929273305233,0.0459860278831647,-0.12227204156635,0.0615482335693013,1,9,8.84586619386098e-05,FALSE,758.129053115845,8.89301300048828e-05
2210,2000,737,0.00680891917273829,0.0482507958617691,0.0472460319280891,-0.0877626407163291,0.101380479061806,1,5,0.000119077519170662,FALSE,820.02400970459,0.000110626220703125
2213,2000,738,0.0578410807323635,0.0470819443764523,0.0462987036393039,-0.0344395302454831,0.15012169171021,1,8,0.0100265073117841,FALSE,955.951969146729,8.0108642578125e-05
2216,2000,739,0.0085308823408925,0.0476961645278219,0.0475755068625718,-0.0849536001336385,0.102015364815423,1,5,0.000104027327368008,FALSE,1117.30659890175,0.000269889831542969
218,2000,73,0.0721020394184402,0.0520379337127471,0.0484711184248079,-0.0298923106585441,0.174096389495424,1,20,0.0047711014320595,TRUE,834.535095214844,0.000110626220703125
2219,2000,740,0.0193967530915977,0.0454676855790879,0.0471433453489861,-0.0697199106434146,0.10851341682661,1,1,0.000914028974462502,TRUE,710.618891954422,6.58035278320312e-05
2222,2000,741,0.00456276446048476,0.047495280688732,0.0475611940172122,-0.08852798568943,0.0976535146103996,1,11,7.54964667897239e-05,FALSE,1055.29846477509,0.000324010848999023
2225,2000,742,0.131322368813958,0.0478431620637362,0.0481545269121485,0.0375497711690345,0.225094966458881,0,7,0.000216728659488114,FALSE,619.601141929626,0.000128746032714844
2228,2000,743,0.0305685914104203,0.0463069326149667,0.0472951174464866,-0.0601929965149144,0.121330179335755,1,5,0.000152579423909374,FALSE,1161.46432781219,0.000200033187866211
2231,2000,744,-0.0146980764970812,0.0458486132754368,0.0470423373712055,-0.104561358516937,0.0751652055227749,1,1,0.000147895253515376,TRUE,1009.62371659279,0.000138759613037109
2234,2000,745,0.113022719965113,0.0475596127951601,0.0477161965029344,0.0198058788865993,0.206239561043627,0,5,0.000165107794594659,FALSE,661.20450091362,0.000179767608642578
2237,2000,746,0.0719265258069541,0.0485721245683804,0.0496546398027815,-0.0232748383470715,0.16712788996098,1,1,0.00633660595612469,TRUE,1756.02057623863,0.000114202499389648
2240,2000,747,0.0237531255308483,0.0475384651526034,0.0497747563494017,-0.0694222661682544,0.116928517229951,1,15,9.33397422371415e-05,FALSE,2126.99022650719,0.000517129898071289
2243,2000,748,-0.063730207266267,0.0489413409883421,0.048362476517605,-0.159655235603417,0.0321948210708835,1,20,0.00497308488531418,TRUE,2154.55709242821,0.000212192535400391
2246,2000,749,-0.0571171188590427,0.049501170363396,0.0479721746718243,-0.154139412771299,0.0399051750532134,1,10,0.000219795358072969,FALSE,865.964520931244,0.000169992446899414
221,2000,74,-0.0428482516460572,0.0452266391259851,0.0462462364387222,-0.131492464332988,0.0457959610408736,1,1,0.00263508447701725,TRUE,706.207278490067,0.000235319137573242
2249,2000,750,-0.0219940576429802,0.0469285610711938,0.0483838417364619,-0.11397403734252,0.0699859220565596,1,1,0.000514002640960696,TRUE,1106.64507007599,0.000119924545288086
2252,2000,751,0.0513137867258939,0.0477512567524828,0.046807903084923,-0.0422786765089724,0.14490624996076,1,8,8.7452937263752e-05,FALSE,870.272193431854,0.000112056732177734
2255,2000,752,0.0406196777602155,0.0499296107117623,0.0473969306230774,-0.0572423592348387,0.13848171475527,1,10,6.8467423080231e-05,FALSE,1154.71370744705,0.000204324722290039
2258,2000,753,0.0391747175405415,0.0467000978857608,0.0474824561547824,-0.0523574743155498,0.130706909396633,1,1,0.000468186531767278,TRUE,1412.86663961411,0.000211954116821289
2261,2000,754,-0.0819038254103392,0.0466020539485547,0.0477517442942335,-0.173243851149506,0.00943620032882787,1,1,0.00331787031008409,TRUE,1224.87614750862,0.000131845474243164
2264,2000,755,-0.00305366506828486,0.0472462073212253,0.047349976111081,-0.0956562314178865,0.0895489012813167,1,11,0.000358690847592225,FALSE,731.626982450485,0.000156879425048828
2267,2000,756,-0.0371139823188159,0.0476442571263035,0.0468997734875513,-0.130496726286371,0.056268761648739,1,18,0.00043863531603444,FALSE,1044.9066464901,0.000104904174804688
2270,2000,757,0.0687029547443437,0.0494630172643295,0.049686902610318,-0.028244559093742,0.165650468582429,1,9,0.000409019723906471,FALSE,1308.69754099846,0.000204801559448242
2273,2000,758,0.0632722453279894,0.0476776772315577,0.0468722607242262,-0.0301760020458637,0.156720492701842,1,1,0.0168178976610157,TRUE,838.627041101456,0.000257968902587891
2276,2000,759,-0.00407264323709944,0.0477691925368905,0.049008606051077,-0.0977002606094048,0.0895549741352059,1,15,0.000156303992113458,FALSE,1759.25917172432,0.000240802764892578
224,2000,75,0.0303391827503727,0.0490870303874609,0.0499946013313783,-0.0658713968090506,0.126549762309796,1,1,0.00308438795116333,TRUE,717.508378505707,0.000118494033813477
2279,2000,760,0.054495365006513,0.045502870995506,0.0469898758581811,-0.0346902621446788,0.143680992157705,1,1,0.00882514073931979,TRUE,1335.81629562378,0.000169754028320312
2282,2000,761,-0.00861791062975126,0.0466488738598018,0.0465858484410112,-0.100049703394963,0.0828138821354602,1,11,0.000543547819964602,FALSE,932.397824764252,0.000105142593383789
2285,2000,762,0.0474668528369016,0.0463261408953321,0.0468739913354099,-0.0433323833179494,0.138266088991752,1,1,0.00799989685626553,TRUE,1261.00842785835,0.000163078308105469
2288,2000,763,-0.0438621487103893,0.0499626755331613,0.0482629827167474,-0.141788992755385,0.0540646953346068,1,20,0.000343712587319221,TRUE,1582.27055740356,0.000107049942016602
2291,2000,764,0.0012090700757792,0.047242226697353,0.0456508086101601,-0.0913856942510327,0.0938038344025911,1,10,0.000147859014557009,FALSE,1063.48363852501,0.000159263610839844
2294,2000,765,0.00383492727875678,0.0456345850055352,0.047797552546427,-0.0856088593320922,0.0932787138896058,1,1,0.00531818259427996,TRUE,1076.05722618103,0.000143289566040039
2297,2000,766,0.0253850312662549,0.0472622212324264,0.0469262145509654,-0.0672489223493009,0.118018984881811,1,15,0.000435804498527448,FALSE,1067.96091628075,0.000181674957275391
2300,2000,767,0.0436036500777593,0.0476109910918862,0.0480848310836975,-0.0497138924623375,0.136921192617856,1,2,0.000269669913601835,FALSE,644.222133874893,6.38961791992188e-05
2303,2000,768,0.0431630681728916,0.0479194328569321,0.048773824017707,-0.0507590202266953,0.137085156572479,1,1,0.00502904215683778,TRUE,1256.17947506905,0.000154495239257812
2306,2000,769,-0.0355447571229319,0.0460179971878237,0.047121639369303,-0.125740031611066,0.0546505173652026,1,1,0.001953934581515,TRUE,544.840706825256,0.000298738479614258
227,2000,76,-0.0681377380180275,0.0476512009357852,0.0479355330717877,-0.161534091852166,0.0252586158161115,1,12,0.00110770898020579,FALSE,825.195436954498,0.000250339508056641
2309,2000,770,-0.0447024570112394,0.0489531816928507,0.046058360848222,-0.140650693129227,0.0512457791067479,1,3,0.000224280330108233,FALSE,608.899755001068,6.93798065185547e-05
2312,2000,771,-0.068268566092857,0.0493248739687846,0.0484089467386955,-0.164945319071675,0.0284081868859607,1,18,0.00030210917883184,FALSE,931.995528936386,0.000165939331054688
2315,2000,772,0.0138001022113252,0.0473099690274292,0.0484151575337593,-0.0789274370824361,0.106527641505086,1,1,0.0065392444041684,TRUE,1367.08998703957,0.000182151794433594
2318,2000,773,0.0656899894394898,0.0474812844875383,0.0488750523451983,-0.0273733281560853,0.158753307035065,1,9,0.000136479775296612,FALSE,738.358432531357,0.000127077102661133
2321,2000,774,-0.0481844098610131,0.0468859895221929,0.0475758243034742,-0.140080949324511,0.0437121296024849,1,1,0.000466811297662218,TRUE,977.866248130798,0.000101566314697266
2324,2000,775,0.11693566579278,0.0458941418183197,0.0459931701027336,0.0269831478288732,0.206888183756687,0,15,0.000327283285922308,FALSE,656.583040237427,0.000119924545288086
2327,2000,776,-0.00124039723525993,0.0482073049261709,0.0462361497062105,-0.095726714890555,0.0932459204200351,1,20,0.0121526412741157,TRUE,1274.10475087166,0.00018310546875
2330,2000,777,0.0679185294038734,0.0490242092944402,0.0466659863955601,-0.0281689208132293,0.164005979620976,1,20,0.000528005177680807,TRUE,1121.88528680801,0.000185012817382812
2333,2000,778,-0.00546066346851348,0.0458883210079142,0.0473313980264679,-0.0954017726440254,0.0844804457069984,1,5,0.00017015110848858,FALSE,1023.25371527672,0.000190019607543945
2336,2000,779,0.0582681371757411,0.0472688916755625,0.0470431131175717,-0.0343788905083615,0.150915164859844,1,4,0.000190892537134447,FALSE,1156.64209461212,0.000164031982421875
230,2000,77,0.0178353657850372,0.0472967495651793,0.0482127982679535,-0.0748662633627142,0.110536994932789,1,5,0.000102576186534646,FALSE,1002.77008724213,0.000130414962768555
2339,2000,780,-0.0666077519995854,0.0478416946869523,0.04836513262014,-0.160377473586012,0.0271619695868413,1,9,0.000251988853483925,FALSE,1845.64051508904,9.20295715332031e-05
2342,2000,781,0.0241796965821457,0.0547051191316916,0.0477486649387008,-0.0830423369159699,0.131401730080261,1,20,0.000209112650835504,TRUE,1878.00154328346,0.000156641006469727
2345,2000,782,-0.0452640775381786,0.0476300797924809,0.0478116083943314,-0.138619033931441,0.0480908788550839,1,1,0.000225449604524208,TRUE,891.148650407791,0.000191688537597656
2348,2000,783,-0.0264084198568035,0.0498226889417713,0.0470159934247746,-0.124060890182675,0.0712440504690681,1,20,0.0042948185609289,TRUE,1011.8242483139,0.000170230865478516
2351,2000,784,0.00615202304338913,0.0482681703444577,0.04816295364774,-0.0884535908317479,0.100757636918526,1,12,0.000291992566920114,FALSE,691.67335152626,6.50882720947266e-05
2354,2000,785,-0.0403753386945527,0.047067964039159,0.0464640397067449,-0.132628548211304,0.0518778708221989,1,1,0.00574428507166153,TRUE,721.935792207718,0.000143527984619141
2357,2000,786,0.0314374512229294,0.0480166602043462,0.0466518413481362,-0.0626752027775892,0.125550105223448,1,18,0.0014703398351995,FALSE,727.187507390976,0.000155210494995117
2360,2000,787,0.0228050803896095,0.0444959361089308,0.04601521093284,-0.0644069543838948,0.110017115163114,1,1,0.000512742362207338,TRUE,694.613275051117,0.0001373291015625
2363,2000,788,0.0444365564743615,0.0449484752570929,0.0463965365964242,-0.0436624550295406,0.132535567978264,1,1,0.00345674096935518,TRUE,1312.24834632874,0.000123500823974609
2366,2000,789,0.018114707665883,0.0475396493880052,0.0468686239020853,-0.0750630051346073,0.111292420466373,1,20,0.00604457974656432,TRUE,1341.23782110214,0.000120639801025391
233,2000,78,-0.0323252639115368,0.0461154239254736,0.046199056766638,-0.122711494805465,0.0580609669823914,1,10,3.159217310272e-05,FALSE,1249.72653889656,0.000194311141967773
2369,2000,790,0.0625159960296072,0.0506507709131497,0.0476374883316954,-0.0367595149601661,0.161791507019381,1,20,0.00546898047846382,TRUE,624.172122955322,0.000118255615234375
2372,2000,791,0.149533477294045,0.0484835838360408,0.0463051139141272,0.0545056529754051,0.244561301612685,0,1,0.00994349464872216,TRUE,1076.66852593422,0.000185012817382812
2375,2000,792,0.0577461107892753,0.0474421318289784,0.0478408002062631,-0.0352404675955224,0.150732689174073,1,19,0.000206679295573284,FALSE,660.903806447983,8.32080841064453e-05
2378,2000,793,0.0508363456173281,0.0464847540337031,0.047124101022701,-0.0402737722887299,0.141946463523386,1,1,0.000578212677785638,TRUE,804.818455219269,0.000176429748535156
2381,2000,794,0.0377724607704407,0.0467918530713142,0.0471004031501038,-0.0539395712493351,0.129484492790217,1,1,0.000295239670683287,TRUE,1463.44435858727,0.000131368637084961
2384,2000,795,-0.00661869208716537,0.0450795857264634,0.0459281523533589,-0.0949746801110337,0.0817372959367029,1,1,0.0117349802775961,TRUE,997.825383663177,0.000267744064331055
2387,2000,796,0.117382464135253,0.045480388785664,0.0463283065022623,0.0282409021153513,0.206524026155154,0,1,0.00236508094159704,TRUE,620.764692783356,7.60555267333984e-05
2390,2000,797,0.0359308837250414,0.0497405053678759,0.0455223077907336,-0.0615605067959953,0.133422274246078,1,20,0.00108858041576486,TRUE,1275.06295084953,0.000178337097167969
2393,2000,798,0.0335690762635844,0.0465258276374766,0.0465015659412437,-0.0576215459058697,0.124759698433039,1,2,0.000426914432627158,FALSE,1281.82218146324,0.00017094612121582
2396,2000,799,0.0403408379417753,0.0477668335421404,0.0471322343371205,-0.0532821558008199,0.133963831684371,1,14,5.68760827417521e-05,FALSE,652.625627756119,0.000140905380249023
236,2000,79,-0.00275553303029552,0.0498077515897531,0.0482425801362445,-0.100378726146212,0.0948676600856205,1,18,0.000402187551532378,FALSE,775.964423418045,7.08103179931641e-05
20,2000,7,0.0764990965238712,0.0473224382129212,0.0488086820595381,-0.0162528823734543,0.169251075421197,1,1,0.00714018926379427,TRUE,1485.37122702599,0.000104904174804688
2399,2000,800,-0.020497783903346,0.0462494643345643,0.0484550750614044,-0.111146733999092,0.0701511661924,1,7,0.000318058314923983,FALSE,866.653564453125,8.82148742675781e-05
2402,2000,801,0.0653380683314642,0.0493598795248312,0.0475644509523344,-0.0314072955372049,0.162083432200133,1,17,0.000322812988984522,FALSE,1349.52354645729,0.000123739242553711
2405,2000,802,0.0334043435554292,0.046401714984489,0.0480086119636223,-0.0575430178141693,0.124351704925028,1,2,7.21903021797296e-05,FALSE,1066.36974620819,0.000218391418457031
2408,2000,803,-0.0511364184484636,0.0470185667710436,0.0458250313106872,-0.143292809319709,0.0410199724227818,1,10,8.89569671352356e-05,FALSE,840.145009756088,0.000156164169311523
2411,2000,804,0.00640685777516681,0.0481063157459049,0.0492760484727755,-0.0878815210868067,0.10069523663714,1,1,0.00862081024742897,TRUE,1702.06738710403,0.000174522399902344
2414,2000,805,-0.0561011805549003,0.0465029679454882,0.0483064988163377,-0.147246997728057,0.0350446366182566,1,8,0.00017094432913699,FALSE,1693.68188381195,0.000166416168212891
2417,2000,806,-0.0826876909142282,0.0500771948712711,0.0473026105563276,-0.18083899286192,0.0154636110334632,1,13,0.017377824827842,FALSE,1794.8108458519,0.000101804733276367
2420,2000,807,-0.0138590545764404,0.0472649628718238,0.0479348894952784,-0.106498381805215,0.0787802726523342,1,12,0.000338363655058768,FALSE,905.688516139984,0.0152871608734131
2423,2000,808,0.0398464493218073,0.0507555869209391,0.046541640032469,-0.0596345010432335,0.139327399686848,1,20,0.00423157168477223,TRUE,1060.8249938488,0.000107288360595703
2426,2000,809,0.118441449189279,0.04621714865286,0.0464505012074529,0.0278558378296732,0.209027060548885,0,1,0.000468516361325538,TRUE,629.611292600632,0.000126838684082031
239,2000,80,0.0474068913042753,0.0483268572013449,0.0484071072510193,-0.0473137488103607,0.142127531418911,1,9,0.000171381735568418,FALSE,902.135401964188,0.000136852264404297
2429,2000,810,-0.0016193989343134,0.0449973819932744,0.045414205619815,-0.0898142676411312,0.0865754697725045,1,1,0.00489379843105263,TRUE,601.377853631973,7.00950622558594e-05
2432,2000,811,-0.0247151738629116,0.0507784690578563,0.046216939592296,-0.12424097321631,0.0748106254904868,1,20,7.71042855932754e-05,TRUE,885.284798622131,0.000101566314697266
2435,2000,812,-0.0183786058496781,0.0473450946935225,0.0479717240582111,-0.111174991448982,0.0744177797496259,1,1,0.00559112225668497,TRUE,2024.98769569397,0.000215768814086914
2438,2000,813,0.0476535992368785,0.0482769612449612,0.0468767960738737,-0.0469692448032454,0.142276443277002,1,20,0.00498281801665001,TRUE,1248.40585589409,0.00014805793762207
2441,2000,814,0.0180097515250872,0.0481132980306085,0.0479300061781294,-0.0762923126149055,0.11231181566508,1,13,0.0115546505629382,FALSE,822.200137853622,9.08374786376953e-05
2444,2000,815,0.0324482153648331,0.050206430374138,0.0484991094370781,-0.0659563881684773,0.130852818898144,1,12,0.00013778177795982,FALSE,760.508442878723,0.000162601470947266
2447,2000,816,0.0222165042696522,0.0460567070630083,0.0474422599980803,-0.0680546415738441,0.112487650113148,1,5,0.000297675189207569,FALSE,1602.92666769028,0.000164031982421875
2450,2000,817,-0.0115593849463165,0.049130281883087,0.0488057765315344,-0.107854737437167,0.0847359675445341,1,5,0.000301471188142123,FALSE,1435.45842242241,0.000347137451171875
2453,2000,818,-0.0417596617045066,0.0470538728307074,0.047038962864698,-0.133985252452693,0.0504659290436799,1,1,0.0122062538899328,TRUE,924.940926551819,9.05990600585938e-05
2456,2000,819,-0.0822430216446838,0.047344453282725,0.0466056673809588,-0.175038150078825,0.0105521067894571,1,20,0.00237148552641763,TRUE,1052.2625143528,0.000179290771484375
242,2000,81,-0.0160164527737925,0.0455702171993827,0.0453638689087935,-0.105334078484583,0.0733011729369975,1,1,0.00186924530555293,TRUE,1119.90204071999,9.77516174316406e-05
2459,2000,820,0.0461336434015276,0.0497010141275729,0.0481716333254955,-0.0512803442885153,0.14354763109157,1,18,2.44991419479489e-05,FALSE,1801.1716864109,0.000129222869873047
2462,2000,821,-0.0607151977731422,0.0456528900560719,0.0491493950545163,-0.150194862283043,0.0287644667367587,1,1,0.00122676624988473,TRUE,988.781531095505,0.000161409378051758
2465,2000,822,-0.00812728784409589,0.0452656707824404,0.0458049436536988,-0.0968480025776791,0.0805934268894874,1,2,0.000431019180721526,FALSE,1477.82355284691,0.000168085098266602
2468,2000,823,0.030326829267655,0.0516716507185436,0.0484984707448864,-0.0709496061406904,0.131603264676,1,20,0.00976008073299816,TRUE,791.61949133873,7.31945037841797e-05
2471,2000,824,-0.0415040034480301,0.0490408297265421,0.0469550705555221,-0.137624029712053,0.0546160228159925,1,13,6.36737370009858e-05,FALSE,1216.02176570892,0.000132083892822266
2474,2000,825,-0.00947711052734268,0.0460991541850207,0.0475875000015086,-0.0998314527299832,0.0808772316752979,1,1,0.0122921895776962,TRUE,684.76722240448,8.96453857421875e-05
2477,2000,826,0.0924264753928038,0.0493733558809331,0.0471531162439398,-0.00434530213382499,0.189198252919433,1,20,0.00861734464943883,TRUE,1316.85104107857,0.000152587890625
2480,2000,827,0.0168487005506429,0.0480373628388157,0.0471710121845306,-0.077304530613436,0.111001931714722,1,12,0.000433694718253114,FALSE,1007.86661529541,0.000179290771484375
2483,2000,828,0.124336121513549,0.0490169461719085,0.0479623497773308,0.0282629070166081,0.220409336010489,0,14,0.00384800315053661,FALSE,848.945390462875,8.60691070556641e-05
2486,2000,829,-0.0656985081385701,0.0476303966247269,0.0463135796407919,-0.159054085523035,0.0276570692458945,1,9,7.16163641861838e-05,FALSE,684.496068716049,7.03334808349609e-05
245,2000,82,0.13024161176149,0.0496865548206404,0.0490903605270667,0.0328559643130346,0.227627259209945,0,14,0.000147070743289524,FALSE,703.157581806183,0.000135898590087891
2489,2000,830,0.103869930182817,0.0491741010236113,0.0504076302533606,0.00748869217653904,0.200251168189095,0,1,0.00437268810822454,TRUE,1250.14297437668,8.15391540527344e-05
2492,2000,831,-0.0170075964458443,0.0477502188456973,0.048148362704556,-0.110598025383411,0.0765828324917225,1,7,4.7205494194851e-05,FALSE,1276.98134899139,0.000122308731079102
2495,2000,832,0.0311610679276416,0.0462058165258872,0.0474902909353321,-0.0594023324630974,0.121724468318381,1,1,0.00369917229482149,TRUE,1297.78366541862,0.000121355056762695
2498,2000,833,-0.138066314050458,0.0466112659416728,0.0462338812564138,-0.229424395296137,-0.0467082328047797,0,11,0.000823177877648974,FALSE,993.397865056992,0.000118017196655273
2501,2000,834,0.100827971986532,0.0490482607106207,0.0491082531020173,0.00469338099371555,0.196962562979349,0,1,0.00216619760297154,TRUE,556.874698638916,0.000370025634765625
2504,2000,835,0.0059619657722787,0.0472639752024084,0.0489078939847621,-0.0866754256244418,0.0985993571689992,1,4,0.00175779575865855,FALSE,951.849225997925,0.000119686126708984
2507,2000,836,0.0494344949893604,0.0475837612941091,0.0467863827720238,-0.0438296771470934,0.142698667125814,1,1,0.00130817532367695,TRUE,936.750047683716,0.000123023986816406
2510,2000,837,-0.0563298937276594,0.0466319850249556,0.0476469666322393,-0.147728584376572,0.0350687969212535,1,7,0.000332110076336707,FALSE,1149.90220308304,0.000166893005371094
2513,2000,838,0.0178114768986547,0.0447625484798107,0.0464727481545525,-0.0699231181217743,0.105546071919084,1,1,5.95300879168889e-05,TRUE,809.215376377106,0.000150680541992188
2516,2000,839,-0.0318709993083157,0.0518870135764349,0.0485620776996831,-0.133569545918128,0.0698275473014966,1,16,0.000702695910050572,FALSE,1263.62809038162,0.000110626220703125
248,2000,83,0.077144920709091,0.0476679322517947,0.0466876359034485,-0.0162842265044266,0.170574067922608,1,12,0.000481289694910601,FALSE,1073.14362454414,0.000165939331054688
2519,2000,840,0.0866481731440917,0.049045718595185,0.0485437967095388,-0.00948143530247084,0.182777781590654,1,20,0.0110868674259495,TRUE,728.67804980278,0.000123023986816406
2522,2000,841,-0.0137802152432311,0.0450100551361244,0.0455751622924965,-0.101999923310035,0.0744394928235726,1,1,0.00563126178516604,TRUE,1135.19570159912,0.000126838684082031
2525,2000,842,-0.0377594663514575,0.0461748676182342,0.047989463569961,-0.128262206883197,0.0527432741802816,1,1,0.00254429329126571,TRUE,1009.97037744522,0.000110626220703125
2528,2000,843,-0.00482273057110139,0.0478891304674246,0.0469583764101248,-0.0986854262872536,0.0890399651450508,1,10,0.00052310811800078,FALSE,605.910937547684,9.39369201660156e-05
2531,2000,844,0.0407103875890814,0.0453181139671038,0.0468224828479165,-0.0481131157864421,0.129533890964605,1,1,0.00767273672359979,TRUE,1054.48156142235,0.000190973281860352
2534,2000,845,0.0412970123607224,0.0486883653578241,0.048332153206476,-0.0541321837406129,0.136726208462058,1,9,6.45055158060267e-05,FALSE,1062.8804795742,0.000512123107910156
2537,2000,846,0.033146920442281,0.0483250880107607,0.048303509825009,-0.06157025205881,0.127864092943372,1,3,0.00553457247076653,FALSE,1173.10059261322,0.000113010406494141
2540,2000,847,0.0306571547774601,0.0467550741639099,0.047594000606483,-0.0609827905838032,0.122297100138723,1,1,0.00651267529468516,TRUE,1252.31921696663,0.000123262405395508
2543,2000,848,0.00966402686868739,0.0451869202772754,0.0489632566320012,-0.0789023368747725,0.0982303906121473,1,2,0.000147798581686535,FALSE,1598.20770049095,0.000120401382446289
2546,2000,849,0.118307568121662,0.0492965919969789,0.0475717301786447,0.0216862478075835,0.214928888435741,0,16,0.00231767084609426,FALSE,1606.4838488102,9.87052917480469e-05
251,2000,84,0.00388533995096174,0.047144494502542,0.0460554105026433,-0.0885178692740207,0.0962885491759441,1,1,0.00717679398646569,TRUE,691.421711206436,9.63211059570312e-05
2549,2000,850,-0.0217325599043472,0.0481277278334998,0.0480653968177329,-0.116062906458007,0.0725977866493124,1,7,3.65418862957089e-05,FALSE,759.899888515472,0.000103235244750977
2552,2000,851,-0.0329165878186237,0.0471533028627872,0.0467817234460538,-0.125337061429687,0.0595038857924391,1,6,3.41828548808386e-05,FALSE,628.204203367233,0.000108003616333008
2555,2000,852,0.0230610889902408,0.048663243159321,0.0492128781933068,-0.0723188676020284,0.11844104558251,1,8,4.5214431528068e-05,FALSE,916.274515151978,0.000116586685180664
2558,2000,853,0.0483157455657668,0.0461344794335575,0.0467636166264557,-0.0421078341240059,0.13873932525554,1,1,0.00558440184232512,TRUE,690.365764856339,0.00016331672668457
2561,2000,854,-0.0345514758780832,0.0467312697334408,0.0475501774577081,-0.126144764555627,0.0570418127994608,1,1,0.001874971137761,TRUE,970.868482589722,0.000208139419555664
2564,2000,855,0.00148189525114861,0.0454082760135325,0.0479309245129512,-0.0875183257353752,0.0904821162376724,1,1,0.000193582605402915,TRUE,799.779910087585,0.000159263610839844
2567,2000,856,0.0138660780332958,0.0479174909123684,0.0467299010269845,-0.0800522041549463,0.107784360221538,1,9,0.00017273596060836,FALSE,1097.30238127708,0.000188112258911133
2570,2000,857,0.0330682053528405,0.0526623267630643,0.0495564048943416,-0.0701499551027656,0.136286365808447,1,20,0.000967009091115935,TRUE,1150.87600016594,0.000131845474243164
2573,2000,858,0.0254540060650477,0.0477097608713233,0.0469689150910683,-0.068057125242746,0.118965137372841,1,9,0.00021094728021558,FALSE,1216.44240260124,0.000105142593383789
2576,2000,859,0.0312026410148702,0.0478525198084683,0.0471959521617138,-0.0625882978097277,0.124993579839468,1,1,0.00132171603203943,TRUE,1909.1724281311,0.000136852264404297
254,2000,85,-0.0444916578742476,0.0461722181525552,0.0474113617716289,-0.134989205453256,0.0460058897047606,1,1,0.000182374243030312,TRUE,1805.28648519516,0.000216960906982422
2579,2000,860,0.0409410183111705,0.0455176321368386,0.0454958190543402,-0.0482735406770332,0.130155577299374,1,2,5.76301358671934e-05,FALSE,1026.1034142971,0.000258207321166992
2582,2000,861,-0.054270935164765,0.0472851752844314,0.048480490540775,-0.14694987872225,0.0384080083927205,1,13,2.38646701605705e-05,FALSE,1375.77529072762,0.00012516975402832
2585,2000,862,0.0192611540279671,0.0451435682334261,0.0478914949155318,-0.0692202397095479,0.107742547765482,1,1,0.00714810719211751,TRUE,1258.78577017784,0.000181436538696289
2588,2000,863,0.0360970547297218,0.0466649783568119,0.0470091530866787,-0.0553663028496296,0.127560412309073,1,1,0.00353812012299307,TRUE,1289.50474309921,0.000153064727783203
2591,2000,864,-0.0243966848838508,0.0451034808185788,0.0466449986024443,-0.112799507288265,0.0640061375205637,1,8,7.28561281827877e-06,FALSE,1365.43291831017,0.000122785568237305
2594,2000,865,0.00451431918692391,0.048650908944308,0.0463397010590356,-0.0908414623439197,0.0998701007177675,1,1,0.00320341658354363,TRUE,1425.29529738426,0.000123023986816406
2597,2000,866,-0.0607817502649954,0.047496843048689,0.0486024716051196,-0.153875562640426,0.0323120621104349,1,3,0.000142725033021598,FALSE,1262.38796544075,0.000134706497192383
2600,2000,867,0.00737085845404961,0.0463753453437815,0.0471247217547785,-0.0835248184197622,0.0982665353278614,1,1,0.00601882093395008,TRUE,1047.27595448494,9.87052917480469e-05
2603,2000,868,-0.0141364149783758,0.0477160490660742,0.0472878681227759,-0.107659871147881,0.0793870411911297,1,12,0.000114609862030118,FALSE,1015.13412690163,0.000124216079711914
2606,2000,869,-0.0810440546335506,0.0501070953091321,0.0473640347361599,-0.17925396143945,0.0171658521723484,1,17,0.000690018087657186,FALSE,1099.69414949417,0.000142097473144531
257,2000,86,0.0142971736047732,0.0457609972277301,0.047016737876743,-0.0753943809615777,0.103988728171124,1,1,0.000224315540791659,TRUE,661.192832946777,0.000104904174804688
2609,2000,870,0.0054938802605311,0.0460515609024811,0.0474607772985685,-0.0847671791083319,0.0957549396293941,1,1,0.00083169399709244,TRUE,901.959374904633,0.000106334686279297
2612,2000,871,0.0684728708224023,0.0487641632276203,0.0482762910661484,-0.0271048891037335,0.164050630748538,1,1,0.00506691189034199,TRUE,938.029885530472,0.000118494033813477
2615,2000,872,0.0334635324728567,0.0475261854828873,0.0470186628439055,-0.0596877910736023,0.126614856019316,1,9,1.88772824763745e-05,FALSE,991.022052764893,0.000130891799926758
2618,2000,873,0.0105401165523711,0.0480436947214961,0.0488495888460748,-0.0836255251017613,0.104705758206503,1,10,0.000296414936866462,FALSE,1057.56144928932,0.00011134147644043
2621,2000,874,-0.0198660918129352,0.0486140041842966,0.0474059604878818,-0.115149540014156,0.075417356388286,1,20,0.00392062870949197,TRUE,2176.81328296661,8.60691070556641e-05
2624,2000,875,-0.00560742804421077,0.0470056818288269,0.0473735171166378,-0.0977385644287114,0.0865237083402899,1,11,0.000108103634255776,FALSE,847.569167375565,8.34465026855469e-05
2627,2000,876,-0.00266133508302868,0.0474363935818566,0.0487014795592346,-0.0956366665034677,0.0903139963374103,1,1,0.000642805311748626,TRUE,596.96626830101,8.67843627929688e-05
2630,2000,877,0.161686951854727,0.0463430934567899,0.0468428857529315,0.0708544886794188,0.252519415030035,0,1,0.00795164155837228,TRUE,1181.67683672905,0.000200033187866211
2633,2000,878,-0.0409687131702383,0.049587604779498,0.0479723999152368,-0.138160418538054,0.0562229921975778,1,6,0.000175773133087422,FALSE,1586.71048498154,0.000618457794189453
2636,2000,879,0.0138525808762613,0.046974778540094,0.0479442382145081,-0.0782179850623229,0.105923146814845,1,3,0.000142172105702272,FALSE,588.996658563614,0.00020146369934082
260,2000,87,-0.0486890691211227,0.0487964284133963,0.0479226236377337,-0.144330068811379,0.046951930569134,1,1,0.00246993163925182,TRUE,2044.43023180962,0.000124216079711914
2639,2000,880,0.0749802496482792,0.0498169993946503,0.0471715423488111,-0.0226610691652355,0.172621568461794,1,16,0.000112876929938009,FALSE,900.348104715347,0.000293970108032227
2642,2000,881,0.0692656796885642,0.0468692992738695,0.0479078023971618,-0.02259814688822,0.161129506265348,1,7,1.32076907746257e-05,FALSE,760.655605316162,0.000102758407592773
2645,2000,882,0.135511410336824,0.0471255120774074,0.0471745470879731,0.0431454066651052,0.227877414008542,0,5,0.00055443803687868,FALSE,681.815133333206,9.5367431640625e-05
2648,2000,883,0.0959051524532429,0.0449231056186809,0.0476909591456189,0.00785586544062833,0.183954439465858,0,1,0.000569205443532587,TRUE,1287.86384534836,0.00021815299987793
2651,2000,884,0.0536934019619623,0.0446166288696266,0.0460687232042806,-0.033755190622506,0.14114199454643,1,3,3.80328190779018e-05,FALSE,751.817938089371,9.41753387451172e-05
2654,2000,885,0.0438528766752211,0.0471368426363017,0.047211656483744,-0.0485353348919303,0.136241088242372,1,3,0.000409948645046154,FALSE,560.880044937134,9.27448272705078e-05
2657,2000,886,-0.0295610674968541,0.0505544940331244,0.0478390078003195,-0.128647875801778,0.0695257408080698,1,20,0.00429299513405625,TRUE,809.198519468307,7.29560852050781e-05
2660,2000,887,-0.0115201316531313,0.0462411048280674,0.045816118922755,-0.102152697116143,0.0791124338098808,1,16,0.000377174148409732,FALSE,947.446010828018,0.000118255615234375
2663,2000,888,-0.0155333360717318,0.0471545669494978,0.0482458686093284,-0.107956287292747,0.0768896151492838,1,14,5.16585497119341e-05,FALSE,966.965140342712,9.84668731689453e-05
2666,2000,889,0.0573721378113106,0.0470162391438292,0.0478937876483635,-0.0347796909105946,0.149523966533216,1,11,1.26795318995403e-05,FALSE,1104.77166819572,0.000509738922119141
263,2000,88,0.0136722626429819,0.0453362705391861,0.0457535006272547,-0.0751868276138229,0.102531352899787,1,4,7.54162975534651e-05,FALSE,635.156379699707,0.000127553939819336
2669,2000,890,-0.0297033144471235,0.0471947962924283,0.0479887990588095,-0.122205115180283,0.062798486286036,1,1,0.00945716205211825,TRUE,1352.28979611397,0.000134468078613281
2672,2000,891,0.0400913341973628,0.0474248433930114,0.0482457435585768,-0.0528613588529395,0.133044027247665,1,1,0.00305252846470803,TRUE,641.106807947159,0.000132322311401367
2675,2000,892,0.0734919958873537,0.0484769364239811,0.0500882902266887,-0.0215227995036492,0.168506791278357,1,1,0.015766758943517,TRUE,602.537473917007,0.000155448913574219
2678,2000,893,-0.0282126102067871,0.0495697727188215,0.0484320734860374,-0.125369364735677,0.0689441443221031,1,11,0.000122272056529054,FALSE,929.877181768417,6.77108764648438e-05
2681,2000,894,0.0143731638016873,0.0465683205047313,0.0472786858912484,-0.076900744387586,0.105647071990961,1,1,0.00680154519674093,TRUE,1597.21825098991,0.000101566314697266
2684,2000,895,0.0275296090073167,0.0464485327765088,0.0470782030690638,-0.0635095152346405,0.118568733249274,1,13,2.13524758947889e-05,FALSE,581.279918909073,0.000333070755004883
2687,2000,896,0.0332251839713773,0.0461359134286754,0.0480064561976999,-0.0572012063488265,0.123651574291581,1,1,5.10131302008021e-05,TRUE,715.780989646912,0.000190258026123047
2690,2000,897,0.0341814348891278,0.0484639454080979,0.047337486664904,-0.0608078981107441,0.129170767889,1,1,0.0148543205580108,TRUE,680.966483831406,0.00028538703918457
2693,2000,898,0.0427100914195518,0.0456499196813575,0.047786957275899,-0.0467637511559088,0.132183933995012,1,1,0.00282280629435524,TRUE,1473.59966564178,0.000107049942016602
2696,2000,899,0.00157382846870813,0.0466801921982728,0.0486718857798146,-0.0899193482399066,0.0930670051773228,1,4,2.92464139605661e-05,FALSE,964.543869018555,0.000550508499145508
266,2000,89,0.112627396000601,0.0469706097565558,0.0481447440665642,0.0205650008777512,0.20468979112345,0,1,0.00462482296089966,TRUE,925.413237810135,0.000124216079711914
23,2000,8,-0.026272753451054,0.0454134678035868,0.0463522034321853,-0.115283150346084,0.0627376434439762,1,8,0.000133978889369008,FALSE,1711.68843460083,0.000121593475341797
2699,2000,900,0.121562812412755,0.0467131340713009,0.0478250407012313,0.0300050696330056,0.213120555192505,0,1,0.00473950206518961,TRUE,722.512131214142,0.000132083892822266
2702,2000,901,0.0502610816880145,0.0490963327172033,0.0482335266699831,-0.0459677304377041,0.146489893813733,1,18,0.00330609712963992,FALSE,998.996226072311,0.000121593475341797
2705,2000,902,0.00337334775230735,0.0470351329575957,0.0468887518782865,-0.0888155128445802,0.0955622083491949,1,1,0.000927855273489287,TRUE,1010.84800100327,0.000173807144165039
2708,2000,903,-0.0101193338515071,0.047304511489843,0.0463727378779596,-0.102836176371599,0.0825975086685852,1,6,0.000926378458201276,FALSE,717.296195745468,0.000295162200927734
2711,2000,904,-0.0212067906422063,0.0475879439732537,0.0452967070140887,-0.114479160829783,0.0720655795453709,1,8,5.14144459792892e-06,FALSE,1045.83988451958,0.000110626220703125
2714,2000,905,0.0519354829391651,0.0490998153363301,0.0485357504831099,-0.044300155120042,0.148171120998372,1,20,0.000933401235104188,TRUE,1932.25442290306,0.000116348266601562
2717,2000,906,0.0536988298907413,0.0471440811121328,0.0469838438600954,-0.038703569089039,0.146101228870522,1,6,0.000239363490594198,FALSE,591.599341630936,0.00026249885559082
2720,2000,907,0.00405122225268206,0.0459478635036697,0.0487641221378078,-0.0860065902145106,0.0941090347198748,1,1,0.00233011204476343,TRUE,1084.30048584938,0.000211000442504883
2723,2000,908,0.0217821594620725,0.0461801564860082,0.0495447779472672,-0.0687309472505036,0.112295266174649,1,5,0.000154329918647082,FALSE,993.615146160126,0.000140905380249023
2726,2000,909,0.0118629661237317,0.0458362655979794,0.046766604246174,-0.0779761144483078,0.101702046695771,1,1,0.00294919867139149,TRUE,1121.53033947945,0.000106573104858398
269,2000,90,0.126807695875016,0.0459938527179275,0.0472189776751522,0.0366597445478778,0.216955647202153,0,1,0.000135986968505138,TRUE,911.093052148819,8.15391540527344e-05
2729,2000,910,0.0747934327291422,0.0458408828033873,0.0483451068142134,-0.0150546975654969,0.164641563023781,1,2,2.74079156511266e-05,FALSE,998.432419061661,0.000178813934326172
2732,2000,911,0.0493608391491051,0.044945081299198,0.045755551243088,-0.038731520197323,0.137453198495533,1,1,0.01189490248896,TRUE,1010.60339689255,0.000160694122314453
2735,2000,912,-0.0169117679069102,0.0476257459495077,0.0471580213307868,-0.110258229967945,0.0764346941541249,1,11,0.000156689945794832,FALSE,1318.11232662201,0.000123023986816406
2738,2000,913,-0.0573897668885621,0.0461265500100138,0.0475328028159753,-0.147797804908189,0.033018271131065,1,1,0.000864811580564132,TRUE,971.518859863281,0.000116586685180664
2741,2000,914,0.0186759981110323,0.045286520118324,0.0484024371837285,-0.0700855813208827,0.107437577542947,1,4,0.000291728298166215,FALSE,1251.55396366119,0.000127077102661133
2744,2000,915,0.0110005653393552,0.0456611681548131,0.0486384787801395,-0.0784953242440784,0.100496454922789,1,3,0.000536392940103767,FALSE,1028.35499501228,0.000236034393310547
2747,2000,916,-0.0148033765966686,0.0462147574337451,0.0459602758846313,-0.105384301166809,0.0757775479734718,1,2,0.000350399579335602,FALSE,1596.42860627174,0.000210762023925781
2750,2000,917,-0.0361762506223925,0.0446047896170472,0.0460889566007927,-0.123601638271805,0.0512491370270201,1,1,0.00565884164794623,TRUE,997.827663660049,0.000119686126708984
2753,2000,918,-0.0257801834169766,0.0479084398701573,0.0485273632610836,-0.119680725562485,0.0681203587285318,1,1,0.0189883716099076,TRUE,1355.94537329674,0.000138044357299805
2756,2000,919,-0.0158061816473722,0.0470052509061416,0.0469900563887477,-0.10793647342341,0.0763241101286653,1,8,0.000407316528421808,FALSE,1086.65172529221,0.000187158584594727
272,2000,91,0.0654983958964505,0.0464316010670885,0.0478658422347709,-0.0255075421950431,0.156504333987944,1,1,0.00833680579558354,TRUE,1146.4533970356,0.000123977661132812
2759,2000,920,0.0518487855589447,0.0458209081720289,0.0449440859044263,-0.037960194458232,0.141657765576121,1,1,5.10953894034174e-05,TRUE,939.542300462723,8.41617584228516e-05
2762,2000,921,0.00366302957809106,0.0458614730025799,0.0469684981733589,-0.0862254575069656,0.0935515166631477,1,6,0.000481510644380229,FALSE,854.018075704575,0.000186681747436523
2765,2000,922,0.0601714475725627,0.0456254129395842,0.0475443859446435,-0.0292543617890223,0.149597256934148,1,1,0.000468397215289765,TRUE,1361.33680462837,0.000283956527709961
2768,2000,923,-0.0478481646084574,0.0501090002520562,0.0456620583298181,-0.146061805102488,0.0503654758855728,1,17,0.0188532179415327,FALSE,1509.17609786987,0.000147342681884766
2771,2000,924,0.0120257517344347,0.0475516013834478,0.0468271269558205,-0.0811753869771231,0.105226890445992,1,8,0.000363750996402407,FALSE,663.238940954208,0.000149011611938477
2774,2000,925,0.0177237410107288,0.0472725380079179,0.0482359293776984,-0.0749304334847902,0.110377915506248,1,1,0.0049072367542513,TRUE,1240.66083693504,0.000189304351806641
2777,2000,926,0.0158158027212383,0.0468667201707655,0.0464642879442813,-0.076042968813462,0.107674574255939,1,1,0.00322584280587462,TRUE,1110.56131076813,0.000172615051269531
2780,2000,927,-0.0650816238496529,0.0462840578219947,0.0476028941097032,-0.155798377180762,0.0256351294814567,1,11,1.21024920144333e-05,FALSE,1106.28256654739,0.000147581100463867
2783,2000,928,0.0258268719000028,0.0468424490906185,0.0453548141150235,-0.0659843283176096,0.117638072117615,1,9,6.87570899708132e-05,FALSE,1069.13220787048,0.000122547149658203
2786,2000,929,0.0590640272280361,0.0452568280330543,0.0467462277565215,-0.0296393557167504,0.147767410172823,1,4,1.67410783932039e-05,FALSE,1165.09871435165,0.000208139419555664
275,2000,92,0.0262459407410518,0.0491325780817089,0.048353801916665,-0.0700539122990977,0.122545793781201,1,15,3.87286353749628e-05,FALSE,973.369841337204,0.000114679336547852
2789,2000,930,0.060511444478534,0.0469838035941195,0.0483348647328848,-0.0315768105659402,0.152599699523008,1,2,0.000114788988558238,FALSE,1354.65044569969,0.000125885009765625
2792,2000,931,0.0697602935288411,0.0488235907697104,0.0474426126872516,-0.0259339443797914,0.165454531437473,1,20,0.00630102566950875,TRUE,664.565437555313,0.000156641006469727
2795,2000,932,-0.00140892677891324,0.0455819995638054,0.0463989069610089,-0.0907496459239718,0.0879317923661453,1,8,0.00010824588736623,FALSE,645.643083095551,0.000154733657836914
2798,2000,933,0.00499499830788164,0.0494917107245134,0.0471637654403386,-0.0920087547121647,0.101998751327928,1,15,0.000220554075899865,FALSE,1092.87268304825,0.000152349472045898
2801,2000,934,-0.0344282881328354,0.0492830775685195,0.0471648636174483,-0.131023120167134,0.0621665439014629,1,16,3.50075337850151e-05,FALSE,1025.01373147964,0.000167369842529297
2804,2000,935,-0.0048633203395736,0.0472226540388998,0.0456014231101891,-0.0974197222558172,0.08769308157667,1,17,0.000380296090439771,FALSE,1302.34874200821,0.000112771987915039
2807,2000,936,-0.0185276816579122,0.0469388447833647,0.0473942581597213,-0.110527817433307,0.0734724541174826,1,14,5.17226851986399e-05,FALSE,1164.90215754509,0.0001373291015625
2810,2000,937,-0.021281590456366,0.0490607350365203,0.0482954056127918,-0.117440631127946,0.0748774502152138,1,14,0.000393390189888583,FALSE,677.891225337982,0.000467061996459961
2813,2000,938,0.0652547990528751,0.0471246006128874,0.0462503376197422,-0.0271094181483842,0.157619016254134,1,5,0.00523315017621347,FALSE,612.315351963043,0.000127315521240234
2816,2000,939,-0.107071089546965,0.0511873222258533,0.0492402613387807,-0.207398241109637,-0.00674393798429232,0,15,0.000249957728888558,FALSE,1105.29026412964,0.00017237663269043
278,2000,93,0.0275478444571851,0.0459618496896163,0.0462252187574338,-0.062537380934463,0.117633069848833,1,1,0.000177643061652788,TRUE,621.536262273788,0.000369787216186523
2819,2000,940,0.042303259569206,0.0468887459917048,0.047839918834627,-0.0495986825745355,0.134205201712947,1,1,0.00756061051187691,TRUE,1294.79896998405,0.000165700912475586
2822,2000,941,0.0648141267483793,0.0457358638016143,0.0481401113524102,-0.0248281663027848,0.154456419799543,1,2,0.000128202954259074,FALSE,1104.33439135551,0.000162124633789062
2825,2000,942,0.000504362644238809,0.0527297091098729,0.0487833381864589,-0.102845867211112,0.10385459249959,1,18,0.000179281502262138,FALSE,816.127424955368,0.000120639801025391
2828,2000,943,-0.00463097702695503,0.0475169011678578,0.0476158297654757,-0.0977641033159562,0.0885021492620462,1,6,0.000744218343090953,FALSE,1248.28055500984,0.000161170959472656
2831,2000,944,-0.0456071351352743,0.0452303472210162,0.0471371801770558,-0.134258615688466,0.0430443454179175,1,7,2.25585622024314e-05,FALSE,1107.85936045647,0.000140666961669922
2834,2000,945,0.00258715138979337,0.0459320638396407,0.0467941295141851,-0.0874396937359024,0.0926139965154891,1,1,0.00259267710582173,TRUE,647.322780847549,0.000134944915771484
2837,2000,946,-0.0308232896913472,0.0502856904622069,0.0468702983653085,-0.129383242997273,0.0677366636145783,1,10,4.44329374686125e-06,FALSE,854.077488899231,7.43865966796875e-05
2840,2000,947,0.0717282250560358,0.0471719187998078,0.0482314990298042,-0.0207287357915875,0.164185185903659,1,10,0.000646658901891787,FALSE,1179.66153979301,0.000168561935424805
2843,2000,948,0.0235212358832139,0.0518202242998426,0.0496819263123954,-0.0780464037444777,0.125088875510905,1,17,3.51717462376172e-05,FALSE,924.284817695618,0.000111103057861328
2846,2000,949,-0.0115541511803876,0.0468251978900343,0.0457366365290674,-0.103331539044855,0.0802232366840796,1,13,9.1269949131956e-05,FALSE,1069.65939736366,0.00012516975402832
281,2000,94,0.0448984359766298,0.0470395238809036,0.0481948288017009,-0.0472990308299413,0.137095902783201,1,14,0.000484143638724502,FALSE,1197.91900205612,0.00016021728515625
2849,2000,950,0.00563872785181863,0.0468141089738028,0.0480761179363946,-0.0861169257368348,0.0973943814404721,1,1,0.00977086088516531,TRUE,1668.50130438805,0.000383615493774414
2852,2000,951,-0.0204403647873022,0.0465817089325552,0.0484489267263922,-0.11174051429511,0.0708597847205061,1,2,8.28867268349982e-05,FALSE,1602.87542009354,0.000110626220703125
2855,2000,952,-0.0958799492621212,0.0471223301262545,0.0478947928454359,-0.18823971630958,-0.0035201822146624,0,10,0.000415592406351247,FALSE,1125.47919440269,0.000177621841430664
2858,2000,953,0.051020696685647,0.0472303527373445,0.0468320345635317,-0.0415507946795483,0.143592188050842,1,4,0.000249555489188591,FALSE,1611.78751969337,0.000100612640380859
2861,2000,954,-0.0171265084994532,0.0484907975975374,0.0481690792072808,-0.112168471790626,0.0779154547917201,1,7,0.000356580744827898,FALSE,1672.88651299477,9.67979431152344e-05
2864,2000,955,0.0206278949070751,0.0498455420718968,0.050877391432536,-0.0770693675538427,0.118325157367993,1,20,0.00649544686791898,TRUE,1600.75935530663,0.000102996826171875
2867,2000,956,-0.0663637999586856,0.048739841170984,0.0481014121512097,-0.161893888653814,0.0291662887364432,1,3,0.000184025551007194,FALSE,1594.33547449112,0.000174283981323242
2870,2000,957,-0.0460130316327378,0.0489726827770364,0.047303931141993,-0.141999489875729,0.0499734266102534,1,16,0.00027868479398207,FALSE,1634.19496703148,0.000164985656738281
2873,2000,958,0.0896304133083216,0.0461455310446793,0.0467502837657792,-0.000814827539249816,0.180075654155893,1,14,1.09369578813069e-05,FALSE,691.095859050751,7.34329223632812e-05
2876,2000,959,0.0911261122402223,0.0481755622639417,0.0468762513834025,-0.00329798979710345,0.185550214277548,1,17,0.00921538402397811,FALSE,888.685310840607,0.000159502029418945
284,2000,95,-0.035841939797552,0.0475449793772131,0.048192664255198,-0.12903009937689,0.0573462197817857,1,8,0.000413611697748477,FALSE,1008.45128488541,0.000121116638183594
2879,2000,960,-0.0534120865720115,0.0472155727178704,0.04690228082213,-0.145954609099037,0.0391304359550144,1,16,0.000497225182118801,FALSE,773.313894510269,0.000103473663330078
2882,2000,961,0.0516951940894451,0.0461577211192569,0.0480360233841808,-0.0387739393042983,0.142164327483189,1,1,0.00282861182212051,TRUE,1123.21190071106,0.00012660026550293
2885,2000,962,-0.123501803700687,0.0451925016491774,0.0466068072522265,-0.212079106933075,-0.0349245004682992,0,3,0.000205713096785682,FALSE,715.233315229416,0.00017547607421875
2888,2000,963,0.0626934768359706,0.0460404469543523,0.0458418219752585,-0.0275457991945598,0.152932752866501,1,1,0.0127046069210972,TRUE,1044.34142684937,0.000124454498291016
2891,2000,964,-0.0199757967648377,0.0483547367363538,0.0480612629005932,-0.114751080768091,0.0747994872384157,1,11,0.000108419760457655,FALSE,974.197696208954,0.000182628631591797
2894,2000,965,0.0244757396765471,0.0488876280030699,0.0462853733309243,-0.0713440112094699,0.120295490562564,1,20,0.00613767584009712,TRUE,1435.89429354668,0.000112771987915039
2897,2000,966,-0.0939852832646175,0.0497491493004605,0.0486359681184942,-0.19149361589352,0.00352304936428503,1,7,0.000244642290010853,FALSE,1931.63313913345,0.000284671783447266
2900,2000,967,0.0346730140928291,0.0458915438484671,0.047494439394067,-0.0552744118501664,0.124620440035825,1,3,7.49134332506843e-05,FALSE,1200.9187476635,0.000120878219604492
2903,2000,968,0.0710187986897813,0.0458942788501849,0.0468697026986509,-0.0189339878565811,0.160971585236144,1,1,0.000165786968262099,TRUE,1295.82378578186,0.000140666961669922
2906,2000,969,-0.00589899873789612,0.0454304314073863,0.0457235393533316,-0.0949426442963733,0.083144646820581,1,1,0.00201573147820654,TRUE,614.553225755692,0.000258445739746094
287,2000,96,-0.086973661576798,0.0472620287407019,0.0469668166943743,-0.179607237908574,0.00565991475497772,1,10,7.17654841367552e-05,FALSE,1159.7111594677,0.000117301940917969
2909,2000,970,0.0337684495134261,0.0473972525334338,0.0468200486824073,-0.0591301654521042,0.126667064478956,1,15,0.000191213182978012,FALSE,932.821300983429,0.000125646591186523
2912,2000,971,0.0109375767369956,0.0487732534712796,0.0474728619422842,-0.0846580000667124,0.106533153540704,1,18,0.000677770964061043,FALSE,696.268746614456,0.00017237663269043
2915,2000,972,0.00975816620475733,0.0478914098004598,0.0482346025673109,-0.0841089970041438,0.103625329413658,1,13,5.03857529356547e-05,FALSE,898.390843153,0.000161170959472656
2918,2000,973,0.0146311695255907,0.0445104873192854,0.0454239370306678,-0.0726093856202087,0.10187172467139,1,8,0.000235308712652702,FALSE,1076.74994945526,9.20295715332031e-05
2921,2000,974,-0.041670499345836,0.0494371680716756,0.047747865484841,-0.13856734876632,0.0552263500746481,1,11,0.00318792076839784,FALSE,1080.34780073166,0.000122547149658203
2924,2000,975,-0.00214852320695436,0.0472889777423684,0.0472495463438573,-0.0948349195819964,0.0905378731680877,1,8,0.000205315384376624,FALSE,1429.70315384865,0.000114917755126953
2927,2000,976,0.0087788381652536,0.0456588763557434,0.0456831506375689,-0.0807125594920034,0.0982702358225106,1,1,0.0073133782157869,TRUE,2218.93122220039,0.000253438949584961
2930,2000,977,0.0442334617895827,0.0453342488529073,0.0452319218977094,-0.0446216659621157,0.133088589541281,1,6,6.42025452038288e-05,FALSE,695.826171159744,0.000206947326660156
2933,2000,978,-0.0278262817762929,0.048000759521704,0.0488897903686749,-0.121907770438833,0.066255206886247,1,1,0.00945859953691655,TRUE,646.782425165176,0.000337839126586914
2936,2000,979,-0.0390988706165992,0.0472959317603672,0.0479310427988334,-0.131798896866919,0.0536011556337206,1,1,0.000197086048660262,TRUE,1227.57943892479,0.000124931335449219
290,2000,97,0.0903187038870219,0.0492222552382161,0.0476879975614275,-0.00615691637988171,0.186794324153925,1,20,0.00126401977846175,TRUE,1070.86996793747,0.000262975692749023
2939,2000,980,0.0390792594189991,0.0469500987785913,0.0484851488390883,-0.0529429341870398,0.131101453025038,1,1,0.00377406662353896,TRUE,1612.89300131798,9.29832458496094e-05
2942,2000,981,-0.00910234484904837,0.047178207139007,0.0487036716555091,-0.101571630841502,0.0833669411434053,1,9,0.000341218003395822,FALSE,633.814320802689,0.000141620635986328
2945,2000,982,-0.0503771900194088,0.0461358625638815,0.0472076396596769,-0.140803480644616,0.0400491006057989,1,5,0.000121152823762132,FALSE,861.009787082672,0.000124692916870117
2948,2000,983,0.0636510439777019,0.0459161738789356,0.0476235657916787,-0.0263446568250119,0.153646744780416,1,8,6.86987849880867e-05,FALSE,1608.86998653412,9.51290130615234e-05
2951,2000,984,0.0633302148821264,0.0464546601289323,0.0474330341146678,-0.027720918970581,0.154381348734834,1,1,0.00111550675829473,TRUE,700.843037843704,7.62939453125e-05
2954,2000,985,0.0354449737248028,0.0498077016911488,0.0485899840107772,-0.0621781215898488,0.133068069039454,1,19,0.00495213182077706,FALSE,669.123747587204,0.000162601470947266
2957,2000,986,-0.0218175083841392,0.0521928502573601,0.048776092862074,-0.124115494888565,0.0804804781202867,1,19,0.00347223043622568,FALSE,1116.15866589546,0.000149726867675781
2960,2000,987,-0.0360566025709521,0.0469389438053941,0.0474739244534491,-0.128056932429524,0.0559437272876202,1,6,0.000418264540444137,FALSE,632.29746222496,0.000114679336547852
2963,2000,988,-0.0397638162834324,0.0474423361083792,0.0494713742318262,-0.132750795055856,0.0532231624889909,1,1,0.00762514973599835,TRUE,891.205366373062,0.000146150588989258
2966,2000,989,-0.110565799932418,0.0491290736723417,0.0497238753086796,-0.206858784330208,-0.0142728155346282,0,12,0.0182380410207472,FALSE,711.175665140152,0.00012969970703125
293,2000,98,0.0129949020562612,0.0481626808429081,0.0478791430144719,-0.0814039523958386,0.107393756508361,1,7,0.000183875878063569,FALSE,1130.7245619297,0.000257492065429688
2969,2000,990,-0.00830451249634567,0.0453803213087034,0.0474249686299986,-0.0972499422614043,0.080640917268713,1,1,0.000954524160708874,TRUE,1070.60956335068,0.000184774398803711
2972,2000,991,-0.00910963218039818,0.0478694973687866,0.0477742396244718,-0.10293384702322,0.0847145826624235,1,11,9.52657830056918e-05,FALSE,627.733242750168,0.000130176544189453
2975,2000,992,-0.0130125544188688,0.0438790658487313,0.0443043498791181,-0.0990155234823821,0.0729904146446445,1,1,0.000123673614410761,TRUE,741.417703866959,9.84668731689453e-05
2978,2000,993,-0.0198046329392187,0.0480345987364894,0.0462765608629386,-0.113952446462738,0.0743431805843006,1,20,0.0055839104385244,TRUE,1102.19635534286,8.63075256347656e-05
2981,2000,994,0.0486449522022637,0.0493027971434403,0.0483221648738836,-0.0479885301988793,0.145278434603407,1,1,0.0150692855075524,TRUE,1150.86819672585,0.000194311141967773
2984,2000,995,0.0178990409525823,0.0453031441721275,0.0469454746568736,-0.0708951216247876,0.106693203529952,1,5,0.0138588744631759,FALSE,958.139858722687,0.000112295150756836
2987,2000,996,0.0202181971129124,0.0508788650724897,0.0488607340456673,-0.0795043784291674,0.119940772654992,1,20,0.000659826333775167,TRUE,1274.13375782967,0.000158548355102539
2990,2000,997,-0.0109047887226632,0.0493827483900072,0.0469703710570008,-0.107694975567077,0.0858853981217509,1,20,0.00456905531776868,TRUE,2051.98685359955,0.00011444091796875
2993,2000,998,0.0483302084049131,0.0463663044146019,0.0473447498889452,-0.0425477482477066,0.139208165057533,1,1,0.000808242367096572,TRUE,1994.85035681725,0.000231742858886719
2996,2000,999,0.0320419037727805,0.0491071397080309,0.0477448306653087,-0.06420809005496,0.128291897600521,1,8,0.000227468649564784,FALSE,1219.86415600777,0.00014948844909668
296,2000,99,-0.0492682237047931,0.0495638643559622,0.0482725951564306,-0.146413397842479,0.0478769504328928,1,13,0.00028134911511413,FALSE,978.471513748169,0.000189781188964844
26,2000,9,0.089204262104757,0.0474539977374222,0.0468625296300773,-0.00380557346059059,0.182214097670104,1,19,0.00528593162587036,FALSE,1328.23446273804,0.000375270843505859
3000,4000,1000,-0.0444551533569351,0.0340675986616014,0.0336285504073438,-0.111227646733674,0.0223173400198037,1,18,8.40076755884975e-05,FALSE,693.501202583313,0.000185966491699219
3003,4000,1001,0.0107974620140621,0.0339797988821921,0.0331827731528638,-0.0558029437950345,0.0773978678231586,1,20,0.00776230617255367,TRUE,535.165542125702,0.000186920166015625
3006,4000,1002,0.0689987905604426,0.0344965875751994,0.0345451256964522,0.00138547891305167,0.136612102207833,0,20,0.00308606265437604,TRUE,946.405142307281,0.000805139541625977
3009,4000,1003,0.0192770740416748,0.0336885844859694,0.0329771624095375,-0.0467525515508252,0.0853066996341747,1,17,0.000214298083058644,FALSE,934.31566119194,0.000568628311157227
3012,4000,1004,-0.0480432097312665,0.0353267277991131,0.0340203057216517,-0.117283596217528,0.0211971767549952,1,20,0.000658181941358657,TRUE,1189.04152178764,0.000303745269775391
3015,4000,1005,0.0825645672867763,0.0342515006699592,0.0346008820084796,0.0154316259736563,0.149697508599896,0,20,0.00191593582754775,TRUE,759.571853399277,0.000285148620605469
3018,4000,1006,-0.0757603075042176,0.0343799118393142,0.033828205081195,-0.143144934709274,-0.00837568029916166,0,14,0.000318973631648844,FALSE,871.497812986374,0.000229120254516602
3021,4000,1007,0.0145327943160753,0.0335235091660486,0.0339424261368235,-0.05117328364938,0.0802388722815306,1,3,3.05113499968576e-05,FALSE,875.980980396271,0.000137090682983398
3024,4000,1008,0.00792208141326189,0.0344342138962048,0.0346598563480565,-0.0595689778232996,0.0754131406498234,1,4,0.000309186930582137,FALSE,840.688438415527,0.000178337097167969
3027,4000,1009,0.0649283856856632,0.0328026785290504,0.0339961566529475,0.000635135768724315,0.129221635602602,0,6,0.000312026805645649,FALSE,835.530905723572,0.00020146369934082
300,4000,100,0.0507029460264555,0.0333677133511888,0.0331158382478932,-0.0146977721418745,0.116103664194786,1,16,0.000117033501636915,FALSE,576.074738025665,0.000239133834838867
3030,4000,1010,0.0120760741370565,0.0336076792704031,0.0335698676831886,-0.0537949772329337,0.0779471255070466,1,17,2.36683018921497e-05,FALSE,874.326738119125,0.000225067138671875
3033,4000,1011,0.0333959210595434,0.0326768624859472,0.032894922665286,-0.0306507294129131,0.0974425715319998,1,4,0.00020613730621698,FALSE,491.720685720444,0.000171661376953125
3036,4000,1012,0.00315617939449808,0.0343280412043156,0.0337154727792652,-0.0641267813659605,0.0704391401549566,1,16,0.000303213965828637,FALSE,763.116360902786,0.000280380249023438
3039,4000,1013,-0.0193662310493625,0.0330055015075976,0.0333634941088972,-0.0840570140042538,0.0453245519055288,1,20,0.000113613734799377,TRUE,786.882444381714,0.000156641006469727
3042,4000,1014,0.0682344863845713,0.0339494314952137,0.0332196832051575,0.00169360065395247,0.13477537211519,0,20,0.00424369982263724,TRUE,1200.23142743111,0.000357866287231445
3045,4000,1015,-0.00393387457546024,0.0330434774760015,0.0339937352154746,-0.0686990904284231,0.0608313412775027,1,1,0.000162719347978326,TRUE,664.964889764786,0.000215291976928711
3048,4000,1016,-0.00643697169889546,0.0335180107383729,0.0339871798171883,-0.0721322727461064,0.0592583293483154,1,2,0.000125460574647037,FALSE,760.143805980682,0.000195980072021484
3051,4000,1017,0.0341045456418926,0.0331322617991531,0.0342285330684092,-0.0308346874844476,0.0990437787682327,1,15,2.09484621447166e-05,FALSE,530.958127260208,0.000154972076416016
3054,4000,1018,-0.00834628381225611,0.0348302894349515,0.0352432763860433,-0.076613651104761,0.0599210834802488,1,20,0.00225433817984385,TRUE,908.512189865112,0.000345230102539062
3057,4000,1019,0.0490361607330814,0.0344760718096599,0.034242075045297,-0.0185369400138521,0.116609261480015,1,14,0.000122225745866894,FALSE,1068.18902873993,0.000308513641357422
303,4000,101,-0.0221679500679093,0.0339254716533917,0.0331615189027496,-0.088661874508557,0.0443259743727384,1,20,9.4848243855477e-05,TRUE,954.680524349213,0.0008697509765625
3060,4000,1020,-0.0367323729022828,0.0335861444276076,0.0336031472845186,-0.102561215980394,0.0290964701758281,1,7,0.000168221859363083,FALSE,735.033694028854,0.000191211700439453
3063,4000,1021,0.0518537631435573,0.033899298238112,0.0338592658730029,-0.0145888614031422,0.118296387690257,1,12,6.10304181377133e-05,FALSE,883.973232746124,0.000241756439208984
3066,4000,1022,0.00212276276658474,0.0337459464316359,0.0335598546879037,-0.0640192922394216,0.0682648177725911,1,11,1.20711270248137e-05,FALSE,933.230398654938,0.00040745735168457
3069,4000,1023,0.0244382859736431,0.0325877825586344,0.0336611970073276,-0.0394337678412804,0.0883103397885665,1,4,0.000455132937951482,FALSE,722.38517999649,0.000187873840332031
3072,4000,1024,0.0389626774149416,0.0344382329821253,0.0344633175913723,-0.028536259230024,0.106461614059907,1,7,0.000226059184792571,FALSE,558.77273774147,0.000119924545288086
3075,4000,1025,0.0366955040713105,0.0335781068181551,0.0342203200777804,-0.0291175852922736,0.102508593434895,1,1,0.00151568153353702,TRUE,967.067261457443,0.000653982162475586
3078,4000,1026,0.0149329877165874,0.0330755871523868,0.033294594299261,-0.0498951631020907,0.0797611385352654,1,9,0.000122737538587654,FALSE,484.065982818604,0.000215291976928711
3081,4000,1027,0.0467062418086576,0.0352514388121422,0.033245879254049,-0.0223865782631411,0.115799061880456,1,20,0.00514216276389745,TRUE,722.762843847275,0.000187158584594727
3084,4000,1028,-0.0751834978030379,0.0330393711225001,0.033570599739571,-0.139940665203138,-0.0104263304029377,0,5,4.138570931309e-06,FALSE,935.83423948288,0.000278711318969727
3087,4000,1029,0.0211359169243595,0.032799455207878,0.0340771809044046,-0.0431510152830815,0.0854228491318004,1,3,9.60449242888e-05,FALSE,551.612822294235,0.000236749649047852
306,4000,102,-0.0143914401746958,0.0337735341225585,0.0332255893235368,-0.0805875670549105,0.0518046867055188,1,17,0.000141351456705168,FALSE,1000.64939904213,0.00033259391784668
3090,4000,1030,0.0165810681529124,0.0345534707706135,0.0347369981216073,-0.05114373455749,0.0843058708633148,1,14,0.000277862386642089,FALSE,507.343304634094,0.000219106674194336
3093,4000,1031,0.0170531987243278,0.0342251139869858,0.0339764222474398,-0.0500280246901643,0.0841344221388199,1,16,0.000367584462651103,FALSE,815.118139505386,0.000177383422851562
3096,4000,1032,-0.00122287042720259,0.0353952359256817,0.0331665987565711,-0.0705975328415387,0.0681517919871335,1,20,0.00629541408510792,TRUE,816.303163528442,0.000238895416259766
3099,4000,1033,-0.0256745708826335,0.0337764865704343,0.0329498136387273,-0.0918764845606847,0.0405273427954177,1,11,0.000146213144428591,FALSE,821.708521604538,0.000194549560546875
3102,4000,1034,-0.00703984437776861,0.0342595212302487,0.0340554059807057,-0.0741885059890561,0.0601088172335189,1,20,1.02334912808244e-05,TRUE,956.635901451111,0.000127315521240234
3105,4000,1035,0.0137187239877927,0.0346052494595271,0.0338598645052183,-0.0541075649528804,0.0815450129284658,1,20,0.00680452032818236,TRUE,732.318082332611,0.000204563140869141
3108,4000,1036,-0.0040303219464396,0.0337278266107348,0.0341275783843626,-0.0701368621034797,0.0620762182106005,1,6,0.000101711760296735,FALSE,759.408446311951,0.000209331512451172
3111,4000,1037,0.044472176713958,0.0333096867325708,0.0330454471152757,-0.0208148092818809,0.109759162709797,1,11,0.000226973183320991,FALSE,497.198225259781,0.000154495239257812
3114,4000,1038,-0.00159853788941178,0.0333768042213127,0.0341060256513067,-0.0670170741631847,0.0638199983843611,1,10,0.000241109371633073,FALSE,911.68109369278,0.000190258026123047
3117,4000,1039,0.00851765223080569,0.0330315965153472,0.0333561894596492,-0.0562242769392747,0.0732595814008861,1,1,0.00392933344787901,TRUE,1361.91848635674,0.000421047210693359
309,4000,103,0.0021858290138328,0.0332688418619823,0.0334336006576913,-0.0630211010356526,0.0673927590633182,1,1,0.000701059685851571,TRUE,600.177094697952,0.000338315963745117
3120,4000,1040,0.0111777029782766,0.0331011276940972,0.0339142974497585,-0.0537005073021539,0.0760559132587071,1,1,1.09448190673263e-06,TRUE,633.455147027969,0.000184059143066406
3123,4000,1041,0.000149625425747368,0.0336927755099733,0.0332771863171642,-0.0658882145738003,0.066187465425295,1,9,0.000199384054553485,FALSE,468.020942687988,0.000121593475341797
3126,4000,1042,-0.0234005731461844,0.0338476977238087,0.0333558876874007,-0.0897420606848494,0.0429409143924806,1,18,0.000177406329743356,FALSE,617.673648118973,0.000543594360351562
3129,4000,1043,0.0173102172378998,0.0325611176142935,0.032913870868734,-0.0465095732861155,0.0811300077619151,1,7,3.78938540889879e-05,FALSE,791.984617710114,0.000250339508056641
3132,4000,1044,0.0096030075076794,0.0335884706514022,0.0338362863669386,-0.0562303949690689,0.0754364099844277,1,12,0.000166323284673776,FALSE,1085.50104546547,0.000224113464355469
3135,4000,1045,-0.00134810169224298,0.033488561281002,0.0341286922789279,-0.0669856818030069,0.0642894784185209,1,1,0.00363682116991844,TRUE,1033.98367881775,0.00022125244140625
3138,4000,1046,-0.0571930292940585,0.0328847438686753,0.0341915103026856,-0.121647127276662,0.00726106868854508,1,9,2.61358675043694e-05,FALSE,759.038338899612,0.000499725341796875
3141,4000,1047,0.0284236040918402,0.0319956781483916,0.0330045996584744,-0.0342879250790074,0.0911351332626877,1,4,5.66219981936087e-05,FALSE,497.471488714218,0.000123739242553711
3144,4000,1048,-0.00686188455058168,0.0346504396686083,0.034207730910058,-0.0747767463010539,0.0610529771998906,1,20,0.00157187326898474,TRUE,1125.18649935722,0.000160932540893555
3147,4000,1049,0.0402837152872197,0.033741497270966,0.0333789013984051,-0.0258496193638736,0.106417049938313,1,20,0.00154916573840093,TRUE,884.059898138046,0.000220537185668945
312,4000,104,0.0365760718304647,0.0328733732438885,0.0338900490563169,-0.0278557397275568,0.101007883388486,1,4,0.00203848154531765,FALSE,758.494812250137,0.000135660171508789
3150,4000,1050,-0.0386705938714442,0.0335996190369194,0.0332246871705167,-0.104525847183806,0.0271846594409179,1,17,0.00030314582366158,FALSE,1416.47325778008,0.000284671783447266
3153,4000,1051,-0.0155718288382484,0.0339572321059937,0.0340968867682702,-0.082128003765996,0.0509843460894993,1,3,0.000169621036386206,FALSE,975.636117696762,0.000259160995483398
3156,4000,1052,-0.0262593779322905,0.0329624396676617,0.033438168845594,-0.0908657596809075,0.0383470038163265,1,11,3.45528872392524e-05,FALSE,603.891204833984,0.000166177749633789
3159,4000,1053,0.0151953958137833,0.0346597391216871,0.0349566253989086,-0.0527376928647235,0.0831284844922901,1,9,0.000421323933865408,FALSE,863.282432079315,0.000252485275268555
3162,4000,1054,-0.00411492464570207,0.0337098944574609,0.0331102168112832,-0.0701863177823254,0.0619564684909213,1,20,0.00242523633170615,TRUE,907.372674226761,0.000212192535400391
3165,4000,1055,-0.0214840348316376,0.0346899107882914,0.0338730518150151,-0.0894762599766888,0.0465081903134135,1,20,0.00340341121574262,TRUE,1054.73072266579,0.000230073928833008
3168,4000,1056,0.0119382270342299,0.0335526265159976,0.0339673423362041,-0.0538249209371255,0.0777013750055852,1,7,0.000122876947054352,FALSE,700.090706586838,0.000145435333251953
3171,4000,1057,-0.0392021813640443,0.0339416448367505,0.0338405165087714,-0.105727805244075,0.0273234425159867,1,7,0.000332650025901931,FALSE,561.642332077026,0.000218868255615234
3174,4000,1058,-0.0101448275255747,0.0348053896328143,0.0333873992908232,-0.0783633912058907,0.0580737361547414,1,20,0.00696628620120304,TRUE,609.836948871613,0.000118017196655273
3177,4000,1059,0.0182841419378275,0.0323217456878488,0.033656873544641,-0.0450664796103561,0.081634763486011,1,1,0.00121385125919291,TRUE,581.331101417542,0.000159978866577148
315,4000,105,-0.0433255519204034,0.0349935978926395,0.033674825132958,-0.111913003789977,0.0252618999491699,1,20,0.00435923492062726,TRUE,579.832526683807,0.000247478485107422
3180,4000,1060,-0.00642373369102733,0.0330840738646837,0.0336183750737405,-0.0712685184658073,0.0584210510837527,1,11,2.01139637863482e-05,FALSE,563.562098503113,0.000206708908081055
3183,4000,1061,0.0548679152917797,0.0342441488736598,0.0343886368352773,-0.0122506165005936,0.121986447084153,1,20,0.00338516980430064,TRUE,569.697245597839,0.000152111053466797
3186,4000,1062,-0.0267226513496835,0.0336803817093191,0.0337912894156498,-0.0927361994999489,0.0392908968005818,1,20,0.0097542301701752,TRUE,1038.50957274437,0.000219821929931641
3189,4000,1063,0.0486888583200131,0.0344406304696082,0.0339760491740427,-0.0188147774004189,0.116192494040445,1,20,0.00190566341314216,TRUE,480.957201719284,0.00011754035949707
3192,4000,1064,-0.0206468491132394,0.0323526180535973,0.032604745029877,-0.0840579804982902,0.0427642822718113,1,12,0.00056366889361849,FALSE,1002.13053154945,0.000213384628295898
3195,4000,1065,0.0499017740440877,0.0330872256846591,0.0334025423733698,-0.0149491882978442,0.11475273638602,1,9,0.000111685478201231,FALSE,750.937990903854,0.000147819519042969
3198,4000,1066,-0.0192412645300638,0.033578827808388,0.0333513202927378,-0.0850557670345043,0.0465732379743767,1,20,0.00504708796638284,TRUE,643.330455541611,0.000106334686279297
3201,4000,1067,-0.0211674748232692,0.032942475757141,0.0338686312310366,-0.0857347273072655,0.0433997776607272,1,4,0.000254790636928817,FALSE,753.644168376923,0.000148296356201172
3204,4000,1068,-0.00579215364634411,0.0345913580795462,0.0342168830247671,-0.0735912154822546,0.0620069081895664,1,20,0.00337007024634298,TRUE,851.859194278717,0.0001678466796875
3207,4000,1069,-0.00809477150848936,0.0330741810864695,0.0340106199367595,-0.0729201664379696,0.0567306234209909,1,1,0.00134873836306453,TRUE,511.682323217392,0.000269412994384766
318,4000,106,0.0121581871359925,0.0323482024276452,0.0332862677626812,-0.0512442896221921,0.0755606638941771,1,9,0.000168955432363646,FALSE,655.920030355453,0.000169038772583008
3210,4000,1070,0.00226354095183678,0.0334255710506949,0.0335388058020789,-0.0632505783075251,0.0677776602111987,1,13,0.000142823246471537,FALSE,939.364429473877,0.000214338302612305
3213,4000,1071,0.0340972529295871,0.0339906235432818,0.0340838865281902,-0.0325243692152452,0.100718875074419,1,15,0.000250874228746014,FALSE,791.508784294128,0.000195503234863281
3216,4000,1072,0.00321972032285744,0.0328727239989737,0.0334123412103322,-0.061210818715131,0.0676502593608459,1,1,0.00249724474769654,TRUE,887.771551609039,0.000129938125610352
3219,4000,1073,-0.0414253020354717,0.0343812128975341,0.0343135541599933,-0.108812479314638,0.0259618752436951,1,15,8.35918227050185e-05,FALSE,785.122965335846,0.000217914581298828
3222,4000,1074,0.0252066209132739,0.0333226388996472,0.0351058892681996,-0.0401057513300346,0.0905189931565823,1,1,0.00606193474305761,TRUE,436.957908153534,0.000125885009765625
3225,4000,1075,-0.0224858257901288,0.032100795976835,0.0334945207328961,-0.0854033859047254,0.0404317343244678,1,2,0.000221437705480486,FALSE,611.845746040344,0.000335454940795898
3228,4000,1076,0.000500642197014844,0.032823083166192,0.0336776481079946,-0.0638326008087215,0.0648338852027512,1,4,0.000256020428809399,FALSE,574.584197282791,0.000208377838134766
3231,4000,1077,0.0158125896115725,0.0325431466687385,0.0333443793181008,-0.047971977859155,0.0795971570823,1,3,0.000172376773757414,FALSE,699.416328191757,0.000203371047973633
3234,4000,1078,0.00140634964652286,0.0331316141155044,0.0335860858179988,-0.0635316140198657,0.0663443133129115,1,3,9.00455894942222e-05,FALSE,671.282080411911,0.000111818313598633
3237,4000,1079,0.0105608591195976,0.0335812929664283,0.0341929079907441,-0.0552584750946018,0.076380193333797,1,1,0.00118540116058743,TRUE,513.220260381699,0.000205039978027344
321,4000,107,-0.00677059492924226,0.0343661716661333,0.0348414910402525,-0.0741282913948636,0.0605871015363791,1,18,0.000174329584461288,FALSE,604.159539222717,0.000227689743041992
3240,4000,1080,0.0173913158004432,0.0343199190413916,0.034261979240984,-0.0498757255206844,0.0846583571215708,1,13,0.00027127516166232,FALSE,501.585283756256,0.000213861465454102
3243,4000,1081,0.00269223303196697,0.0333556885296567,0.0334872327942004,-0.0626849164861602,0.0680693825500942,1,1,0.000309636374665084,TRUE,543.399038076401,0.000151157379150391
3246,4000,1082,-0.0266723225462562,0.0344694021588059,0.0339934717628225,-0.0942323507775157,0.0408877056850034,1,16,0.000212951584769244,FALSE,879.076839923859,0.000229120254516602
3249,4000,1083,-0.0381402243736231,0.0346123252736501,0.0328109486859596,-0.105980381909977,0.0296999331627312,1,20,0.00141813616227648,TRUE,850.224432945251,0.000697135925292969
3252,4000,1084,-0.00252425891838726,0.0335270834250156,0.0337565830719545,-0.0682373424314178,0.0631888245946433,1,5,0.000233604291092368,FALSE,591.409188985825,0.000159502029418945
3255,4000,1085,0.0252822311855339,0.0325905975954929,0.0331998924948156,-0.0385953401016323,0.0891598024727,1,1,0.000670005491308779,TRUE,524.902135133743,0.000124931335449219
3258,4000,1086,0.0713465677337132,0.0324876262420358,0.0332621841721118,0.00767082029932301,0.135022315168103,0,4,0.000149648367991963,FALSE,898.879209518433,0.000168561935424805
3261,4000,1087,0.0237998238431524,0.0326860849860617,0.0335951351158697,-0.0402649027295285,0.0878645504158332,1,7,7.57757520567739e-05,FALSE,847.046183109283,0.000412225723266602
3264,4000,1088,0.00693748827339569,0.0331125083376385,0.0338783795968245,-0.0579630280683757,0.0718380046151671,1,1,0.00289015189320591,TRUE,515.262402057648,0.000496149063110352
3267,4000,1089,-0.0205049028837515,0.0332396817276008,0.0336007608669241,-0.0856546790698491,0.0446448733023461,1,18,0.000384992444041006,FALSE,734.538900852203,0.000216484069824219
324,4000,108,0.00979649734143562,0.0338690553716459,0.0333511808815554,-0.0565868511869904,0.0761798458698616,1,18,6.15392978028127e-05,FALSE,666.731215238571,0.000197887420654297
3270,4000,1090,-0.0277522932044612,0.03354290251437,0.0342125442248454,-0.0934963821326264,0.037991795723704,1,15,9.0320027159505e-05,FALSE,518.174696922302,0.000178813934326172
3273,4000,1091,-0.000376691317045319,0.0342568633475881,0.0344180797450822,-0.067520143478318,0.0667667608442274,1,11,3.19882605856154e-05,FALSE,673.81839299202,0.000135660171508789
3276,4000,1092,-0.00419554405069644,0.0339358061241194,0.0334907252561203,-0.0707097240539704,0.0623186359525775,1,13,2.35814994817028e-07,FALSE,644.58244228363,0.000108480453491211
3279,4000,1093,0.0433129642299969,0.0335115654252562,0.0342459351522666,-0.0223697040035053,0.108995632463499,1,15,6.6618091835583e-05,FALSE,1254.30583810806,0.000178098678588867
3282,4000,1094,-0.0455268564132618,0.0345810985376456,0.0337972343614064,-0.113305809547047,0.0222520967205235,1,18,2.56682297138979e-05,FALSE,812.719138383865,0.000172615051269531
3285,4000,1095,-0.0104587515223551,0.0334735624440886,0.0330165978654194,-0.0760669339127687,0.0551494308680585,1,12,5.677620050658e-05,FALSE,492.289129972458,0.00019073486328125
3288,4000,1096,-0.0425509572562789,0.0346627859476882,0.0348754838141222,-0.110490017713748,0.02538810320119,1,12,4.78718539867576e-05,FALSE,782.403467416763,0.000246524810791016
3291,4000,1097,-0.00882249805832691,0.0326344802515616,0.0326252626955046,-0.0727860793513877,0.0551410832347339,1,3,0.000173681240736588,FALSE,1026.4561984539,0.000261545181274414
3294,4000,1098,0.090458281548639,0.0332438296161395,0.0339950115319415,0.0253003755010056,0.155616187596272,0,4,6.80876442783446e-06,FALSE,1314.98846244812,0.000149250030517578
3297,4000,1099,0.0521323847049457,0.033905512230609,0.0336044799442246,-0.0143224192670479,0.118587188676939,1,13,0.00313582425065192,FALSE,871.723674535751,0.000266075134277344
327,4000,109,0.083388311833537,0.0337688523229611,0.0344619411090396,0.0172013612805332,0.149575262386541,0,8,8.55976550734026e-05,FALSE,1168.55822896957,0.000153303146362305
30,4000,10,0.0353782167668186,0.0338104216326051,0.0336745964457647,-0.0308902096330874,0.101646643166725,1,12,0.000230791060129217,FALSE,1328.64713191986,0.000238180160522461
3300,4000,1100,0.0236882062439835,0.0340776846283018,0.0334696486141623,-0.043104055627488,0.090480468115455,1,9,0.000234982659544062,FALSE,768.730010509491,0.000168085098266602
330,4000,110,-0.00662695093713417,0.0334383335358173,0.0335786455636678,-0.0721660846673361,0.0589121827930678,1,10,7.69838195152339e-05,FALSE,826.870122909546,0.000329971313476562
333,4000,111,0.0669938614666787,0.0339156276235276,0.0341114689940508,0.000519231324564565,0.133468491608793,0,14,9.64182929053317e-06,FALSE,558.715246915817,0.000242233276367188
336,4000,112,-0.0284534445095451,0.0342185170402848,0.0332643499668757,-0.0955217379085034,0.0386148488894132,1,19,3.99838394072825e-05,FALSE,816.823734045029,0.000344276428222656
339,4000,113,-0.00493706398195393,0.0331857083524153,0.0341307205982564,-0.069981052352688,0.0601069243887801,1,1,0.000437122287436216,TRUE,1034.88732719421,0.000306606292724609
342,4000,114,0.0796243596079984,0.0328730523369062,0.0337535742986751,0.0151931770276622,0.144055542188335,0,1,0.00121752717505806,TRUE,844.235976457596,0.000193357467651367
345,4000,115,-0.0157558432693191,0.0346802847666057,0.0338455327005503,-0.0837292014118663,0.0522175148732281,1,20,0.0124810934631055,TRUE,724.982290029526,0.000113010406494141
348,4000,116,-0.038233009575449,0.0332515476959191,0.0335208128113106,-0.10340604305945,0.0269400239085525,1,13,4.379111365997e-05,FALSE,1208.42127013206,0.000176906585693359
351,4000,117,-0.00959905865917787,0.03326866449701,0.0333413800644973,-0.0748056410733174,0.0556075237549617,1,13,0.000233036197327935,FALSE,725.492952823639,0.000227928161621094
354,4000,118,-0.0477721892212176,0.0328787683822919,0.0328394830282623,-0.11221457525051,0.0166701968080745,1,9,9.92315397296319e-05,FALSE,859.320933103561,0.000604629516601562
357,4000,119,0.0124755860195025,0.0334049797173214,0.033083334955449,-0.0529981742264475,0.0779493462654525,1,10,4.1561987127171e-07,FALSE,1027.81459450722,0.000330209732055664
33,4000,11,-0.00356010070300239,0.0327478999240211,0.0339338111003904,-0.0677459845540838,0.060625783148079,1,1,0.00311954400470016,TRUE,578.902011632919,0.000185251235961914
360,4000,120,-0.0261264712797505,0.0344428184668614,0.0340494813351407,-0.0936343954747988,0.0413814529152978,1,20,0.00470738195506854,TRUE,688.492738246918,0.000164031982421875
363,4000,121,0.0170899686950483,0.0337388597250646,0.0335065309828235,-0.0490381963660783,0.0832181337561749,1,20,0.00705406646115197,TRUE,1104.22126150131,0.000189304351806641
366,4000,122,-0.032889398760836,0.032349341900579,0.0332389755251269,-0.0962941088859708,0.0305153113642989,1,15,0.000131105006463915,FALSE,1278.94604516029,0.000771522521972656
369,4000,123,0.0593738494681137,0.0346908760092266,0.0337133087500333,-0.00862026750997041,0.127367966446198,1,20,0.00119687004708274,TRUE,709.960465192795,0.000213146209716797
372,4000,124,-0.0224895124284132,0.0333891271441734,0.0337618917608841,-0.087932201630993,0.0429531767741666,1,18,2.62481773560088e-05,FALSE,1049.10099363327,0.000329494476318359
375,4000,125,-0.00856293366643557,0.0345552934589353,0.0343343003752952,-0.0762913088459487,0.0591654415130775,1,18,0.00206590556446648,FALSE,1104.82085943222,0.000166177749633789
378,4000,126,0.0183403245651805,0.0337763257790664,0.0343536401392831,-0.0478612739617895,0.0845419230921506,1,2,0.000204890513967162,FALSE,828.412803173065,0.000231027603149414
381,4000,127,0.0609137846918519,0.0340352649606627,0.0326762868458537,-0.00579533463104687,0.127622904014751,1,19,3.81926581607712e-05,FALSE,1016.4007627964,0.00062870979309082
384,4000,128,0.00402711124479238,0.0322444158498358,0.0327385738512754,-0.0591719438208857,0.0672261663104705,1,1,0.00429027045890376,TRUE,735.204329490662,0.000172138214111328
387,4000,129,0.0598021864326859,0.0334962802984747,0.0337994901640888,-0.00585052295232458,0.125454895817696,1,12,6.44541351283178e-05,FALSE,632.034391641617,0.000160932540893555
390,4000,130,0.0433077268754911,0.0355507626835277,0.0340489712962097,-0.0263717679842232,0.112987221735205,1,20,0.00145554025643197,TRUE,1135.63213467598,0.000321626663208008
393,4000,131,-0.0395001283453723,0.0352644650715696,0.0346483806084489,-0.108618479885649,0.0296182231949041,1,20,0.0108896537049676,TRUE,706.970835208893,0.000170230865478516
396,4000,132,-0.062936521310307,0.0352037446431604,0.035003890497559,-0.131935860810901,0.00606281819028733,1,20,0.00130386301877336,TRUE,923.850485086441,0.000192403793334961
399,4000,133,-0.0511255130107856,0.0335874228672182,0.0340554589179086,-0.116956861830533,0.014705835808962,1,12,0.000234186321658096,FALSE,591.713632106781,0.000217199325561523
402,4000,134,0.019463149491407,0.0331593541246242,0.0340724139561003,-0.0455291845928565,0.0844554835756706,1,7,0.000175942700051353,FALSE,727.634514570236,0.000139951705932617
405,4000,135,0.0222243098882454,0.0336619607476766,0.0337119217282061,-0.0437531331772008,0.0882017529536916,1,20,0.00236500348109554,TRUE,1331.07481384277,0.000189542770385742
408,4000,136,-0.0496379405481945,0.0342069049908325,0.0341990245965929,-0.116683474330226,0.0174075932338372,1,13,0.000220479195815807,FALSE,831.173005104065,0.000222444534301758
411,4000,137,0.0493034314005807,0.0320449861795786,0.0337152733195319,-0.0135047415113933,0.112111604312555,1,1,0.00399544988131236,TRUE,1589.87324690819,0.000205755233764648
414,4000,138,-0.00185670912232161,0.0330756115267292,0.0342424621836884,-0.0666849077147108,0.0629714894700676,1,1,0.00471429272852898,TRUE,755.323270797729,0.000362396240234375
417,4000,139,-0.002650412203554,0.0325257801923857,0.0331730748553648,-0.0664009413806299,0.0611001169735219,1,13,0.000239996021079133,FALSE,783.980325460434,0.000123500823974609
39,4000,13,0.0487542770946954,0.0333035830145339,0.0334278088210855,-0.0165207456137911,0.114029299803182,1,18,0.000186169491080317,FALSE,654.489310979843,0.000174283981323242
420,4000,140,-0.00926579078229328,0.0338122010732564,0.0332508359068334,-0.0755377048858758,0.0570061233212892,1,20,0.00160594049658695,TRUE,533.810955524445,0.000156879425048828
423,4000,141,-0.023233899531685,0.0336244781948749,0.0333295201291058,-0.0891378767936398,0.0426700777302699,1,4,0.000139169266122133,FALSE,651.517152309418,0.000111579895019531
426,4000,142,0.0281928685367192,0.033658857074131,0.0338813735337869,-0.0377784913285776,0.094164228402016,1,10,6.42081323605718e-05,FALSE,756.199149608612,0.000211238861083984
429,4000,143,0.027718131002889,0.0344027273753823,0.0344021669514388,-0.0397112146528604,0.0951474766586384,1,6,0.000241716683410813,FALSE,704.646434545517,0.000159502029418945
432,4000,144,0.00855545580084671,0.0332048323892031,0.0326531598079959,-0.0565260156819914,0.0736369272836848,1,7,0.000101339430118939,FALSE,1180.27329564095,0.000384330749511719
435,4000,145,0.0309964754977337,0.0331778626707526,0.0337067624303077,-0.0340321353369415,0.0960250863324088,1,10,0.000123036572208061,FALSE,638.22397851944,0.000535249710083008
438,4000,146,-0.00264624622061449,0.0329519569254195,0.032925353182869,-0.0672320817944367,0.0619395893532077,1,1,0.00162273462928692,TRUE,712.706970930099,0.000112295150756836
441,4000,147,0.0331174716278555,0.0328160747154803,0.0338896909716509,-0.0312020348144859,0.0974369780701969,1,1,0.00460714141476212,TRUE,526.984045505524,0.000533103942871094
444,4000,148,0.0345777389907463,0.0352363461553496,0.0339439756858793,-0.0344854994737389,0.103640977455232,1,20,4.39603988783116e-05,TRUE,701.774433135986,0.000132560729980469
447,4000,149,-0.048486956289079,0.0342810141851234,0.0333624706115327,-0.115677744091921,0.0187038315137629,1,18,0.000394643366998478,FALSE,1489.16106176376,0.000370264053344727
42,4000,14,-0.0368166974732334,0.0331907563214355,0.0327497312442192,-0.101870579863247,0.0282371849167802,1,9,0.0115229773018732,FALSE,537.549929141998,0.000241994857788086
450,4000,150,-0.0189081220793976,0.0344709142309863,0.0332660170783642,-0.0864711139721308,0.0486548698133355,1,10,0.000114627776864695,FALSE,1487.96013188362,0.000334024429321289
453,4000,151,0.0389703458455531,0.0335437349336905,0.0335705333310102,-0.0267753746244803,0.104716066315587,1,20,0.00489265086434684,TRUE,516.614189863205,0.000255346298217773
456,4000,152,-0.0242325953012353,0.0336649722705722,0.0340969432914179,-0.0902159409515568,0.0417507503490861,1,12,5.69653357319289e-05,FALSE,624.551657676697,0.000168323516845703
459,4000,153,0.0910954515613825,0.0329840314861636,0.0336845988970038,0.0264467498485019,0.155744153274263,0,1,0.000959131908251508,TRUE,522.12962603569,0.000161170959472656
462,4000,154,-0.0248561794745029,0.0336748951842872,0.0340308731154337,-0.0908589740357058,0.0411466150867,1,14,0.000307525030913443,FALSE,805.448443889618,0.000138282775878906
465,4000,155,-0.0220226941661685,0.033727612946093,0.0336663076162481,-0.0881288155405108,0.0440834272081737,1,20,0.000287274267024604,TRUE,872.809200286865,0.000213861465454102
468,4000,156,0.0416210946011222,0.0326365335067171,0.0336804727333444,-0.0223465110720434,0.105588700274288,1,4,0.000252860482538343,FALSE,597.357715606689,0.000144004821777344
471,4000,157,-0.0190158768262031,0.0342396463153774,0.0344700393459053,-0.0861255836043429,0.0480938299519367,1,16,0.00483899428560674,FALSE,652.999661207199,0.000141620635986328
474,4000,158,0.0217371736719081,0.0335313382853041,0.0329216939727983,-0.043984249367288,0.0874585967111041,1,7,0.000190543721987094,FALSE,1267.13377046585,0.000204324722290039
477,4000,159,0.00831584226266502,0.0324417607207218,0.0326330821087261,-0.0552700087499498,0.0719016932752798,1,1,0.000865569479896185,TRUE,767.466630220413,0.000418424606323242
45,4000,15,0.0171785180728581,0.0335277862360088,0.0330722617968329,-0.0485359429497191,0.0828929790954353,1,19,0.00397810210918959,FALSE,841.88992023468,0.000260353088378906
480,4000,160,-0.026559288412593,0.0334565216344141,0.034258718542223,-0.0921340708160447,0.0390154939908587,1,10,0.000420774132695854,FALSE,747.773323774338,0.000240325927734375
483,4000,161,-0.00465915392914651,0.0351225069401072,0.0337694513950721,-0.0734992675317567,0.0641809596734637,1,20,0.00216306674282686,TRUE,577.190881490707,0.000112295150756836
486,4000,162,0.0726379006592569,0.0340018656007229,0.034385134821905,0.00599424408184003,0.139281557236674,0,10,0.000226766257508432,FALSE,886.636043310165,0.000437498092651367
489,4000,163,0.0311716973663845,0.0339405460320743,0.0339905483520409,-0.0353517728564811,0.09769516758925,1,17,8.11865089412863e-06,FALSE,921.357622385025,0.000441789627075195
492,4000,164,0.00866254820872037,0.0355145181054197,0.0346105040148207,-0.0609459072779022,0.078271003695343,1,20,0.00695229442299441,TRUE,545.865317344666,0.00034332275390625
495,4000,165,-0.0032363736034291,0.0323457740534554,0.0334446840428311,-0.0666340907482017,0.0601613435413435,1,7,0.000232414640411069,FALSE,721.151425123215,0.000230073928833008
498,4000,166,0.0120628984732547,0.0351982356576546,0.0342640500023232,-0.0569256434157484,0.0810514403622578,1,19,3.95269400338931e-05,FALSE,636.145689249039,0.000236988067626953
501,4000,167,-0.0205948890118747,0.0337131601521718,0.0341361251117742,-0.0866726829101315,0.0454829048863821,1,13,0.000137827452721669,FALSE,940.54012465477,0.000870704650878906
504,4000,168,-0.0216995209336618,0.0342499007532139,0.0345731891265593,-0.0888293264099611,0.0454302845426375,1,12,7.5985057162994e-05,FALSE,811.585397005081,0.000197887420654297
507,4000,169,-0.0250993588569077,0.0345709491680692,0.0343151577131251,-0.0928584192263234,0.0426597015125079,1,9,0.000147381562591799,FALSE,541.729643344879,0.000238895416259766
48,4000,16,0.0405413924426199,0.0340196848063013,0.0328105237206795,-0.0261371897777306,0.10721997466297,1,20,7.29502906432811e-05,TRUE,1242.32274365425,0.00018310546875
510,4000,170,-0.033756728706404,0.0332530241419935,0.0339575886887259,-0.0989326560247112,0.0314191986119032,1,5,0.000326472130371537,FALSE,759.955959320068,0.00016331672668457
513,4000,171,0.0156074270003977,0.0331825177158968,0.0336157651012096,-0.04943030772276,0.0806451617235555,1,3,0.000273890898496405,FALSE,895.710092306137,0.000162601470947266
516,4000,172,0.00533928428259012,0.0342067832459621,0.0337948731518161,-0.0617060108794956,0.0723845794446758,1,4,0.000186506893939013,FALSE,979.904810667038,0.000310420989990234
519,4000,173,0.0512845667979029,0.032330948718382,0.0325387325573387,-0.0120840926901257,0.114653226285932,1,6,5.36471745379061e-05,FALSE,951.869218826294,0.000249862670898438
522,4000,174,0.0210540227207819,0.0346845536171869,0.0343020530412844,-0.0469277023689044,0.0890357478104682,1,15,1.41599615832327e-06,FALSE,963.218602657318,0.000264406204223633
525,4000,175,0.00295462345182962,0.0339548932823719,0.0340077007817436,-0.0635969673816193,0.0695062142852786,1,16,0.000270740284288955,FALSE,485.691600799561,0.000168800354003906
528,4000,176,0.00537462675826905,0.0333320264059255,0.0333798841934265,-0.0599561449973449,0.070705398513883,1,15,0.000142362131649023,FALSE,891.917748451233,0.000220537185668945
531,4000,177,0.018060534948897,0.0334544437379121,0.033603895067053,-0.0475101747774106,0.0836312446752047,1,20,0.000101418803228224,TRUE,726.832767963409,0.000128984451293945
534,4000,178,0.0133665059297492,0.034560295474536,0.0334276191469429,-0.0543716732003413,0.0811046850598397,1,20,0.000765658460388472,TRUE,1115.27263784409,0.000208854675292969
537,4000,179,0.00452174337533373,0.0324971192257482,0.0333398469883187,-0.0591726103071327,0.0682160970578002,1,1,0.0041343485689701,TRUE,1093.48377156258,0.000164985656738281
51,4000,17,0.0452735806679977,0.0336498065867811,0.033872338023954,-0.0206800402420933,0.111227201578089,1,1,0.000611543454603353,TRUE,579.954273462296,0.00023961067199707
540,4000,180,-0.00397141533935985,0.0337021088781283,0.032717293196602,-0.0700275487404914,0.0620847180617717,1,20,0.00731215292028286,TRUE,633.984768152237,0.000212192535400391
543,4000,181,-0.00122339345210321,0.0330093471112533,0.0337859265553747,-0.0659217137901598,0.0634749268859534,1,1,0.00218087031210651,TRUE,1110.24735832214,0.000147104263305664
546,4000,182,0.0386777124477543,0.0336777703474819,0.0330937701511157,-0.0273307174333103,0.104686142328819,1,20,0.00452891623609106,TRUE,854.260921001434,0.000241994857788086
549,4000,183,-0.0105589770096927,0.0344497531017881,0.0338072391745775,-0.0780804930891972,0.0569625390698119,1,8,5.9897794794265e-05,FALSE,928.432487249374,0.000242710113525391
552,4000,184,0.045328698771495,0.0341095087674534,0.0338781558653644,-0.0215259384127136,0.112183335955704,1,20,0.0017764728412162,TRUE,743.60628247261,0.000191688537597656
555,4000,185,0.0333017101598142,0.0331041120549234,0.0332450485200015,-0.0315823494678357,0.0981857697874641,1,8,5.99696798440801e-05,FALSE,800.100934743881,0.000127077102661133
558,4000,186,0.024820952511061,0.0358568975944054,0.0336620523195701,-0.0454585667739737,0.0951004717960956,1,20,0.0016673293355302,TRUE,944.290557861328,0.000233173370361328
561,4000,187,-0.0401897159055623,0.0342920418366645,0.0338803127742479,-0.107402117905425,0.0270226860943001,1,16,1.66184671248412e-05,FALSE,710.159107923508,0.000154495239257812
564,4000,188,0.0248480805889522,0.0338597934188094,0.0333074674628266,-0.0415171145119143,0.0912132756898187,1,11,0.000464477246619358,FALSE,854.518437862396,0.000218868255615234
567,4000,189,0.0277777181871246,0.0341677268269136,0.0343315305191896,-0.039191026393626,0.0947464627678752,1,8,0.000163906859040167,FALSE,528.707221746445,0.000195741653442383
54,4000,18,-0.0266564444912706,0.03441264030581,0.0339796895267512,-0.0941052194906582,0.0407923305081171,1,13,2.08461482083011e-05,FALSE,1523.16830706596,0.000180244445800781
570,4000,190,0.00166384801658759,0.034771019141771,0.0334209068485092,-0.0664873495012837,0.0698150455344588,1,18,0.000217896123951679,FALSE,882.64688539505,0.000205755233764648
573,4000,191,-0.00370975027154097,0.0336846315883292,0.0336838832046342,-0.0697316281846663,0.0623121276415844,1,18,5.27506976377572e-05,FALSE,669.790337562561,0.000180959701538086
576,4000,192,0.00201046293062168,0.0329487137837934,0.0333837133218135,-0.0625690160856134,0.0665899419468567,1,13,0.000225220812273887,FALSE,1511.96650505066,0.000300168991088867
579,4000,193,0.0147678000980332,0.0332554970987779,0.0333781447701502,-0.0504129742155714,0.0799485744116379,1,10,0.000199824917375383,FALSE,663.786015987396,0.00036168098449707
582,4000,194,0.0352262928486426,0.0340048538440953,0.0350118172072153,-0.0314232206857841,0.101875806383069,1,7,0.000299151568123403,FALSE,654.905920505524,0.00021052360534668
585,4000,195,0.0135345270609276,0.0346105759310056,0.0342704087296457,-0.0543022017638433,0.0813712558856986,1,18,0.000144875390349642,FALSE,1562.37899160385,0.000189065933227539
588,4000,196,-0.0182596082689043,0.0331133162638023,0.0334945267430784,-0.0831617081459568,0.0466424916081483,1,8,6.02604040266596e-05,FALSE,711.063292741776,0.00012660026550293
591,4000,197,0.00353758789234293,0.0328123194701328,0.0331874837450189,-0.0607745582691173,0.0678497340538032,1,1,0.000437612328305684,TRUE,680.35725569725,0.000154018402099609
594,4000,198,0.0242742661993118,0.0339830133044801,0.0337066426417591,-0.0423324398774691,0.0908809722760928,1,17,0.000108048096240397,FALSE,879.922001123428,0.000153541564941406
597,4000,199,-0.0457967749962184,0.0339769085102936,0.0329048350928502,-0.112391515676394,0.0207979656839571,1,20,0.0029131630447743,TRUE,615.286339759827,0.000166177749633789
57,4000,19,-0.0107406304093528,0.0345179283567214,0.0339722309405969,-0.0783957699885268,0.0569145091698212,1,20,0.00446907121575491,TRUE,1386.5880510807,0.000203847885131836
3,4000,1,0.00175465695727928,0.0340080119648247,0.0347985506627698,-0.0649010464937771,0.0684103604083357,1,20,0.00263435473714854,TRUE,546.956913232803,0.000130414962768555
600,4000,200,-0.00311969359608066,0.0329494188199517,0.0338150282717041,-0.067700554483186,0.0614611672910247,1,5,1.19907810308481e-05,FALSE,805.836298704147,0.000113487243652344
603,4000,201,-0.0573657642141899,0.033888707477857,0.0329749898291807,-0.12378763087079,0.00905610244240973,1,11,0.000422376615877658,FALSE,596.842856168747,0.000171422958374023
606,4000,202,-0.0329102648684456,0.0330065429781318,0.0339099019733586,-0.0976030891055839,0.0317825593686927,1,1,0.0028264941939724,TRUE,768.717983484268,0.000106573104858398
609,4000,203,0.00945746965444649,0.0348348396681885,0.033736254807137,-0.058818816095203,0.077733755404096,1,12,0.000262520840812182,FALSE,779.183116674423,0.000288009643554688
612,4000,204,0.0136287086482229,0.0326987563539806,0.0332981983840443,-0.0504608538055791,0.0777182711020248,1,1,0.00445822653433009,TRUE,1118.8232665062,0.000194787979125977
615,4000,205,0.0121390778773975,0.0328130151766141,0.033233850173966,-0.0521744318687662,0.0764525876235613,1,5,9.40710901380906e-06,FALSE,675.050674915314,0.000183820724487305
618,4000,206,0.00919160607174274,0.0338249990375982,0.033469158558212,-0.0571053920419497,0.0754886041854352,1,17,0.000363970431166637,FALSE,535.811412096024,0.000292539596557617
621,4000,207,-0.0297223771325347,0.0342255059401703,0.0334326598714372,-0.0968043687752684,0.0373596145101991,1,13,2.81877312440322e-05,FALSE,637.58761548996,0.0001220703125
624,4000,208,0.00462844140237051,0.032592348356917,0.0330848212269306,-0.0592525613771869,0.0685094441819279,1,20,0.000294560732455278,TRUE,762.861827373505,0.000165462493896484
627,4000,209,0.00289478856987868,0.0348192037821816,0.0332482065601304,-0.0653508508431973,0.0711404279829547,1,20,0.00166841526217496,TRUE,825.881335258484,0.000212669372558594
60,4000,20,-0.0272843355044035,0.0333072263637998,0.034580600566616,-0.0925664991774511,0.0379978281686442,1,6,5.31400941907549e-05,FALSE,610.334447383881,0.00017547607421875
630,4000,210,0.0109146300103725,0.0340224799597097,0.0337213180043855,-0.0557694307106585,0.0775986907314035,1,10,0.000194423626430785,FALSE,585.577917575836,0.000105381011962891
633,4000,211,0.00729747851415885,0.0335539758880992,0.0335548496773157,-0.0584683142265156,0.0730632712548333,1,16,0.00017047800418294,FALSE,930.795212984085,0.000158548355102539
636,4000,212,0.00786726877442612,0.035289628305905,0.0331525355457824,-0.0613004027051477,0.077034940254,1,13,0.000109950688628272,FALSE,581.72500038147,0.000561952590942383
639,4000,213,0.044423489392625,0.0345048124044387,0.0333640385598991,-0.0232059429200749,0.112052921705325,1,10,0.000337002921201058,FALSE,458.165195941925,0.000209808349609375
642,4000,214,-0.0272584423515989,0.0337208453341423,0.0330269300797052,-0.0933512992065178,0.03883441450332,1,20,0.00202934795852989,TRUE,939.681481838226,0.000332355499267578
645,4000,215,0.0113852777431402,0.0332063106088729,0.0337688640056158,-0.0536990910502506,0.0764696465365311,1,3,8.79997605123335e-05,FALSE,593.164009332657,0.000164270401000977
648,4000,216,0.0259495640228286,0.033868160640938,0.0331470874813787,-0.0404320308334099,0.092331158879067,1,5,2.61212747549474e-05,FALSE,831.809658765793,0.000117778778076172
651,4000,217,-0.00157436078327433,0.0323679954972385,0.0332288013034288,-0.0650156319578618,0.0618669103913132,1,7,3.81157860335877e-05,FALSE,575.514493703842,0.00025486946105957
654,4000,218,0.00253756924130699,0.0328737642266062,0.0331497167317379,-0.0618950086428411,0.0669701471254551,1,11,0.00021076701059097,FALSE,707.68337392807,0.000329017639160156
657,4000,219,-0.00722941568627611,0.0336932180375899,0.0346145564454705,-0.0732681230399523,0.0588092916674001,1,7,0.000305103832340314,FALSE,845.472785234451,0.000287294387817383
63,4000,21,-0.0206541011626991,0.0336380677748601,0.0335936287254241,-0.0865847140014249,0.0452765116760268,1,9,0.000325440569511776,FALSE,643.503874540329,0.000182628631591797
660,4000,220,-0.0428602607733306,0.0333198606397338,0.0337086608191357,-0.108167187627209,0.0224466660805475,1,10,0.000128572592808694,FALSE,656.918098211288,0.000204324722290039
663,4000,221,-0.124633368741107,0.0342669432794893,0.0338002795012346,-0.191796577568906,-0.0574701599133076,0,20,0.00540577774554157,TRUE,660.144772529602,0.000330924987792969
666,4000,222,0.0217528045974127,0.0338525412725154,0.033756903465888,-0.0445981762967175,0.0881037854915429,1,18,0.000294844594742498,FALSE,642.215299367905,0.000212192535400391
669,4000,223,0.00619634779735723,0.0330238928290049,0.0334645006941712,-0.0585304821474924,0.0709231777422069,1,6,0.000259469200067684,FALSE,1354.40537571907,0.000209331512451172
672,4000,224,-0.00499473161887676,0.0339789818771977,0.0332012416564,-0.0715935360981842,0.0616040728604307,1,18,7.45440012627828e-05,FALSE,918.20424079895,0.000341653823852539
675,4000,225,-0.00616069836572741,0.0336254968939775,0.0336783113474412,-0.0720666722779232,0.0597452755464684,1,20,0.00480069702979382,TRUE,577.057931900024,0.000185012817382812
678,4000,226,-0.020282618845142,0.033639020870756,0.0335543729429301,-0.0862150997518238,0.0456498620615397,1,12,0.000189049665224955,FALSE,690.175838947296,0.000168323516845703
681,4000,227,-0.0037798563588447,0.032903885881947,0.0336846922814842,-0.0682714726874608,0.0607117599697714,1,10,0.000205199398680438,FALSE,1905.67132282257,0.000339269638061523
684,4000,228,0.000967506515354266,0.0327049937352293,0.0337216882421815,-0.0631342812056951,0.0650692942364037,1,6,6.18446508567711e-05,FALSE,741.903021097183,0.000219583511352539
687,4000,229,0.0977446341831687,0.0324632538263447,0.0329018929093382,0.034116656683533,0.161372611682804,0,6,0.000156291505389096,FALSE,677.166567087173,0.000255823135375977
66,4000,22,0.0288014873646909,0.0336720425221383,0.0333658599868067,-0.0371957159787001,0.0947986907080819,1,13,5.19082158220055e-05,FALSE,634.459929704666,0.000109195709228516
690,4000,230,0.00620895373257202,0.0337084457401463,0.0331967870708617,-0.0598595999181148,0.0722775073832588,1,15,0.000136472767804657,FALSE,842.376404047012,0.000212907791137695
693,4000,231,0.00220413084376347,0.0336375628234505,0.0333382268665062,-0.0637254922901995,0.0681337539777264,1,20,0.00286948791720167,TRUE,676.654804229736,0.000141382217407227
696,4000,232,0.065952687629089,0.0331916006673465,0.0331610199239095,0.00089715032108996,0.131008224937088,0,20,0.000540932572858816,TRUE,647.02210521698,0.000166177749633789
699,4000,233,0.0103532354412241,0.0334535416817636,0.0341697544544316,-0.0552157062550326,0.0759221771374808,1,8,0.000302318211918681,FALSE,532.903854608536,0.000248908996582031
702,4000,234,-0.0168540108266584,0.0347054494097773,0.0337466878589533,-0.0848766916698219,0.0511686700165051,1,16,5.77488063205971e-07,FALSE,552.549799442291,0.000219821929931641
705,4000,235,-0.00990613849501742,0.034769385189301,0.0337410482520523,-0.0780541334660474,0.0582418564760125,1,20,0.00531923007737151,TRUE,946.225221157074,0.000258207321166992
708,4000,236,-0.0467104008378363,0.0339228830052594,0.0341036023839905,-0.113199251528145,0.0197784498524722,1,20,0.0067117514607006,TRUE,910.161135196686,0.000258922576904297
711,4000,237,0.0163324544199361,0.035133574665539,0.0334566679021478,-0.0525293519245202,0.0851942607643925,1,20,0.00039582634169982,TRUE,952.971564292908,0.00019383430480957
714,4000,238,-0.00207003378918658,0.0345981528947498,0.0339004434996485,-0.0698824134628961,0.0657423458845229,1,17,6.08482375193655e-05,FALSE,919.452446937561,0.000209569931030273
717,4000,239,0.0492063137348779,0.0333147253508099,0.0337789883689517,-0.0160905479527094,0.114503175422465,1,8,2.39232121112699e-05,FALSE,944.073239803314,0.000261068344116211
69,4000,23,-0.054197395756345,0.0331067371321166,0.0328667320603396,-0.119086600535294,0.0106918090226036,1,14,9.19999364205298e-05,FALSE,672.488019943237,0.000333547592163086
720,4000,240,0.0243799556843407,0.0335330867062455,0.0336590499307002,-0.0413448942599006,0.090104805628582,1,8,0.000182396414611458,FALSE,963.888743877411,0.000180482864379883
723,4000,241,0.00465586210568636,0.0332534648968222,0.0337904589108366,-0.0605209290920852,0.0698326533034579,1,13,0.000102188135354689,FALSE,899.78305721283,0.000274896621704102
726,4000,242,0.0171235345269787,0.0339377983493818,0.0339062302543149,-0.0493945502378097,0.0836416192917671,1,10,6.53116792865607e-06,FALSE,934.624401807785,0.000319480895996094
729,4000,243,-0.0649520792555009,0.0340706709714567,0.0338766820534285,-0.131730594359556,0.00182643584855409,1,10,0.000338702165743003,FALSE,946.775671243668,0.000319480895996094
732,4000,244,0.045921981717833,0.0325538601445507,0.0327018303233187,-0.0178835841654863,0.109727547601152,1,5,0.00018733161759357,FALSE,796.853117704391,0.000113010406494141
735,4000,245,0.0583751970728694,0.0338622194697425,0.0327915709474425,-0.00799475308782589,0.124745147233565,1,19,0.000398898647729078,FALSE,803.699871301651,0.000434160232543945
738,4000,246,-0.0470429787491221,0.0340755967969434,0.0338022082250279,-0.113831148471131,0.0197451909728869,1,9,0.000104182781009808,FALSE,952.476938247681,0.000245571136474609
741,4000,247,0.0210776005292813,0.0330464715377709,0.0334191289238096,-0.0436934836847497,0.0858486847433123,1,16,7.02257919387081e-05,FALSE,1315.71323347092,0.000356435775756836
744,4000,248,0.0317004629597046,0.0330954352907089,0.0325558448814161,-0.0331665902100848,0.096567516129494,1,20,0.000262906888955231,TRUE,616.549732208252,0.000162601470947266
747,4000,249,0.0332984590584542,0.0345670552689038,0.03497737219539,-0.0344529692685972,0.101049887385506,1,9,3.38038482305689e-05,FALSE,703.11874628067,0.000160455703735352
72,4000,24,-0.0478916463006935,0.0345532047601359,0.0338230771612953,-0.11561592763056,0.0198326350291729,1,18,0.000165894818551587,FALSE,480.553689718246,0.000223398208618164
750,4000,250,-0.0217075685632975,0.0331522085123331,0.0331640644985122,-0.0866858972474704,0.0432707601208754,1,1,0.000817788912957399,TRUE,449.436218500137,0.00012969970703125
753,4000,251,0.0253967753549305,0.0338536325394416,0.0339117268972432,-0.0409563444223752,0.0917498951322361,1,8,0.000118022834210597,FALSE,835.647661924362,0.000298261642456055
756,4000,252,-0.0465002389105813,0.0334129487915587,0.0329911830912172,-0.111989618542036,0.0189891407208738,1,20,0.01290207259221,TRUE,748.073466062546,0.000145435333251953
759,4000,253,0.021052392255665,0.0332633874672519,0.0338604371474322,-0.0441438471801487,0.0862486316914787,1,1,0.00694801697166879,TRUE,559.089617490768,0.000110864639282227
762,4000,254,-0.0192052168384605,0.0330828633995146,0.0336512739718479,-0.0840476291015092,0.0456371954245881,1,5,9.2016998467598e-05,FALSE,704.81530880928,0.000215053558349609
765,4000,255,0.0193565261616498,0.033285671052807,0.0342268092917487,-0.0458833891018519,0.0845964414251516,1,1,0.001666324583899,TRUE,602.780349254608,0.000180959701538086
768,4000,256,-0.013413516557899,0.0335421464413068,0.0335450448488465,-0.0791561235828603,0.0523290904670623,1,4,0.000320892506909047,FALSE,876.908703804016,0.000165939331054688
771,4000,257,0.00803490724112199,0.0328932942545289,0.0324610058034556,-0.0564359494977547,0.0725057639799986,1,7,0.0004376413901647,FALSE,513.806995153427,0.00060582160949707
774,4000,258,0.10258565456175,0.033388235361176,0.0337077804597505,0.0371447132538445,0.168026595869655,0,12,0.000191719725198378,FALSE,733.867054700851,0.000165462493896484
777,4000,259,-0.0142543383134213,0.0343286764637136,0.0334769459813584,-0.0815385441822998,0.0530298675554573,1,17,1.12429398959503e-05,FALSE,954.059470653534,0.000221729278564453
75,4000,25,0.0315877630334758,0.0334478494581366,0.0329697272257002,-0.033970021904472,0.0971455479714236,1,6,0.000164051524011857,FALSE,521.136281967163,0.000242233276367188
780,4000,260,-0.0316642641684529,0.0334447101090443,0.0340323978015286,-0.0972158959821798,0.0338873676452739,1,16,9.95688676494118e-05,FALSE,761.701924800873,0.00014495849609375
783,4000,261,0.0620902585092201,0.0335963792313783,0.0339966200140352,-0.00375864478428137,0.127939161802722,1,8,0.000376199829110626,FALSE,811.690892219543,0.000315666198730469
786,4000,262,0.0473877988837372,0.0339746267711962,0.0335019677948862,-0.0192024695878074,0.113978067355282,1,20,0.00761923237532118,TRUE,787.025866746902,0.000154972076416016
789,4000,263,-0.0219713292818045,0.0333602396061874,0.0325287419005931,-0.0873573989099318,0.0434147403463229,1,14,0.00014356987629454,FALSE,667.420298814774,0.000451326370239258
792,4000,264,-0.0592106624961525,0.0320898428084379,0.0329664631735083,-0.122106754400691,0.00368542940838576,1,1,0.00190059743949038,TRUE,569.123096227646,0.000170230865478516
795,4000,265,0.0319930493010239,0.0333481082215143,0.0331234520827074,-0.0333692428131441,0.0973553414151918,1,7,0.00018843033527038,FALSE,814.449538469315,0.000335216522216797
798,4000,266,-0.119091348350796,0.0339827296115039,0.0345122772522712,-0.185697498389344,-0.0524851983122484,0,7,0.00025261702304179,FALSE,485.358779191971,0.000253677368164062
801,4000,267,0.0303772312014359,0.0326666819832937,0.0326999618086609,-0.0336494654858199,0.0944039278886916,1,10,0.000304007402374919,FALSE,736.01934838295,0.000266075134277344
804,4000,268,-0.0318124515252235,0.033564733864361,0.0338954810146194,-0.0975993298993711,0.0339744268489241,1,4,7.30244586450391e-05,FALSE,750.853021383286,0.000140666961669922
807,4000,269,0.0164401159484263,0.0329420643369931,0.032669030702761,-0.0481263301520801,0.0810065620489328,1,10,0.000236613042314663,FALSE,685.728024482727,0.000175952911376953
78,4000,26,-0.0482687117378073,0.0330552906437396,0.0339733564366582,-0.113057081399537,0.0165196579239223,1,12,0.000146965314032544,FALSE,537.827454090118,0.000219345092773438
810,4000,270,0.00479364346639133,0.0337541457234798,0.0333068397146388,-0.061364482151629,0.0709517690844117,1,16,7.88457020751836e-06,FALSE,584.506795883179,0.000153303146362305
813,4000,271,0.0168520911229747,0.0343944342523832,0.0333254084695951,-0.0505610000116965,0.0842651822576459,1,20,0.00311908565402589,TRUE,835.08930850029,0.000182390213012695
816,4000,272,-0.091144865540868,0.0339892136097076,0.0329443892602085,-0.157763724215895,-0.024526006865841,0,14,0.000298684337983436,FALSE,515.474796295166,0.000517606735229492
819,4000,273,0.00118001442165272,0.0326640956035276,0.0334918594692744,-0.0628416129612614,0.0652016418045668,1,1,0.00789500723686388,TRUE,927.646854400635,0.000214815139770508
822,4000,274,0.0207567776072091,0.0334040794888792,0.0335397054598737,-0.0447152181909941,0.0862287734054123,1,16,0.000188356521942492,FALSE,661.92759847641,0.000115394592285156
825,4000,275,-0.0230704598986528,0.0331180245015353,0.033349623721211,-0.0879817879216619,0.0418408681243564,1,10,9.46004808894583e-05,FALSE,688.662739515305,0.000447511672973633
828,4000,276,-0.00110077773477602,0.0326050773041022,0.0340116197240101,-0.0650067292508163,0.0628051737812643,1,6,8.95093375611858e-05,FALSE,541.345016717911,0.000209808349609375
831,4000,277,0.0446929148174854,0.0330045864337179,0.0344027806901446,-0.0199960745926018,0.109381904227573,1,1,0.000413392764599024,TRUE,689.388338088989,0.00034642219543457
834,4000,278,0.00937126117772302,0.0335229631996677,0.0333184345650281,-0.0563337466936257,0.0750762690490717,1,20,0.000511172895406195,TRUE,856.161205530167,0.000230312347412109
837,4000,279,0.00544729303279823,0.0329472504642154,0.0335609729882341,-0.0591293178770639,0.0700239039426603,1,12,0.000205390763062915,FALSE,676.686143159866,0.000138759613037109
81,4000,27,0.015344523982008,0.0336563134910892,0.0339671451936183,-0.0506218504605267,0.0813108984245428,1,16,2.59325369236429e-05,FALSE,783.205126285553,0.000323772430419922
840,4000,280,0.00383354175487538,0.0334015980589705,0.0330930487249996,-0.0616335904407067,0.0693006739504575,1,12,8.29617200879347e-05,FALSE,1231.88958144188,0.00012969970703125
843,4000,281,0.0543228437632899,0.033128759123961,0.032710182142679,-0.0106095241196737,0.119255211646254,1,11,0.000200735441163378,FALSE,552.923049688339,0.000146627426147461
846,4000,282,0.0348449750910436,0.0330246582915854,0.0334677498142174,-0.0298833551604639,0.099573305342551,1,1,0.00698916595168858,TRUE,691.739453077316,0.000535249710083008
849,4000,283,-0.0069173299060199,0.03484162847068,0.034050035119067,-0.0752069217085527,0.0613722618965129,1,20,0.000988954770519276,TRUE,537.522335290909,0.000176906585693359
852,4000,284,0.00997965647312515,0.0340245519174881,0.0342724741109308,-0.0567084652851515,0.0766677782314018,1,12,5.54776026013255e-05,FALSE,676.927048206329,0.000333786010742188
855,4000,285,0.0185385205300193,0.0330492286625939,0.033393097647032,-0.0462379676486647,0.0833150087087032,1,1,0.00156913027568446,TRUE,781.994356155396,0.000439167022705078
858,4000,286,0.0713225542525044,0.0327490815170832,0.0332256023482953,0.00713435447902136,0.135510754025988,0,7,0.000136325251785305,FALSE,2029.97455406189,0.000186681747436523
861,4000,287,0.0625872711100717,0.0336619146447543,0.0340643976794483,-0.00339008159364682,0.12856462381379,1,7,3.03539952095218e-05,FALSE,797.434055566788,0.000451326370239258
864,4000,288,0.0111834345774136,0.0351459377566802,0.033793493832407,-0.0577026034256797,0.0800694725805068,1,20,0.00163598586936038,TRUE,1171.15496277809,0.000143527984619141
867,4000,289,0.0407553516253891,0.0332630250971244,0.0333329517330245,-0.0244401775649747,0.105950880815753,1,5,1.38896768295479e-05,FALSE,799.899540662766,0.000210285186767578
84,4000,28,-0.0331044638006509,0.0342841365826461,0.033976653355798,-0.100301371502637,0.0340924439013355,1,20,0.00292038781713637,TRUE,569.823625564575,0.000153779983520508
870,4000,290,-0.0214193525678943,0.0348075369028836,0.0345413440772167,-0.0896421248975461,0.0468034197617575,1,19,0.000111248592013917,FALSE,690.631023645401,0.000104427337646484
873,4000,291,-0.00824682867107784,0.032917229012538,0.0335775618296619,-0.0727645975356522,0.0562709401934966,1,1,0.000578665897429723,TRUE,985.62070775032,0.000296831130981445
876,4000,292,0.0135823083334827,0.034354061098515,0.0336327922774051,-0.0537516514196067,0.0809162680865722,1,13,4.94321727731791e-05,FALSE,808.660080909729,0.000195026397705078
879,4000,293,-0.0172151485753769,0.0326243419210978,0.0331882073463202,-0.0811588587407286,0.0467285615899748,1,2,0.000277987863920439,FALSE,943.596386194229,0.000228404998779297
882,4000,294,0.0164326355458944,0.0342538847159052,0.0341136803142184,-0.0507049784972799,0.0835702495890686,1,20,0.000150172825668568,TRUE,783.496866703033,0.000259637832641602
885,4000,295,0.00142082625806883,0.0338293148266369,0.0346165978785906,-0.0648846308021394,0.0677262833182771,1,13,1.92446480921545e-05,FALSE,927.671243906021,0.000258207321166992
888,4000,296,-0.0516037156518628,0.0346123341831707,0.0338396720908114,-0.119443890650877,0.0162364593471518,1,20,0.000112396156853428,TRUE,573.590532302856,0.000160932540893555
891,4000,297,0.0428370239407263,0.0329538164060302,0.033666735461581,-0.0217524562150928,0.107426504096545,1,8,0.000126218661638133,FALSE,914.567707538605,0.000410318374633789
894,4000,298,-0.0989530992093645,0.0334488304836107,0.0346781523661152,-0.164512806957241,-0.0333933914614875,0,1,0.00693558905228266,TRUE,632.99191737175,0.000150203704833984
897,4000,299,-0.0108552501076946,0.0328681227496685,0.033257141061575,-0.0752767706970449,0.0535662704816556,1,6,0.000234882222681258,FALSE,1032.52012658119,0.000224590301513672
87,4000,29,0.0808448240890861,0.0333379244990954,0.0336860441493629,0.0155024920708591,0.146187156107313,0,19,8.93272070860689e-05,FALSE,564.668816566467,0.000109434127807617
6,4000,2,-0.00881922685379699,0.0347932564449506,0.0337602196233205,-0.0770140094859001,0.0593755557783061,1,20,0.00138096060793653,TRUE,601.881646871567,0.000221967697143555
900,4000,300,-0.0267531666456949,0.0339803013990022,0.0339799473269827,-0.0933545573877392,0.0398482240963494,1,20,0.000351369055927125,TRUE,1927.2444088459,0.000185012817382812
903,4000,301,0.0267259918065129,0.0330254739657338,0.0337122855627875,-0.0380039371663253,0.0914559207793512,1,16,1.52921081743591e-05,FALSE,978.489592075348,0.000326871871948242
906,4000,302,0.000749089879804488,0.0331529547048292,0.0328683832810654,-0.0642307013416608,0.0657288811012698,1,15,0.000344640039258954,FALSE,907.135429143906,0.000448703765869141
909,4000,303,0.0252190808536754,0.0333207787953381,0.0331015397923457,-0.0400896455851873,0.0905278072925381,1,3,0.000260162538323119,FALSE,930.72191619873,0.00031733512878418
912,4000,304,-0.0184235951572913,0.034166983756474,0.0340083758215497,-0.0853908833199804,0.0485436930053978,1,12,0.000218994456383041,FALSE,515.737045049667,0.000131368637084961
915,4000,305,0.0133764357814536,0.0336900878570618,0.0339406608484767,-0.0526561364183874,0.0794090079812947,1,13,0.000173334504769242,FALSE,857.710701227188,0.000287055969238281
918,4000,306,0.0288698243370786,0.0333504791037714,0.0324353251988542,-0.0364971147063134,0.0942367633804706,1,9,0.000241896436286979,FALSE,839.549032449722,0.000120639801025391
921,4000,307,-0.00682788649568666,0.0341017127235194,0.0336343816566464,-0.0736672434337847,0.0600114704424113,1,19,0.000367164577720031,FALSE,862.937460422516,0.00020599365234375
924,4000,308,-0.0320603740062846,0.0330039875167856,0.0334952528511239,-0.0967481895391843,0.0326274415266151,1,16,4.07469146624641e-05,FALSE,632.31619143486,0.000114917755126953
927,4000,309,-0.00176097277021703,0.0335327634528663,0.033967282236915,-0.067485189137835,0.063963243597401,1,12,0.00015028401456106,FALSE,1578.47033786774,0.000350713729858398
90,4000,30,-0.0250062047257258,0.0338094059633768,0.0343246070166542,-0.0912726404139442,0.0412602309624926,1,11,0.000310632960989852,FALSE,964.30390048027,0.000248432159423828
930,4000,310,-0.016895813451973,0.0351252962939312,0.0348703076186351,-0.0857413941880782,0.0519497672841322,1,20,8.49417274524712e-05,TRUE,803.606578111649,0.000114917755126953
933,4000,311,-0.00868477415224178,0.0319504507232786,0.0324560568567052,-0.0713076575698678,0.0539381092653842,1,1,0.00393271327084454,TRUE,690.78386926651,0.000159263610839844
936,4000,312,0.0177338053864307,0.0338346116926345,0.0335902543090008,-0.048582033531133,0.0840496443039943,1,20,0.00299332724533699,TRUE,1243.98751282692,0.000505685806274414
939,4000,313,0.0220135447333828,0.0330992897716859,0.0334551254558698,-0.0428610632191215,0.0868881526858871,1,12,0.000244194407241742,FALSE,906.612942457199,0.000222206115722656
942,4000,314,0.0431476616787303,0.0324967507543288,0.0335186316435115,-0.0205459697997542,0.106841293157215,1,2,7.12335237585303e-05,FALSE,549.86839556694,0.000178813934326172
945,4000,315,-0.00711107674633604,0.0333710711164509,0.033604813586833,-0.0725183761345798,0.0582962226419077,1,6,9.16235764751315e-06,FALSE,726.037266016006,0.000245809555053711
948,4000,316,0.0453814763080324,0.0341355131657382,0.0339265980148223,-0.0215241294968145,0.112287082112879,1,20,0.00141702640559389,TRUE,1009.47034692764,0.000222444534301758
951,4000,317,0.00916851433870036,0.0344162512380173,0.0341642610345209,-0.0582873380878135,0.0766243667652142,1,17,0.000134844940324498,FALSE,1214.95189762115,0.000194311141967773
954,4000,318,0.013031341776835,0.0333748944019302,0.0338807753551387,-0.0523834512509483,0.0784461348046182,1,7,0.000243568661151204,FALSE,1396.39921593666,0.000236988067626953
957,4000,319,0.0281333279709489,0.0351018566081783,0.0335120177310742,-0.0406663109810805,0.0969329669229783,1,20,0.00437237054630532,TRUE,579.845891475677,0.000216007232666016
93,4000,31,0.0301555607418769,0.0331058658393855,0.0332550338436473,-0.0347319363033186,0.0950430577870724,1,13,0.000126076349498728,FALSE,552.821517467499,0.000219345092773438
960,4000,320,0.0294192852753746,0.033788127629053,0.0341318069220633,-0.0368054448775693,0.0956440154283185,1,20,0.00189875537285674,TRUE,611.097291231155,0.000328779220581055
963,4000,321,-0.0453384705296656,0.0327175421190426,0.0329806942112629,-0.109464853082989,0.018787912023658,1,5,0.000101765443056361,FALSE,752.175568819046,0.000438928604125977
966,4000,322,0.0057124830651234,0.0334446300305439,0.0341679032577425,-0.0598389917947427,0.0712639579249895,1,7,0.000342677067418458,FALSE,849.061753511429,0.000305891036987305
969,4000,323,0.103009906246425,0.0352402148792651,0.0345175832870142,0.033939085083065,0.172080727409784,0,20,0.00801978802703812,TRUE,846.271718740463,0.000200510025024414
972,4000,324,-0.0287495154783701,0.033553401173807,0.0339845093778469,-0.0945141817790319,0.0370151508222917,1,11,2.71879398332977e-05,FALSE,636.419842243195,0.000122785568237305
975,4000,325,0.0488711665184335,0.035543892683671,0.0345349616550005,-0.0207948631415617,0.118537196178429,1,19,0.000279999789119241,FALSE,749.702027082443,0.000132560729980469
978,4000,326,-0.0334364884355441,0.0335048551479605,0.0333682295339741,-0.0991060045255467,0.0322330276544584,1,6,0.00010920470664694,FALSE,836.869950294495,0.000142335891723633
981,4000,327,0.0266341012675465,0.032358633744792,0.0328175195921189,-0.0367888208722459,0.0900570234073389,1,1,0.000106937934106164,TRUE,562.854656219482,0.000220060348510742
984,4000,328,-0.0457311518223373,0.0333488004340121,0.034210086418193,-0.111094800673001,0.0196324970283263,1,1,0.00187947197174173,TRUE,532.066368103027,0.000191211700439453
987,4000,329,0.0262452071422419,0.0329962403666648,0.0330802622773813,-0.0384274239764212,0.0909178382609049,1,13,8.4562974078295e-05,FALSE,944.661936759949,0.000250577926635742
96,4000,32,-0.0350922445604168,0.034083015076372,0.0335227322918925,-0.101894954110106,0.0317104649892724,1,15,0.000346062157574988,FALSE,1186.89716744423,0.000226736068725586
990,4000,330,0.0161381333239938,0.0335199626098567,0.0332719266441908,-0.0495609933913253,0.081837260039313,1,12,0.000234178748050615,FALSE,525.261415243149,0.000145435333251953
993,4000,331,-0.0764833008250718,0.0340106166625717,0.0336545491139933,-0.143144109483712,-0.00982249216643119,0,16,0.000253469931992268,FALSE,593.231055736542,0.00696134567260742
996,4000,332,-0.0947143656543528,0.0328318251299783,0.0341522964034181,-0.15906474290911,-0.0303639883995952,0,10,0.000400075941161769,FALSE,619.534652709961,0.00016021728515625
999,4000,333,0.0101804404891248,0.0352712463180426,0.0339027590534495,-0.0589512022942387,0.0793120832724883,1,20,0.00236857486096744,TRUE,1143.16430592537,0.000121116638183594
1002,4000,334,0.0622965168605801,0.0341886801589452,0.0337300702728431,-0.00471329625095247,0.129306329972113,1,10,0.000371540820281703,FALSE,838.016433477402,0.000632047653198242
1005,4000,335,0.0569385771709751,0.0326705218654753,0.0332766225057416,-0.00709564568535649,0.120972800027307,1,6,0.000143298678582576,FALSE,778.762066841125,0.000165224075317383
1008,4000,336,0.069495469954526,0.0331241195291834,0.0338646856036078,0.00457219567732652,0.134418744231726,0,8,8.89784277847426e-05,FALSE,869.312249660492,0.000275373458862305
1011,4000,337,-0.0902661687226854,0.0348658577633063,0.0333478977088663,-0.158603249938766,-0.021929087506605,0,13,4.83546867226307e-05,FALSE,449.228432178497,0.000239849090576172
1014,4000,338,-0.0236449117404793,0.0336389228285787,0.0335176857776415,-0.0895772004844937,0.042287377003535,1,7,0.00021515463225525,FALSE,979.586357355118,0.000229597091674805
1017,4000,339,-0.0601562128987281,0.0350210937831767,0.0339390470178396,-0.128797556713754,0.00848513091629816,1,14,0.000228672445707211,FALSE,730.281597137451,0.000200033187866211
99,4000,33,-0.00755352945471977,0.0348367096017671,0.0345071070995076,-0.0758334802741833,0.0607264213647438,1,15,8.66732472249921e-05,FALSE,618.620763540268,0.000126123428344727
1020,4000,340,0.0297611853276107,0.0340845291705807,0.0336829023499026,-0.0370444918467275,0.096566862501949,1,20,0.00318305102941333,TRUE,815.424679279327,0.000268936157226562
1023,4000,341,-0.0495158171796449,0.0334030412734005,0.0330822828041393,-0.11498577807551,0.0159541437162201,1,5,0.00026151844996949,FALSE,722.072586536407,0.000170469284057617
1026,4000,342,-0.0438901306808536,0.0333124278718285,0.0332215814689235,-0.109182489309637,0.0214022279479302,1,15,0.000326911218119237,FALSE,930.815453529358,0.0575146675109863
1029,4000,343,-0.0183185041309546,0.0335291067066903,0.0331289162250337,-0.0840355532760677,0.0473985450141585,1,12,2.46194132046853e-05,FALSE,653.12805223465,0.000179290771484375
1032,4000,344,0.0213622895176407,0.0347498599680673,0.0336414094226624,-0.0467474360197711,0.0894720150550526,1,20,0.00296805364128364,TRUE,849.990321874619,0.000210046768188477
1035,4000,345,0.0228608773772697,0.0339701229559825,0.0335779743267525,-0.0437205636164561,0.0894423183709955,1,20,2.15256423066002e-05,TRUE,471.266715526581,0.000131368637084961
1038,4000,346,-0.0521109537626746,0.0343717480076089,0.0335239539058704,-0.119479579857588,0.0152576723322388,1,17,0.000191430934308019,FALSE,619.014186143875,0.000167608261108398
1041,4000,347,-0.0150037968052226,0.0329553059241347,0.0339870264489997,-0.0795961964165265,0.0495886028060814,1,11,0.000202338984023586,FALSE,655.307359695435,0.000284433364868164
1044,4000,348,0.00591301734441907,0.033784829426547,0.0332102017211859,-0.0603052483316131,0.0721312830204513,1,20,0.00574267219517848,TRUE,792.645358800888,0.000190496444702148
1047,4000,349,0.0432506389097181,0.0333388096150659,0.0332563321640235,-0.022093427935811,0.108594705755247,1,8,6.70964902651119e-05,FALSE,707.426453590393,0.00012516975402832
102,4000,34,-0.0338407758316246,0.0317577928558125,0.0331698057524032,-0.096086049829017,0.0284044981657678,1,6,0.000181881075920858,FALSE,1913.2073559761,0.000146150588989258
1050,4000,350,0.0454826373109953,0.0338668746454999,0.033445748497498,-0.0208964369941845,0.111861711616175,1,15,0.000262342324145177,FALSE,866.457777261734,0.000178813934326172
1053,4000,351,0.00444380946113276,0.0334198720803854,0.0335311038486638,-0.0610591398164225,0.0699467587386881,1,2,9.79456912144686e-05,FALSE,967.750560283661,0.000708580017089844
1056,4000,352,-0.0308912821750569,0.033739579888446,0.0335758750377836,-0.097020858756411,0.0352382944062972,1,11,0.000317351803011166,FALSE,514.651437997818,0.000223875045776367
1059,4000,353,0.005049002241439,0.0343597232525288,0.0340518035166685,-0.0622960553335175,0.0723940598163955,1,11,0.000141326759564474,FALSE,763.335815429688,0.000150442123413086
1062,4000,354,0.0386135691817791,0.0334761906959617,0.033561368097652,-0.0269997645823059,0.104226902945864,1,17,0.000373281913952852,FALSE,980.03963470459,0.000313282012939453
1065,4000,355,-0.0393268927164556,0.0335735747328239,0.0335214317506101,-0.10513109919279,0.0264773137598792,1,6,0.000491375849180637,FALSE,1339.37856173515,0.000202417373657227
1068,4000,356,0.0179423177364788,0.0331962956264254,0.0328807537524908,-0.047122421691315,0.0830070571642726,1,7,0.000257299745113163,FALSE,871.670119047165,0.000459194183349609
1071,4000,357,0.0331182754818294,0.0340495844128188,0.0346333134834415,-0.0336189099672954,0.0998554609309543,1,7,0.000242034974420188,FALSE,1318.07971405983,0.000379323959350586
1074,4000,358,-0.0367592707690225,0.034296616203552,0.0340577171702144,-0.103980638527984,0.0304620969899394,1,18,0.000280303116715728,FALSE,516.529193162918,0.000123977661132812
1077,4000,359,0.050721507009124,0.0355299707024087,0.0342424058307388,-0.018917235567597,0.120360249585845,1,20,0.00146725280559969,TRUE,522.300406694412,0.000118494033813477
105,4000,35,0.0275899656242117,0.0326819207217698,0.0334950592633007,-0.0364665989904572,0.0916465302388805,1,11,0.000110478996794155,FALSE,1236.19287586212,0.000363588333129883
1080,4000,360,-0.00343878942491949,0.0340658427516519,0.0335081911406687,-0.0702078412181572,0.0633302623683182,1,16,0.000227345095593404,FALSE,1043.11697173119,0.000313520431518555
1083,4000,361,0.0273699354776147,0.0332660263858131,0.0328887853616019,-0.0378314762385791,0.0925713471938084,1,8,0.000241110695027235,FALSE,1216.7676589489,0.000245332717895508
1086,4000,362,-0.0266221716486243,0.0327060106075125,0.0333665150654313,-0.0907259524393488,0.0374816091421001,1,1,0.000625113808040989,TRUE,866.740973711014,0.000229120254516602
1089,4000,363,0.00192353239641307,0.0323822989449495,0.0335469262469442,-0.0615457735356879,0.065392838328514,1,1,0.000131219679782634,TRUE,616.836515903473,0.000326871871948242
1092,4000,364,0.0526941073770612,0.0335589986644572,0.0336729395361012,-0.0130815300052749,0.118469744759397,1,13,0.000128525585802623,FALSE,596.51375746727,0.000212192535400391
1095,4000,365,-0.0276798076595253,0.0338383636952258,0.0335097895969067,-0.0940030005021678,0.0386433851831172,1,20,0.00863323975755678,TRUE,1466.49489116669,0.000284194946289062
1098,4000,366,0.0327024766927937,0.0334229043836842,0.0337182590448243,-0.0328064158992274,0.0982113692848148,1,20,0.00332488780729578,TRUE,956.171765327454,0.000191450119018555
1101,4000,367,0.0615779852152457,0.0345519210944392,0.0339183134934807,-0.0061437801298551,0.129299750560347,1,20,0.00120636144590753,TRUE,944.286603927612,0.000200510025024414
1104,4000,368,-0.0734440211282614,0.0339063668210907,0.0341390349111556,-0.139900500097599,-0.00698754215892375,0,16,0.00020008340642017,FALSE,1000.88581776619,0.000279903411865234
1107,4000,369,0.0414687243976377,0.033557597424637,0.0336196376712572,-0.0243041665546507,0.107241615349926,1,4,0.000176366174648748,FALSE,1380.13779067993,0.000184535980224609
108,4000,36,0.00620962527530511,0.0324666377398794,0.0328581271624493,-0.0574249846948585,0.0698442352454687,1,11,1.6180794430536e-05,FALSE,1344.36354923248,0.000233888626098633
1110,4000,370,0.0147974790014078,0.0338070959569743,0.0338236621758231,-0.0514644290742619,0.0810593870770775,1,7,0.000287921648872293,FALSE,713.8794028759,0.000205039978027344
1113,4000,371,0.028412903503484,0.0332918346598705,0.0334695271106772,-0.0368390924298621,0.0936648994368302,1,9,0.000161646745538153,FALSE,551.310476779938,0.000163555145263672
1116,4000,372,-0.00352578673197823,0.0329563497797663,0.0334241793711594,-0.0681202323003201,0.0610686588363637,1,4,0.000128824026593676,FALSE,539.931938409805,0.000219106674194336
1119,4000,373,-0.0642846051329392,0.0350380959347177,0.0337796051595256,-0.132959273164986,0.00439006289910751,1,20,0.00366684889458993,TRUE,742.536807060242,0.000188350677490234
1122,4000,374,0.0367786182673719,0.0338175778728157,0.0337134034615684,-0.0295038343633468,0.103061070898091,1,13,0.000108059823002503,FALSE,878.286581039429,0.000228643417358398
1125,4000,375,0.046778105991056,0.0345249012076371,0.0342130982285093,-0.0208907003759126,0.114446912358025,1,20,0.00202617566242264,TRUE,512.119730710983,9.79900360107422e-05
1128,4000,376,0.0025147700539776,0.0331995749112832,0.0331910410618405,-0.0625563967721374,0.0675859368800926,1,10,0.000107298299428943,FALSE,688.084570646286,0.000158548355102539
1131,4000,377,0.00430471860074655,0.0335423398672024,0.0347962337425381,-0.0614382675389701,0.0700477047404632,1,1,0.00227395475836584,TRUE,620.032324552536,0.000121831893920898
1134,4000,378,0.021535679843614,0.0321080581353589,0.0328763107934266,-0.0413961141016893,0.0844674737889174,1,4,7.83286247906306e-05,FALSE,552.114650726318,0.000204086303710938
1137,4000,379,-0.00684572190349497,0.0335065800731356,0.0344890364897791,-0.0725186188468408,0.0588271750398508,1,7,0.000326258587226809,FALSE,951.841630458832,0.000219821929931641
111,4000,37,-0.092879155234379,0.0341805376178017,0.0340136769956712,-0.15987300896527,-0.0258853015034876,0,15,0.000375204696918303,FALSE,1314.42688417435,0.000360012054443359
1140,4000,380,0.0358715851148176,0.0334861757206251,0.034372028343804,-0.0297613192976076,0.101504489527243,1,11,0.000122114126540369,FALSE,1027.84704470634,0.000234365463256836
1143,4000,381,0.0195948638310752,0.0326386297102803,0.0335133697073494,-0.0443768504010741,0.0835665780632246,1,10,3.13478916390802e-05,FALSE,1040.22532606125,0.000221490859985352
1146,4000,382,0.0043302701882858,0.0344263817259795,0.0339728518729799,-0.0631454379946341,0.0718059783712057,1,14,2.98597372179085e-05,FALSE,561.862170219421,0.000266313552856445
1149,4000,383,0.0174266474755702,0.0341515553698419,0.0347867460846105,-0.04951040104932,0.0843636960004604,1,5,8.14078535012845e-05,FALSE,516.283767223358,0.000217914581298828
1152,4000,384,0.0150455176226486,0.0337405997098958,0.0333174310367391,-0.0510860578087471,0.0811770930540444,1,6,0.000146502593214674,FALSE,528.570622205734,0.000254392623901367
1155,4000,385,-0.00652776072758976,0.0337059401024847,0.0335579862833169,-0.0725914033284598,0.0595358818732803,1,1,0.000483621328769697,TRUE,1246.44255900383,0.000328779220581055
1158,4000,386,-0.0428871079524186,0.0335071669724197,0.0346973419827771,-0.108561155218361,0.022786939313524,1,1,0.00336422357729353,TRUE,894.412830352783,0.000308036804199219
1161,4000,387,0.0269710371327082,0.0331680976666686,0.0339301215298234,-0.0380384342939622,0.0919805085593786,1,20,0.00241328378196834,TRUE,754.037766218185,0.000192165374755859
1164,4000,388,0.000240662699606209,0.0344224385722922,0.0334629520163484,-0.0672273169020865,0.0677086423012989,1,10,0.000219999247996107,FALSE,850.628967761993,0.000310897827148438
1167,4000,389,0.0276259770078876,0.0326778204018297,0.0330865964085196,-0.0364225509796987,0.0916745049954739,1,12,0.000149883610938747,FALSE,1471.00529313087,0.000187158584594727
114,4000,38,0.0202016378276365,0.0328918144386936,0.032881459759062,-0.044266318472203,0.0846695941274761,1,9,0.000420757364957716,FALSE,661.441680431366,0.00015711784362793
1170,4000,390,-0.00658767920228853,0.0333312381648867,0.0341428420510752,-0.0719169060054665,0.0587415476008895,1,1,0.000331453331902961,TRUE,501.317158699036,0.000118732452392578
1173,4000,391,0.00185845275116647,0.0332223270513442,0.0333769254593767,-0.0632573082694681,0.0669742137718011,1,6,0.000235195927249004,FALSE,939.532663822174,0.000195741653442383
1176,4000,392,0.0315895578467233,0.0332707157688131,0.0331221123574593,-0.0336210450601502,0.0968001607535969,1,3,1.15106101798211e-05,FALSE,1053.19817948341,0.000329017639160156
1179,4000,393,0.0368105164838748,0.0334110957161142,0.0340930041477198,-0.028675231119709,0.102296264087459,1,1,0.00509840536733511,TRUE,1045.48633289337,0.000194072723388672
1182,4000,394,0.0764066271967154,0.0338787087570489,0.0338682039192957,0.0100043580328997,0.142808896360531,0,20,0.000255952149856624,TRUE,1011.82064461708,0.000326156616210938
1185,4000,395,0.00215602364125012,0.0332837103342245,0.0338754964948265,-0.0630800486138299,0.0673920958963301,1,5,0.000273816652532102,FALSE,1046.27199649811,0.000363588333129883
1188,4000,396,-0.0157985894271326,0.0326551568754992,0.0336416147552976,-0.079802696903111,0.0482055180488457,1,5,0.000239135922369668,FALSE,949.682381153107,0.000254392623901367
1191,4000,397,0.0205300092187943,0.0340905883576622,0.0333937716974419,-0.0462875439622236,0.0873475623998122,1,20,5.82613173010816e-05,TRUE,901.687931537628,0.000212907791137695
1194,4000,398,0.0516511759768074,0.0331030624952717,0.0332543845083509,-0.0132308265139253,0.11653317846754,1,1,0.00137067880849883,TRUE,902.32763671875,0.000176906585693359
1197,4000,399,-0.0121552388707138,0.0342383687794351,0.0336559755803878,-0.0792624416784066,0.054951963936979,1,16,2.20420042852719e-05,FALSE,924.549379587173,0.000346183776855469
117,4000,39,-0.0394099239253676,0.032831197343422,0.0327713496215909,-0.103759070718475,0.0249392228677395,1,14,0.000291820760320587,FALSE,749.30939245224,0.000294923782348633
9,4000,3,0.0536681327150119,0.0340644621402871,0.0340564970046612,-0.0130982130799508,0.120434478509975,1,6,3.22482653407823e-05,FALSE,879.642121553421,0.000245094299316406
1200,4000,400,-0.053014158812743,0.0322051634583447,0.0322712983547314,-0.116136279191099,0.0101079615656126,1,10,9.8972135779792e-05,FALSE,820.221359014511,0.00014042854309082
1203,4000,401,-0.000581298246586037,0.0334003830136624,0.0331276911315167,-0.0660460489533643,0.0648834524601922,1,5,0.000168414160851742,FALSE,733.049988746643,0.000316858291625977
1206,4000,402,0.00906243185087618,0.0331593850426478,0.0336560599603187,-0.0559299628327136,0.0740548265344659,1,5,0.000412843222334844,FALSE,864.703397512436,0.000250816345214844
1209,4000,403,0.00593475569720681,0.0332768488790744,0.0335429356242036,-0.0592878681057789,0.0711573795001925,1,13,0.00017978009687655,FALSE,773.637229442596,0.000320672988891602
1212,4000,404,-0.0214708197198145,0.034607044128628,0.0333116283556536,-0.0893006262119253,0.0463589867722964,1,18,0.0115267385581926,FALSE,773.371069192886,0.000217676162719727
1215,4000,405,-0.0840679932859292,0.0345839925595366,0.0341061324427121,-0.151852618702621,-0.0162833678692374,0,11,3.24571497950352e-05,FALSE,582.315928220749,0.000255823135375977
1218,4000,406,0.034973542650242,0.0335709406136896,0.0339542915079861,-0.0308255009525897,0.100772586253074,1,11,1.33036435696785e-06,FALSE,881.149115085602,0.000156402587890625
1221,4000,407,-0.077811872865461,0.0329150700450845,0.0334250341345295,-0.142325410153827,-0.0132983355770954,0,1,0.000677327591315621,TRUE,920.731873989105,0.000296115875244141
1224,4000,408,0.0168249643336866,0.0336019653350078,0.0332745527577821,-0.0490348877229286,0.0826848163903019,1,10,0.000268106717893488,FALSE,620.020981550217,0.000139713287353516
1227,4000,409,-0.025703559481592,0.0352580860138707,0.033882475011728,-0.0948094080687786,0.0434022891055946,1,20,0.00775752959615305,TRUE,840.603198289871,0.000310420989990234
120,4000,40,0.0230782201950999,0.0335231463033832,0.033786934525786,-0.0426271465595311,0.0887835869497309,1,11,3.67491301269204e-05,FALSE,526.445642948151,0.000206232070922852
1230,4000,410,0.0314004076575491,0.0343994854797899,0.0344404100568849,-0.036022583882839,0.0988233991979373,1,10,0.00355653601963138,FALSE,617.323772668839,0.000148534774780273
1233,4000,411,0.019277438511117,0.0335169072005888,0.0331603798302787,-0.046415699602037,0.084970576624271,1,20,3.73778175414589e-05,TRUE,1086.73678159714,0.000266790390014648
1236,4000,412,-0.00729398077778798,0.0333328548524021,0.033789761481786,-0.072626376288496,0.05803841473292,1,15,0.000128380835818443,FALSE,473.126261234283,0.000197887420654297
1239,4000,413,0.0394592188394109,0.0346711941286261,0.0346003842545142,-0.0284963216526963,0.107414759331518,1,20,0.00217205845832274,TRUE,976.413994073868,0.000217914581298828
1242,4000,414,0.0300512014963827,0.0338577761608881,0.0333360698389025,-0.0363100397789579,0.0964124427717234,1,1,0.000159232488693004,TRUE,760.159002780914,0.000175237655639648
1245,4000,415,0.0333121124813071,0.033932592674485,0.033661879143024,-0.0331957691606836,0.0998199941232977,1,15,0.000100606261334546,FALSE,756.334659814835,0.000113010406494141
1248,4000,416,0.0513458289851159,0.0346313577163098,0.0342318223536495,-0.0165316321388513,0.119223290109083,1,9,0.000311269405318721,FALSE,875.863151073456,0.000226736068725586
1251,4000,417,-0.017913584392822,0.0339598437149393,0.0341925693865663,-0.084474878074103,0.0486477092884591,1,14,0.000341831648195065,FALSE,993.812764883041,0.000321626663208008
1254,4000,418,-0.0265484806025825,0.0338225466758458,0.0333957481636722,-0.0928406720872403,0.0397437108820752,1,20,0.00133754890724686,TRUE,511.405650854111,0.000215291976928711
1257,4000,419,0.0347188820267927,0.0330873948795759,0.0339523775508358,-0.030132411937176,0.0995701759907615,1,2,3.20533760339349e-05,FALSE,990.465546369553,0.000411272048950195
123,4000,41,0.0181639138821568,0.0331054556974354,0.0338515651997024,-0.0467227792848166,0.0830506070491301,1,5,0.000211279229855407,FALSE,601.958831548691,0.000177145004272461
1260,4000,420,0.0139736400147137,0.0339538110900863,0.0336292058862425,-0.0525758297218555,0.0805231097512828,1,20,0.00065494493109225,TRUE,1040.41524839401,0.000218629837036133
1263,4000,421,-0.0356035669878022,0.0332615062633665,0.0327616327132704,-0.100796119264,0.0295889852883961,1,20,0.00120171449090707,TRUE,814.211143732071,0.000220060348510742
1266,4000,422,-0.00185980063291202,0.0346166732413132,0.0340244527617159,-0.0697084801858859,0.0659888789200618,1,20,0.0104133853127997,TRUE,848.942646741867,0.000212907791137695
1269,4000,423,0.0140456071885837,0.0325948992102985,0.0326895530406429,-0.0498403952636014,0.0779316096407688,1,10,0.000173679042702548,FALSE,811.793301820755,0.000230312347412109
1272,4000,424,0.0791190507077441,0.0342220389275616,0.0344589171975562,0.0120438544097233,0.146194247005765,0,16,5.56154666854791e-05,FALSE,922.87007856369,0.000282526016235352
1275,4000,425,0.00111100315777213,0.0342782101113327,0.0337888105289733,-0.06607428866044,0.0682962949759843,1,14,4.34928278688578e-05,FALSE,1068.73414731026,0.000313282012939453
1278,4000,426,0.00849962297487028,0.0337042184844877,0.0333374962701119,-0.0575606452547256,0.0745598912044662,1,14,5.76906548435796e-05,FALSE,891.739343643188,0.000219583511352539
1281,4000,427,0.0179739943866444,0.0331664357406334,0.0344489598179937,-0.0470322196649971,0.0829802084382859,1,2,0.000782019118658778,FALSE,933.86306977272,0.000202417373657227
1284,4000,428,0.00129038556553907,0.0328495988699001,0.0340640404506442,-0.0630948282194652,0.0656755993505433,1,4,0.00014122216084204,FALSE,910.030034303665,0.000127553939819336
1287,4000,429,0.0448890412278398,0.0330528418255926,0.0329958608036903,-0.0198945287503218,0.109672611206001,1,14,5.25382701155419e-05,FALSE,530.913290500641,0.000230550765991211
126,4000,42,0.0426235906805206,0.0331828130635144,0.0335305301582865,-0.0224147229239676,0.107661904285009,1,3,0.000217134802262453,FALSE,981.123343467712,0.000225305557250977
1290,4000,430,0.0111184270182539,0.0325181220587676,0.033539593978449,-0.0526170922169306,0.0748539462534385,1,1,0.00115814143596134,TRUE,576.27297949791,0.000189065933227539
1293,4000,431,0.0453565802242757,0.0353191988301035,0.0347092112795561,-0.0238690494827272,0.114582209931279,1,20,0.00761593134452617,TRUE,705.117781162262,0.000211238861083984
1296,4000,432,0.00416158031346647,0.0327169679844622,0.0331095030193284,-0.0599636769360794,0.0682868375630123,1,1,0.00107326239332186,TRUE,638.188952445984,0.000139713287353516
1299,4000,433,0.0252892541777047,0.0339151680810716,0.0334568419356611,-0.0411844752611957,0.0917629836166051,1,17,6.27924696285547e-05,FALSE,668.447519779205,0.000626325607299805
1302,4000,434,0.0589891726639915,0.0331023807290854,0.0328694225905991,-0.00589149356501588,0.123869838892999,1,17,1.07225952810479e-05,FALSE,747.064733505249,0.000212907791137695
1305,4000,435,-0.0421965504831687,0.0324472704328222,0.0321711764386371,-0.1057932005315,0.0214000995651627,1,13,0.000482399638425707,FALSE,928.917628765106,0.000221014022827148
1308,4000,436,-0.00220663110662245,0.0328331244406583,0.0340269618249894,-0.0665595550103126,0.0621462927970677,1,4,0.000116668285365107,FALSE,930.812793016434,0.000446557998657227
1311,4000,437,0.0631353087549805,0.0353736344361062,0.033324503497479,-0.00619701473978768,0.132467632249749,1,15,0.00402153437139255,FALSE,1062.94326043129,0.000244855880737305
1314,4000,438,0.0148321224448836,0.0333361851611686,0.033066742632222,-0.0505068004710068,0.0801710453607741,1,15,8.47247610754386e-05,FALSE,752.567610740662,0.000133991241455078
1317,4000,439,0.010955903162708,0.035658388730876,0.0336392189709051,-0.0589345387498089,0.0808463450752249,1,20,0.000238031215505288,TRUE,635.568503379822,0.000149250030517578
129,4000,43,-0.00198187198682376,0.0335963646390265,0.0340516840197108,-0.0678307466793156,0.0638670027056681,1,1,0.00434250724112028,TRUE,729.500007152557,0.00037693977355957
1320,4000,440,-0.0414955227732802,0.0327775322508802,0.0330953071576998,-0.105739485985005,0.022748440438445,1,4,0.000220566714399407,FALSE,542.598038434982,0.000213146209716797
1323,4000,441,0.0471124796262938,0.033700734355907,0.0342958714649178,-0.0189409597112839,0.113165918963872,1,11,0.000188028677832949,FALSE,601.932278633118,0.000233173370361328
1326,4000,442,0.0101441000982563,0.0348294069155245,0.0337448303449251,-0.0581215374561717,0.0784097376526843,1,20,0.00104523113053503,TRUE,582.914214372635,0.000265836715698242
1329,4000,443,-0.0306190024362243,0.0345636824883888,0.0329261693848574,-0.0983638201134663,0.0371258152410177,1,18,8.78800225285146e-06,FALSE,833.834429740906,0.0001983642578125
1332,4000,444,0.00831137621905298,0.0343759040569293,0.0343162225339482,-0.0590653957325284,0.0756881481706343,1,20,0.000869169753439313,TRUE,443.257524728775,0.00011897087097168
1335,4000,445,0.0223677208820149,0.0339645635052663,0.0339416263154092,-0.044202823588307,0.0889382653523368,1,20,0.00167606070886162,TRUE,797.672240972519,0.00036168098449707
1338,4000,446,-0.00827838721390595,0.0339886226819429,0.0337911478536226,-0.0748960876705141,0.0583393132427022,1,5,0.000474686722302672,FALSE,927.23864865303,0.00021052360534668
1341,4000,447,0.0589592656423199,0.0343339380752855,0.0335714806441239,-0.00833525298523963,0.126253784269879,1,20,0.000441304906431284,TRUE,869.82955956459,0.000226736068725586
1344,4000,448,-0.0100598014530442,0.0330815742030255,0.033960492661922,-0.0748996868909741,0.0547800839848857,1,11,0.000132531456070073,FALSE,456.89345240593,0.000177145004272461
1347,4000,449,0.0393176062096544,0.0346303339461229,0.0347035203304118,-0.0285578483247465,0.107193060744055,1,19,4.34325692885035e-05,FALSE,883.011313199997,0.00013422966003418
132,4000,44,0.0158114159299585,0.0338569662673034,0.0338942953530497,-0.0505482379539561,0.0821710698138731,1,17,0.000183644242129384,FALSE,564.685606479645,0.00018763542175293
1350,4000,450,0.0764815852807845,0.0338443573704765,0.0330073344923782,0.0101466448346505,0.142816525726919,0,20,9.71189891782633e-05,TRUE,586.194983720779,0.000201940536499023
1353,4000,451,0.0268848777193358,0.0330539182357246,0.0327385980471908,-0.0379008020226844,0.091670557461356,1,20,0.00143725444007176,TRUE,467.468728065491,0.00011444091796875
1356,4000,452,0.0290214673449484,0.0326447965905598,0.0333301680281089,-0.0349623339725488,0.0930052686624455,1,6,0.000157316684581629,FALSE,540.019239902496,0.000157833099365234
1359,4000,453,0.0259048737287092,0.0339795330836066,0.0343794743555365,-0.0406950111151598,0.0925047585725782,1,5,7.19550524788281e-05,FALSE,1269.57810378075,0.000217437744140625
1362,4000,454,0.00472314106964233,0.0332771907073603,0.0335056713199577,-0.0605001527167839,0.0699464348560685,1,1,0.00360029566166325,TRUE,639.445457935333,0.000199556350708008
1365,4000,455,-0.0291690351889247,0.0326899287132574,0.0333453782326672,-0.0932412954669093,0.0349032250890599,1,9,0.000364950090934162,FALSE,720.160985946655,0.000169754028320312
1368,4000,456,-0.0137397629330351,0.0339404143488854,0.0340696507546988,-0.0802629750568504,0.0527834491907802,1,20,0.00663070887435027,TRUE,1052.51418066025,0.000678539276123047
1371,4000,457,0.0244967727267442,0.0333086661365305,0.0330430061742066,-0.0407882129008556,0.089781758354344,1,14,0.000432984836939006,FALSE,1309.94667243958,0.000140666961669922
1374,4000,458,-0.0475475607110556,0.0349012865595227,0.0335957764404173,-0.11595408236772,0.0208589609456089,1,20,0.00362471900248688,TRUE,541.377652168274,0.000150203704833984
1377,4000,459,0.0195707482877603,0.0342127865244695,0.033731607472223,-0.0474863133001999,0.0866278098757205,1,8,0.000133731026929065,FALSE,973.292147636414,0.000330448150634766
135,4000,45,0.000955576405937464,0.0331364806285992,0.0332520638055191,-0.063991925626117,0.0659030784379919,1,7,0.000215952174469696,FALSE,796.512177705765,0.000204563140869141
1380,4000,460,0.0121197232046796,0.0336197367572797,0.0336307737028766,-0.0537749608395887,0.0780144072489478,1,13,0.00310400694996214,FALSE,983.205981731415,0.00023961067199707
1383,4000,461,0.00704346633124908,0.0329736567315305,0.0333782518412187,-0.0575849008625506,0.0716718335250488,1,6,0.000120876658915304,FALSE,466.164210796356,0.000109672546386719
1386,4000,462,-0.0122356669339603,0.0345281749178025,0.0336783534776625,-0.0799108897728533,0.0554395559049327,1,15,0.00010110247704483,FALSE,570.05652141571,0.000226259231567383
1389,4000,463,0.0439670521574934,0.0341564798103965,0.0334350102831614,-0.0229796482708836,0.11091375258587,1,17,0.000182330362075769,FALSE,849.001884460449,0.000189542770385742
1392,4000,464,-0.00154374292632187,0.0329214284760437,0.0330705558712398,-0.0660697427393675,0.0629822568867237,1,8,0.0002868991186009,FALSE,604.291856050491,0.00014948844909668
1395,4000,465,-0.00486695170527129,0.0329254457422396,0.0338119396744543,-0.069400825360061,0.0596669219495184,1,12,2.38795210599244e-05,FALSE,585.699868917465,0.000171422958374023
1398,4000,466,0.0546517889110973,0.0333383676314628,0.0343138811069562,-0.0106914116465697,0.119994989468764,1,1,0.000121774222155891,TRUE,553.363740682602,0.000126123428344727
1401,4000,467,0.0665546832779739,0.0335405968119709,0.0337983077935034,0.000815113526510855,0.132294253029437,0,8,0.000104603071025148,FALSE,478.813616991043,0.000113964080810547
1404,4000,468,-3.00194840737733e-05,0.0346485934999122,0.034352269190984,-0.0679412627439017,0.0678812237757541,1,16,0.000205547032850609,FALSE,633.591079473495,0.000248908996582031
1407,4000,469,0.0325770671780724,0.0321073449173596,0.0327548232333703,-0.0303533288599524,0.0955074632160972,1,1,0.00134278294389913,TRUE,1470.85709095001,0.000178813934326172
138,4000,46,0.0576014091793711,0.0338463611998429,0.0341989450994352,-0.00873745877232093,0.123940277131063,1,13,0.000175264782350201,FALSE,567.818244695663,0.000122547149658203
1410,4000,470,0.032032586414141,0.0327774159212315,0.0341062548881184,-0.0322111487914728,0.0962763216197547,1,9,0.000166382937943193,FALSE,936.681664943695,0.000210762023925781
1413,4000,471,0.0755121004080433,0.0330568572078456,0.0332954040584387,0.0107206602806659,0.140303540535421,0,9,0.000320524091972499,FALSE,1029.53726387024,0.000216245651245117
1416,4000,472,0.0151188769602344,0.0346449224017177,0.0339358609104873,-0.0527851709471323,0.0830229248676011,1,18,0.000189469554969544,FALSE,685.757494688034,0.000287771224975586
1419,4000,473,-0.0175093525706997,0.0341757642166204,0.0339212283624405,-0.0844938504352758,0.0494751452938763,1,20,0.00155144832633866,TRUE,1322.96565079689,0.000131368637084961
1422,4000,474,0.0139226630734252,0.0327895390751118,0.0334172526932517,-0.0503448335137939,0.0781901596606442,1,1,0.007695032730282,TRUE,652.758906126022,0.000282764434814453
1425,4000,475,0.0562115651651082,0.0327614098967185,0.0336518746433793,-0.00800079823246,0.120423928562676,1,9,0.000150575828768456,FALSE,1372.38923668861,0.000138521194458008
1428,4000,476,-0.0547529449538651,0.0340245954782339,0.0338797279652455,-0.121441152091204,0.0119352621834735,1,12,0.000235930822357375,FALSE,1660.4029147625,0.000182867050170898
1431,4000,477,-0.000326687779249157,0.0353553729173009,0.0329529750384025,-0.0696232186971588,0.0689698431386605,1,20,0.00413061082336985,TRUE,900.41578578949,0.00031733512878418
1434,4000,478,0.0135731565854416,0.0342617814488842,0.0350377184199538,-0.0535799350543714,0.0807262482252545,1,10,8.79927217634658e-05,FALSE,1036.27348947525,0.000315189361572266
1437,4000,479,-0.007465661062656,0.0334927795880044,0.0328706331215625,-0.0731115090551445,0.0581801869298325,1,1,0.00295415696010286,TRUE,1651.0568652153,0.000457525253295898
141,4000,47,0.0145696183921751,0.0341769882215165,0.0347028434709932,-0.0524172785219972,0.0815565153063473,1,20,0.00305622584888849,TRUE,637.510269403458,0.000127792358398438
1440,4000,480,-0.00346673311708146,0.0334929427919863,0.0337008405372527,-0.0691129009893746,0.0621794347552116,1,7,0.000331864795353351,FALSE,937.444494485855,0.000223398208618164
1443,4000,481,0.0156315677076524,0.0335183312974977,0.0326900371573243,-0.0500643616354431,0.0813274970507479,1,20,0.00153690935815255,TRUE,1299.2387983799,0.000246524810791016
1446,4000,482,-0.0149381323472741,0.0334636675910078,0.0335676098300312,-0.0805269208256494,0.0506506561311011,1,12,1.15926199215694e-05,FALSE,1364.22945451736,0.000258207321166992
1449,4000,483,-0.000984656685809604,0.0340003992450318,0.0332556256461365,-0.067625439206072,0.0656561258344528,1,16,2.43302916445354e-05,FALSE,725.821651220322,0.000145912170410156
1452,4000,484,0.0122514268302345,0.0331138687244662,0.0332694525934245,-0.0526517558697193,0.0771546095301883,1,5,0.000238316588730648,FALSE,939.218116521835,0.000333070755004883
1455,4000,485,0.00131316522980862,0.033429794622737,0.0334050780439548,-0.0642092322307559,0.0668355626903732,1,8,0.000128506616147238,FALSE,515.195528268814,0.000138759613037109
1458,4000,486,0.00570463549452316,0.0341227012731434,0.0332694547941626,-0.0611758590008379,0.0725851299898842,1,18,0.000104590889123766,FALSE,660.802296161652,0.000171661376953125
1461,4000,487,0.022907237688979,0.0334594505323024,0.0341561243465983,-0.0426732853543337,0.0884877607322917,1,1,0.00261503994699541,TRUE,594.333587884903,0.000371456146240234
1464,4000,488,-0.0468383542790188,0.0321284416370607,0.0332375065103788,-0.109810099887658,0.0161333913296201,1,8,3.43743798131569e-06,FALSE,574.45237159729,0.000222921371459961
1467,4000,489,0.0673098004495116,0.0324666415711368,0.033349239634266,0.00367518297008354,0.13094441792894,0,2,0.000196016307135954,FALSE,589.414134740829,0.000131607055664062
144,4000,48,0.0134814547217866,0.0351570081641803,0.0339483538745398,-0.0554262812800068,0.0823891907235801,1,12,1.17816842459771e-05,FALSE,505.350422620773,0.000166654586791992
1470,4000,490,-0.0527159407015225,0.0342728381292885,0.0342295851471281,-0.119890703434928,0.0144588220318829,1,16,5.98549702081038e-05,FALSE,510.966794967651,0.000202178955078125
1473,4000,491,-0.0170299489577789,0.0333994913511699,0.0335073342785459,-0.0824929520060719,0.0484330540905141,1,4,0.000145392630920843,FALSE,988.939894199371,0.000247001647949219
1476,4000,492,-0.0217715424502753,0.0329591959827448,0.0330546734259651,-0.0863715665764552,0.0428284816759045,1,8,0.000389536038879299,FALSE,800.284772396088,0.000280380249023438
1479,4000,493,0.00824901522769994,0.0322893483363251,0.033310563152085,-0.0550381075114972,0.0715361379668971,1,1,0.00206950106710422,TRUE,1199.34843754768,0.000193119049072266
1482,4000,494,-0.00235613545243918,0.0346987617977864,0.034461404965119,-0.0703657085761006,0.0656534376712223,1,20,0.00132154575521751,TRUE,562.362246513367,0.000106573104858398
1485,4000,495,0.0343819808854343,0.0330880056365386,0.0333512206717343,-0.0304705101621813,0.0992344719330499,1,1,0.00204519558845613,TRUE,1955.26177763939,0.000192403793334961
1488,4000,496,0.0375503990389611,0.0344952047710236,0.0333887325294002,-0.0300602023122452,0.105161000390167,1,16,0.000187171700252897,FALSE,866.224167346954,0.00025177001953125
1491,4000,497,0.0460705013906793,0.0340138024032244,0.0334687985634742,-0.0205965513196406,0.112737554100999,1,4,6.82790874510333e-05,FALSE,1407.64041304588,0.000170469284057617
1494,4000,498,0.0255525339938094,0.0332897641014835,0.0333755428562181,-0.0396954036450983,0.0908004716327171,1,8,7.04836238336162e-06,FALSE,551.314582824707,0.000246047973632812
1497,4000,499,0.00147042771343142,0.0341463791184105,0.0330495673793827,-0.0654564753586531,0.0683973307855159,1,20,0.00352687326590901,TRUE,811.447199821472,0.000217199325561523
147,4000,49,-0.0655928945318315,0.0335684853582175,0.0341299934961199,-0.131387125833938,0.000201336770274743,1,1,0.00933376989184577,TRUE,968.475340366364,0.000149965286254883
12,4000,4,-0.00852737288850069,0.0340242826408531,0.0334041203039525,-0.0752149668645729,0.0581602210875715,1,14,1.75354383286263e-05,FALSE,1026.48477983475,0.000318050384521484
1500,4000,500,-0.0385802357814492,0.0343512350650751,0.0340362092734625,-0.105908656508996,0.0287481849460979,1,19,0.000525871266578411,FALSE,840.706526517868,0.000271797180175781
1503,4000,501,0.0195796103059883,0.033573722099769,0.0332015200647338,-0.0462248850095589,0.0853841056215355,1,20,0.00137837075004711,TRUE,491.565923452377,0.000114917755126953
1506,4000,502,0.0740384332549364,0.0330991776034306,0.0333923005799363,0.00916404515221252,0.13891282135766,0,1,0.00295482383709866,TRUE,1038.58184099197,0.000187158584594727
1509,4000,503,-0.0131906405046662,0.0334130571641288,0.0333595113845887,-0.0786802325463586,0.0522989515370261,1,9,5.77267394585118e-06,FALSE,862.216193199158,0.000193357467651367
1512,4000,504,-0.0171743891839792,0.0325166657207852,0.032971553842769,-0.0809070539967181,0.0465582756287597,1,6,2.53710888789468e-05,FALSE,966.544631481171,0.000214099884033203
1515,4000,505,0.016627960094947,0.0332737605576148,0.0341137234123255,-0.048588610597978,0.0818445307878721,1,9,9.44327013202691e-05,FALSE,616.025433540344,0.000163555145263672
1518,4000,506,0.0282881629991378,0.0330051417321347,0.0334710284786819,-0.0364019147958462,0.0929782407941219,1,12,0.000214954516776058,FALSE,769.30438375473,0.00030207633972168
1521,4000,507,0.0228296287650159,0.0329239987619642,0.0334179575308036,-0.041701408808434,0.0873606663384658,1,6,0.000124502907743053,FALSE,748.934545755386,0.00489354133605957
1524,4000,508,-0.0137969189356211,0.033096989358741,0.0332972533171226,-0.0786670180787535,0.0510731802075114,1,1,0.000214601114259388,TRUE,1017.81513595581,0.000236272811889648
1527,4000,509,0.0166701862873905,0.0350680566906014,0.0333861678256055,-0.0520632048261882,0.0854035774009691,1,20,0.00250250388765787,TRUE,516.101034879684,0.000141382217407227
150,4000,50,-0.0415104503334616,0.0334709557054458,0.0334842038064332,-0.107113523516135,0.0240926228492122,1,14,0.000217692802430861,FALSE,984.375548839569,0.000219821929931641
1530,4000,510,0.0314442818836385,0.0342884664952664,0.0332133956766519,-0.0357611124470837,0.0986496762143607,1,15,0.000130085811219359,FALSE,828.923754930496,0.000145912170410156
1533,4000,511,-0.0483743746511421,0.0329626936514843,0.0330621681046208,-0.112981254208051,0.0162325049057671,1,10,0.000149578301621994,FALSE,851.644227266312,0.000215053558349609
1536,4000,512,0.0139495487047216,0.033465544413381,0.0333174794010299,-0.0516429183455051,0.0795420157549483,1,20,1.53516563510951e-05,TRUE,530.847564458847,0.000203847885131836
1539,4000,513,-0.0144858475550276,0.0327459286992209,0.0341188409178659,-0.0786678678055005,0.0496961726954454,1,1,0.00183769308535867,TRUE,1735.29051280022,0.000166177749633789
1542,4000,514,0.0401525329996258,0.032927814266051,0.0337075105968247,-0.024385982961834,0.104691048961086,1,1,0.000541334854561292,TRUE,918.8126745224,0.000221729278564453
1545,4000,515,0.0273586595591004,0.0330409428550528,0.0329336886752222,-0.0374015884368031,0.092118907555004,1,15,0.000176565620134118,FALSE,759.757858037949,0.000176429748535156
1548,4000,516,0.0580824667382739,0.032903580370608,0.0335210940207518,-0.00640855078811774,0.122573484264666,1,1,0.000984844232800596,TRUE,833.81542634964,0.000222444534301758
1551,4000,517,0.026254003720422,0.0342784165408309,0.0327466987224683,-0.0409316926996067,0.0934397001404506,1,20,0.00252608960213219,TRUE,645.258888959885,0.000179767608642578
1554,4000,518,-0.00201128486879398,0.0345687096681454,0.0341262720842846,-0.069765955818359,0.065743386080771,1,18,0.00614688321941339,FALSE,729.725456237793,0.000222921371459961
1557,4000,519,0.00122097484813388,0.0341566138210971,0.0338022251753328,-0.0657259882412164,0.0681679379374842,1,20,0.00385691425437823,TRUE,954.372657299042,0.000226974487304688
153,4000,51,0.0175018708287864,0.0340638421622867,0.0328292230718751,-0.0492632598092956,0.0842670014668684,1,14,6.54895166552517e-05,FALSE,1697.5150282383,0.00018310546875
1560,4000,520,-0.0346655181713453,0.0347465250705789,0.0339613288368928,-0.10276870730968,0.0334376709669892,1,20,0.00015204318081506,TRUE,1020.39672660828,0.000606775283813477
1563,4000,521,0.0611786297059475,0.035329101487043,0.0345450275422245,-0.00806640920865691,0.130423668620552,1,13,0.00565630532469746,FALSE,861.194116592407,0.000236749649047852
1566,4000,522,0.0331829303052662,0.0332063691946606,0.0337405688778645,-0.0319015533162686,0.098267413926801,1,3,1.67593776581047e-05,FALSE,1007.51849579811,0.000233650207519531
1569,4000,523,-0.0110569001672491,0.0341463981559331,0.0333846509487663,-0.0779838405528779,0.0558700402183796,1,18,0.000107395462834897,FALSE,832.3504986763,0.000666618347167969
1572,4000,524,-0.0132506256544042,0.0343371658033634,0.0339947629563233,-0.0805514706289965,0.0540502193201882,1,16,0.000171027991453714,FALSE,780.116473197937,0.000286102294921875
1575,4000,525,-0.00989511688191747,0.0344396228035455,0.0344298026550877,-0.0773967775768667,0.0576065438130317,1,11,5.14141443691436e-05,FALSE,598.583477497101,0.000481843948364258
1578,4000,526,-0.00775973154654608,0.0323937012328724,0.0330768690033494,-0.0712513859629759,0.0557319228698838,1,5,0.000245634063910575,FALSE,736.695636987686,0.000201225280761719
1581,4000,527,0.0133236557422186,0.0337185713949025,0.0332808427263075,-0.0527647441917902,0.0794120556762274,1,20,0.00424702832318837,TRUE,473.892705440521,0.000174045562744141
1584,4000,528,-0.00237909811168791,0.0336614412945495,0.0341649207952861,-0.068355523049005,0.0635973268256292,1,15,9.19949619442253e-06,FALSE,838.386514425278,0.000266313552856445
1587,4000,529,0.0434799050975457,0.0330228765763378,0.0330800099096986,-0.0212449329920764,0.108204743187168,1,6,0.00013790611044685,FALSE,812.417273521423,0.000175952911376953
156,4000,52,0.00258601139680925,0.0334739710810842,0.0345581779225348,-0.0630229719221158,0.0681949947157343,1,20,7.28320722368427e-05,TRUE,589.612396717072,0.000184774398803711
1590,4000,530,-0.011311639285628,0.033468085892673,0.0338586227474867,-0.076909087635267,0.0542858090640111,1,10,6.17530052325743e-06,FALSE,919.526369333267,0.000217437744140625
1593,4000,531,-0.0391003878568789,0.0329513716565265,0.0329286553036796,-0.103685076303671,0.0254843005899131,1,16,0.000303830696024546,FALSE,803.406923770905,0.000130414962768555
1596,4000,532,0.0504504309680192,0.0329775116229382,0.0335596283182115,-0.0141854918129397,0.115086353748978,1,4,7.65048068317029e-05,FALSE,564.750217199326,0.000140905380249023
1599,4000,533,0.0313998568878207,0.033808582295307,0.0337894105050823,-0.0348649644109812,0.0976646781866225,1,14,5.76025039935589e-05,FALSE,1182.23507785797,0.000205755233764648
1602,4000,534,-0.0624715272515306,0.0346063076780495,0.0336120124344298,-0.130299890300508,0.00535683579744635,1,14,5.52784097166126e-05,FALSE,810.147176504135,0.000316619873046875
1605,4000,535,0.0548666308105613,0.0333181437973,0.0338258403023279,-0.0104369310321468,0.120170192653269,1,5,0.000330935654008654,FALSE,1862.41005253792,0.000198602676391602
1608,4000,536,-0.0126832098742078,0.0335203926651201,0.0332468399362798,-0.0783831794978431,0.0530167597494275,1,10,0.000179933254167966,FALSE,860.413551092148,0.000846147537231445
1611,4000,537,0.029385563117062,0.0341487633416256,0.0335469954688418,-0.0375460130325243,0.0963171392666482,1,20,0.000726599849229885,TRUE,742.684802055359,0.000219583511352539
1614,4000,538,-0.00551673308463241,0.034169251468996,0.0336284051821234,-0.0724884659638645,0.0614549997945997,1,11,0.00026558902853766,FALSE,535.040675878525,0.000221967697143555
1617,4000,539,0.03123518545449,0.0345547426638614,0.0349338364130838,-0.0364921101666782,0.0989624810756582,1,20,0.00261812632640007,TRUE,812.966679096222,0.000323295593261719
159,4000,53,0.0436654718116858,0.0344087251025246,0.034168555241954,-0.0237756293892625,0.111106573012634,1,20,0.00397913930691776,TRUE,552.110260486603,0.000126361846923828
1620,4000,540,0.00916683666084417,0.0340523631873977,0.0335474690779417,-0.0575757951864553,0.0759094685081436,1,18,0.00458485174272214,FALSE,575.978320121765,0.000170469284057617
1623,4000,541,0.000165094201802329,0.0341065082188481,0.0338657418950796,-0.0666836619071399,0.0670138503107446,1,13,0.000322636952871009,FALSE,1452.81242871284,0.000329971313476562
1626,4000,542,0.00534568416010006,0.0329289306364464,0.0331494997407233,-0.0591950198873349,0.069886388207535,1,4,1.3825968997507e-06,FALSE,507.730630636215,0.000156641006469727
1629,4000,543,-0.0348885719192273,0.0335699317454169,0.0335352653387298,-0.100685638140244,0.0309084943017897,1,1,0.000377120479622304,TRUE,930.240209341049,0.000142335891723633
1632,4000,544,-0.00480382007455404,0.0325458412191662,0.0331763885617165,-0.0685936688641198,0.0589860287150117,1,4,0.000196984961242782,FALSE,719.407333374023,0.000190973281860352
1635,4000,545,-0.0517945538075785,0.0326136983182966,0.0334094719213464,-0.11571740251144,0.0121282948962829,1,12,0.000467342502509245,FALSE,746.992320537567,0.00020146369934082
1638,4000,546,0.0583788868600649,0.0331788541301513,0.0329922586946851,-0.0066516672350317,0.123409440955161,1,11,3.126509319495e-05,FALSE,662.646531581879,0.000143289566040039
1641,4000,547,-0.0171518943040183,0.033000336794359,0.0332275248281222,-0.081832554420962,0.0475287658129254,1,20,0.00180956687526095,TRUE,908.663212299347,0.000210762023925781
1644,4000,548,0.0520357379333968,0.0337936834621377,0.0343720266617299,-0.0141998816523932,0.118271357519187,1,8,2.40654504865599e-05,FALSE,624.377704620361,0.000248432159423828
1647,4000,549,-0.00196032671790036,0.0336699884547667,0.0330156000735115,-0.0679535040892432,0.0640328506534424,1,20,0.00135228532294251,TRUE,967.492250442505,0.00078272819519043
162,4000,54,-0.0340669516712013,0.0335210695446045,0.0335385635918381,-0.0997682479786262,0.0316343446362235,1,20,0.00631306183025655,TRUE,1567.7729742527,0.000181674957275391
1650,4000,550,-0.0328200642363986,0.0330088971444794,0.0329425839144672,-0.0975175026395782,0.031877374166781,1,14,3.35790734409098e-05,FALSE,925.834968328476,0.000434398651123047
1653,4000,551,0.0890784774912502,0.0325655346196051,0.033129367976603,0.0252500296368241,0.152906925345676,0,3,0.00181521564796333,FALSE,760.977430582047,0.000260353088378906
1656,4000,552,-0.00136072711914337,0.0340235814092573,0.034168759692094,-0.0680469466812878,0.065325492443001,1,13,1.05714641580415e-05,FALSE,802.756250143051,0.000847339630126953
1659,4000,553,-0.0470869674457807,0.0329250314049352,0.033720411340237,-0.111620028999454,0.0174460941078924,1,1,0.00210255162960495,TRUE,874.210191726685,0.000141620635986328
1662,4000,554,-0.0613667946181029,0.0336919853933338,0.0335082193243131,-0.127403085989037,0.00466949675283132,1,15,0.000264396887802412,FALSE,1427.50620079041,0.000195980072021484
1665,4000,555,0.0153085159411808,0.0331410995719005,0.0333283900311568,-0.0496480392197442,0.0802650711021057,1,1,0.00232711711140754,TRUE,888.710833787918,0.000222444534301758
1668,4000,556,-0.0241339466733592,0.0330948021512851,0.033494814334617,-0.088999758889878,0.0407318655431596,1,7,0.000161359835465744,FALSE,832.999779939651,0.000203371047973633
1671,4000,557,0.00347286055217744,0.0343435481579895,0.0336709362105306,-0.0638404938374819,0.0707862149418368,1,17,1.67016358065966e-05,FALSE,1525.36409902573,0.000204801559448242
1674,4000,558,0.00626044001076842,0.0334757037155906,0.0322769973219342,-0.0593519392717892,0.0718728192933261,1,19,2.54339221186057e-05,FALSE,762.915589570999,0.000135183334350586
1677,4000,559,-0.0130888765734138,0.0334349547758737,0.034017103604606,-0.0786213879341262,0.0524436347872986,1,1,0.000367741825699267,TRUE,827.792299509048,0.000184059143066406
165,4000,55,-0.0176378813993319,0.0332490137444944,0.0339489726157811,-0.0828059483385408,0.0475301855398771,1,5,0.00022339304884531,FALSE,597.36456656456,0.000186681747436523
1680,4000,560,-0.0455962484239916,0.0335107582074473,0.0337663391002894,-0.111277334510588,0.0200848376626051,1,15,0.00022118796812832,FALSE,893.845864295959,0.000215053558349609
1683,4000,561,0.00441073296413941,0.0342024299234818,0.0341715929452778,-0.0626260296858849,0.0714474956141637,1,12,0.00020363869135768,FALSE,866.395423173904,0.000614166259765625
1686,4000,562,0.0221868778646992,0.0336772914576659,0.0337708391191237,-0.043820613392326,0.0881943691217244,1,19,0.000224048180174011,FALSE,806.482396602631,0.000269651412963867
1689,4000,563,-0.00129055514629117,0.0324838876414994,0.0340000517984362,-0.06495897492363,0.0623778646310477,1,4,3.3955878649963e-05,FALSE,867.143207550049,0.000215768814086914
1692,4000,564,0.0488667134619148,0.0325897407568862,0.0335159696619401,-0.0150091784215821,0.112742605345412,1,11,6.95070138782401e-05,FALSE,758.934542894363,0.000176906585693359
1695,4000,565,-0.00928068479398114,0.0323330027867198,0.0327003026706153,-0.0726533702559519,0.0540920006679896,1,5,0.000235626739596553,FALSE,851.559279203415,0.000444173812866211
1698,4000,566,0.0386666149795815,0.0327885593102558,0.0335890397626273,-0.0255989612685199,0.102932191227683,1,1,0.000573147471606796,TRUE,936.460431337357,0.000316858291625977
1701,4000,567,0.0558314839699924,0.0339965667283433,0.0340103431196656,-0.0108017868175605,0.122464754757545,1,12,5.25903748987062e-05,FALSE,493.435666322708,0.000123977661132812
1704,4000,568,0.0322381526653421,0.0340176547304262,0.0342021376074587,-0.0344364506062932,0.0989127559369775,1,12,7.82478616991941e-05,FALSE,1056.44321775436,0.000221967697143555
1707,4000,569,0.0205458462918994,0.0319205177292396,0.0324460878348593,-0.0420183684574103,0.083110061041209,1,13,0.00023660635594318,FALSE,582.86926484108,0.000145912170410156
168,4000,56,0.0147188237001332,0.0338553287885626,0.0337074396312182,-0.0516376207254495,0.081075268125716,1,17,0.000346467100309061,FALSE,770.893139600754,0.000876665115356445
1710,4000,570,-0.0156897797314277,0.0332131519584677,0.0324993328130661,-0.0807875575700244,0.049407998107169,1,9,0.000179006591909599,FALSE,747.671931266785,0.000140905380249023
1713,4000,571,-0.0245213068568171,0.0336523056444851,0.033300972798002,-0.0904798259200078,0.0414372122063736,1,20,0.00341719936053739,TRUE,559.212456703186,0.000240087509155273
1716,4000,572,5.18958385409274e-05,0.0336314643016777,0.0337927579843215,-0.0658657741927474,0.0659695658698292,1,14,4.03647155448559e-06,FALSE,751.174004077911,0.000550270080566406
1719,4000,573,-0.0344369408559226,0.0333953188783338,0.0337477917197572,-0.0998917658574569,0.0310178841456117,1,12,0.000645694901666204,FALSE,488.748604536057,0.000123977661132812
1722,4000,574,-0.0273375264296256,0.0346670489656591,0.033482342337437,-0.0952849424023174,0.0406098895430662,1,20,0.00855698505253223,TRUE,982.215032815933,0.000252723693847656
1725,4000,575,-0.0281346879556705,0.0328944335249932,0.0335110665471507,-0.0926077776646573,0.0363384017533162,1,8,0.000298305741606739,FALSE,873.141570568085,0.000445365905761719
1728,4000,576,0.00962481634626999,0.0350417661254623,0.03416332446712,-0.0590570452596361,0.0783066779521761,1,20,0.00886352841255607,TRUE,972.024055957794,0.00034642219543457
1731,4000,577,0.00727824855497017,0.0347443542123944,0.033346197573329,-0.0608206857013229,0.0753771828112632,1,20,0.00173881514886768,TRUE,1226.05426120758,0.0003662109375
1734,4000,578,-0.00681473230004681,0.0331754435603372,0.0340319670960493,-0.0718386016783078,0.0582091370782141,1,8,0.000132129693091799,FALSE,697.327262639999,0.00030064582824707
1737,4000,579,0.0583699010871831,0.0340203558983995,0.032749950229242,-0.00830999647367998,0.125049798648046,1,20,0.000165573386398422,TRUE,505.043573617935,0.000652790069580078
171,4000,57,-0.0125340729366372,0.034376881475718,0.0328221785841424,-0.0799127606290445,0.0548446147557701,1,20,0.00735827707609749,TRUE,592.62371134758,0.000173807144165039
1740,4000,580,0.00338271917884303,0.0336972092311155,0.0336076574204381,-0.0626638109141433,0.0694292492718293,1,20,0.00719268418272051,TRUE,814.756088256836,0.000185251235961914
1743,4000,581,0.0665877871267638,0.0337395724831974,0.0337658648098532,0.000458225059696962,0.132717349193831,0,7,0.000116570484086971,FALSE,887.979009151459,0.000318765640258789
1746,4000,582,0.0111479626339434,0.034102388721508,0.0347184776204012,-0.0556927192602123,0.077988644528099,1,8,0.000301754640421066,FALSE,773.790240526199,0.000329017639160156
1749,4000,583,0.0205672697645016,0.0329798644677747,0.033659527343656,-0.0440732645923369,0.0852078041213401,1,19,0.000105643830651056,FALSE,837.701805591583,0.000176668167114258
1752,4000,584,0.0424725787417216,0.0335863402263174,0.0329121691166368,-0.0233566481018604,0.108301805585304,1,12,0.000132474703750036,FALSE,895.458332538605,0.000450849533081055
1755,4000,585,-0.0050292596004089,0.0337538269472961,0.0333502833134294,-0.0711867604171093,0.0611282412162915,1,12,5.86291496439104e-05,FALSE,1225.70466804504,0.000422239303588867
1758,4000,586,0.00776517381972486,0.0343727336503989,0.0339230624984502,-0.0596053841350569,0.0751357317745066,1,11,0.000161595843423606,FALSE,1203.90213918686,0.000408649444580078
1761,4000,587,-0.0188794536537797,0.033242791346537,0.0335368033042047,-0.0840353246929922,0.0462764173854327,1,17,0.000206965192710504,FALSE,800.181656837463,0.000818490982055664
1764,4000,588,-0.000403130401228191,0.031989152428217,0.0337862202105755,-0.0631018691605335,0.0622956083580771,1,2,0.000337077461516004,FALSE,1215.62964916229,0.000346183776855469
1767,4000,589,0.0969352111119142,0.033532295824962,0.0345680896165994,0.0312119112949886,0.16265851092884,0,1,0.00576138597628499,TRUE,1231.01574373245,0.000373363494873047
174,4000,58,0.0208861292730265,0.0344142124882435,0.0342210278979894,-0.0465657272039307,0.0883379857499836,1,18,0.000151198176690979,FALSE,567.512961149216,0.000284910202026367
1770,4000,590,0.00115805868686092,0.0327391001703737,0.0340864249452697,-0.0630105776470716,0.0653266950207934,1,4,0.000132106875428285,FALSE,723.31182551384,0.000186681747436523
1773,4000,591,-0.0145129143048165,0.0351878338988674,0.0355973632944495,-0.0834810687465966,0.0544552401369636,1,20,0.000344241177836995,TRUE,1181.02520108223,0.000416278839111328
1776,4000,592,-0.016654084046646,0.0335515776054952,0.0334068857751572,-0.0824151761534165,0.0491070080601245,1,1,0.00306955069165535,TRUE,559.578296422958,0.000110387802124023
1779,4000,593,0.0214074712199703,0.0336782862085863,0.0338972844779909,-0.0446019697488589,0.0874169121887995,1,1,0.000252075227455453,TRUE,1011.17125678062,0.000228643417358398
1782,4000,594,-0.0533352782147649,0.0348524681246358,0.0344588205938923,-0.121646115739051,0.0149755593095213,1,20,0.000194911877825635,TRUE,659.430546998978,0.000130414962768555
1785,4000,595,-0.00461154208460224,0.0340417178957171,0.0339112091640593,-0.0713333091602078,0.0621102249910033,1,14,0.00015429657744695,FALSE,653.14054274559,0.000198602676391602
1788,4000,596,-0.000587597220768399,0.0334438862009845,0.032659089013501,-0.0661376141746979,0.0649624197331612,1,20,0.00166514745560293,TRUE,687.630227804184,0.000200986862182617
1791,4000,597,-0.0277604027415137,0.0330016431709565,0.0336882394862402,-0.0924436233565884,0.036922817873561,1,11,0.000150574379826574,FALSE,1536.09638881683,0.000181436538696289
1794,4000,598,0.0421868107382795,0.0340435323370489,0.0329450910775188,-0.0245385126423363,0.108912134118895,1,20,0.00559298506155511,TRUE,1385.468988657,0.000158548355102539
1797,4000,599,-0.0491597657402474,0.0352602511787546,0.0335437901196389,-0.118269858050606,0.0199503265701117,1,20,3.67080315549452e-06,TRUE,1195.33503198624,0.000185251235961914
177,4000,59,0.0224802500347683,0.0334808709479167,0.033387788627472,-0.0431422570231484,0.088102757092685,1,15,0.000136102366151285,FALSE,944.953083515167,0.000159025192260742
15,4000,5,-0.0297891858399353,0.0335922494283683,0.0337408604739399,-0.0956299947195371,0.0360516230396665,1,15,1.66406377674755e-05,FALSE,586.55507850647,0.000247716903686523
1800,4000,600,0.00682360176055075,0.0343679869237391,0.0344679642175605,-0.060537652609978,0.0741848561310794,1,20,0.00551912820110102,TRUE,1161.05752038956,0.000277996063232422
1803,4000,601,0.0180835924213466,0.0339936951991456,0.0353024020303785,-0.0485440501689788,0.084711235011672,1,13,8.27582039203568e-05,FALSE,575.733253240585,0.000153541564941406
1806,4000,602,0.0179512805589427,0.0340900131643708,0.0351443739955784,-0.0488651452432241,0.0847677063611094,1,4,0.000132630452179097,FALSE,1048.16371440887,0.000449895858764648
1809,4000,603,0.017662117674888,0.0328671370032336,0.0337280139480439,-0.0467574708514498,0.0820817062012258,1,3,8.93637634369313e-05,FALSE,698.585016965866,0.000184059143066406
1812,4000,604,-0.0216696833443897,0.0330796150255124,0.0329213405996011,-0.086505728794394,0.0431663621056146,1,20,8.07759952064698e-06,TRUE,518.802361011505,0.00013279914855957
1815,4000,605,-0.00537624581307306,0.0333937010746419,0.0344341622242229,-0.0708278999193712,0.0600754082932251,1,1,0.00246300678833452,TRUE,797.285414218903,0.000247478485107422
1818,4000,606,0.0741093363010369,0.0336624407599506,0.0337221098709556,0.00813095241153375,0.14008772019054,0,10,0.000175990260901055,FALSE,719.754671573639,0.000475645065307617
1821,4000,607,-0.0582953184795678,0.0345502044369461,0.0348896661036751,-0.126013719175982,0.00942308221684654,1,20,0.00188860565995814,TRUE,778.410774469376,0.000727415084838867
1824,4000,608,-0.0336989950101642,0.0328721400422904,0.0328174785464813,-0.0981283894930533,0.0307303994727249,1,8,0.000362759748572577,FALSE,1248.64861655235,0.000247478485107422
1827,4000,609,-0.043859304959841,0.0332614732514819,0.0330411867123731,-0.109051792532746,0.0213331826130636,1,20,0.0098707485172144,TRUE,724.733571052551,0.000134706497192383
180,4000,60,-0.0594614032061945,0.0337649631708763,0.0337405833053822,-0.125640731021112,0.00671792460872292,1,13,7.40690155020624e-05,FALSE,709.410837173462,0.000140905380249023
1830,4000,610,-0.00431548514637115,0.0350028277803814,0.0348324207342182,-0.0729210275959188,0.0642900573031765,1,19,0.000153613247151317,FALSE,704.858669996262,0.00031733512878418
1833,4000,611,0.0313126344274512,0.0336709132160577,0.0330321043270978,-0.0346823554760219,0.0973076243309244,1,13,2.89814695054549e-05,FALSE,943.999444007874,0.000214338302612305
1836,4000,612,0.0153427919839632,0.0343284948655286,0.0349924824182028,-0.0519410579524729,0.0826266419203992,1,1,0.00246798404334785,TRUE,869.582288742065,0.000220060348510742
1839,4000,613,-0.0469678225867518,0.0343874595169202,0.0333114711869226,-0.114367243239915,0.0204315980664119,1,15,0.000240361387238566,FALSE,1328.48452758789,0.000296115875244141
1842,4000,614,0.0528351653458921,0.0330589567865231,0.0337889035125336,-0.0119603899556933,0.117630720647477,1,11,0.000107460455228196,FALSE,973.858029603958,0.000209569931030273
1845,4000,615,0.0423144347198928,0.0340418337379654,0.0339683527069149,-0.0244075594065194,0.109036428846305,1,20,1.59773783420788e-05,TRUE,864.262458324432,0.000264167785644531
1848,4000,616,-0.0177883404207066,0.0324747534497229,0.0332189881647996,-0.0814388571821635,0.0458621763407502,1,13,5.68317876927573e-05,FALSE,968.91756105423,0.000269174575805664
1851,4000,617,0.0153468084798674,0.0332685582430821,0.0331564956092604,-0.0498595656765736,0.0805531826363083,1,15,0.000100852315328254,FALSE,490.244322061539,0.000248908996582031
1854,4000,618,0.0289285374635039,0.0333597240636955,0.0335056513121257,-0.0364565217013394,0.0943135966283472,1,4,5.86323453028396e-06,FALSE,872.871627569199,0.000198841094970703
1857,4000,619,0.00720451772023534,0.0344785042763048,0.0344875334493263,-0.0603733506613221,0.0747823861017927,1,14,3.45963609786636e-05,FALSE,678.573722839355,0.000135898590087891
183,4000,61,0.0362622125663816,0.0337708999792259,0.0337216768383008,-0.0299287513929012,0.102453176525664,1,11,4.18957765488708e-05,FALSE,548.718024969101,0.000162363052368164
1860,4000,620,0.00113183206284284,0.034115972787852,0.0338761695526351,-0.0657354746013471,0.0679991387270327,1,20,0.00263132473669751,TRUE,872.298721790314,0.000229358673095703
1863,4000,621,0.00305563580185675,0.0336324910528314,0.033890612739099,-0.0628640466616928,0.0689753182654063,1,10,0.000105191289010935,FALSE,670.196320533752,0.000168800354003906
1866,4000,622,0.0328838459692388,0.0341338669578641,0.0344740563609811,-0.0340185332681749,0.0997862252066525,1,7,0.000135523398839179,FALSE,859.535826921463,0.000438213348388672
1869,4000,623,-0.0383728101926839,0.0330232076725131,0.0324938183505222,-0.10309829723081,0.0263526768454418,1,20,0.000127542904703826,TRUE,699.131802797318,0.000195026397705078
1872,4000,624,-0.016047177509699,0.0335806766688379,0.0330585377279633,-0.0818653037806213,0.0497709487612233,1,17,0.000214214549964437,FALSE,870.771720409393,0.000214815139770508
1875,4000,625,0.00227067256571734,0.033270587951548,0.0339273806347608,-0.0629396798193168,0.0674810249507514,1,6,0.000120253657941807,FALSE,553.546071052551,0.000135660171508789
1878,4000,626,-0.000684026859377074,0.0331427360656514,0.0324896778043854,-0.0656437895480539,0.0642757358292998,1,11,0.000164106515970217,FALSE,1145.66200757027,0.000311613082885742
1881,4000,627,0.0314830143755273,0.0338402122028859,0.0341710233833161,-0.0348438015421291,0.0978098302931836,1,15,4.45973684204335e-06,FALSE,731.705256462097,0.000200986862182617
1884,4000,628,0.0295524100138274,0.0330323820154933,0.0333674809937292,-0.0351910587365395,0.0942958787641942,1,5,5.93419037462789e-05,FALSE,735.550127744675,0.000204801559448242
1887,4000,629,-0.0135512126094653,0.0334892180235034,0.0339657098258836,-0.079190079935532,0.0520876547166013,1,4,0.000407932206208956,FALSE,736.437213897705,0.0001983642578125
186,4000,62,-0.0183415443314057,0.0343375073107963,0.0329829090188646,-0.0856430586605664,0.048959969997755,1,20,0.000220941412977812,TRUE,739.085848808289,0.00018763542175293
1890,4000,630,0.0758158280370504,0.0343565904668827,0.0340523269420205,0.0084769107219604,0.143154745352141,0,20,0.00249186135160461,TRUE,760.603668928146,0.000272512435913086
1893,4000,631,0.0365851087363853,0.0326276297262615,0.0334489443973743,-0.0273650455270873,0.100535262999858,1,11,0.000150240798827064,FALSE,835.594651699066,0.000270366668701172
1896,4000,632,-0.0148470104116694,0.0337775286935785,0.033497623054538,-0.0810509666510833,0.0513569458277446,1,18,0.000222835162308638,FALSE,580.828587532043,0.000206232070922852
1899,4000,633,0.0291152278693525,0.0348009847388075,0.0341303669761419,-0.0390947022187102,0.0973251579574152,1,14,0.000272524317876281,FALSE,458.599567174911,0.000230312347412109
1902,4000,634,-0.0236965818214822,0.0338625655588047,0.0337018498296874,-0.0900672103167394,0.0426740466737751,1,6,0.000379383432012265,FALSE,469.234418153763,0.000158309936523438
1905,4000,635,-0.0814184674105314,0.0335164574481372,0.0337105120428982,-0.14711072400888,-0.0157262108121824,0,4,0.000453612233304882,FALSE,955.220626831055,0.000268936157226562
1908,4000,636,-0.0264796013953998,0.0340498731648984,0.0343719001573936,-0.0932173527986008,0.0402581500078011,1,11,0.000136845696862954,FALSE,945.511135101318,0.000125646591186523
1911,4000,637,0.0178353590824842,0.0323082925443432,0.0330839329359315,-0.0454888943044285,0.081159612469397,1,7,0.000156981742818184,FALSE,955.847289085388,0.00015711784362793
1914,4000,638,0.00219409428023276,0.0337870936750794,0.0337777798863102,-0.0640286093229229,0.0684167978833884,1,7,0.0002191869445315,FALSE,820.970336914062,0.000198841094970703
1917,4000,639,0.0100843085432796,0.0336041729853372,0.0330561142997089,-0.0557798705079814,0.0759484875945405,1,20,0.000716619966925318,TRUE,493.828554391861,0.000133514404296875
189,4000,63,0.0181847113061879,0.0330899130334913,0.0327987393626776,-0.046671518239455,0.0830409408518309,1,13,0.000208865258470975,FALSE,582.301803350449,0.000332832336425781
1920,4000,640,-0.00979015809248551,0.0336087650777228,0.0329695555016007,-0.0756633376448222,0.0560830214598512,1,20,0.000243236504178402,TRUE,1441.19080662727,0.000153064727783203
1923,4000,641,0.0274159458039995,0.0340996996675888,0.0334796742670927,-0.0394194655444745,0.0942513571524736,1,12,4.94989324298637e-06,FALSE,778.712928056717,0.00017237663269043
1926,4000,642,-0.00338635979631752,0.0334649972618309,0.0335386583839348,-0.0689777544295062,0.0622050348368711,1,12,7.99833730133764e-05,FALSE,775.492547988892,0.000146627426147461
1929,4000,643,0.0288367601801317,0.0338123972140715,0.034352788910009,-0.0374355383594484,0.0951090587197118,1,13,0.000361884621090614,FALSE,862.553913116455,0.000329971313476562
1932,4000,644,0.0399920300507584,0.0330936447633414,0.0337781758368234,-0.0248715136853908,0.104855573786908,1,1,4.33045968548988e-05,TRUE,637.292926311493,0.000170469284057617
1935,4000,645,-0.0330843706104642,0.0336443443575497,0.0343617750460476,-0.0990272855512617,0.0328585443303333,1,5,0.000423396321553945,FALSE,703.803429603577,0.0001068115234375
1938,4000,646,0.038537389369565,0.0348929415906469,0.0350405347989346,-0.0298527761481029,0.106927554887233,1,11,0.000160346295249631,FALSE,629.450357437134,0.000159502029418945
1941,4000,647,-0.0251852298024194,0.0336134014991597,0.0332861507393785,-0.0910674967407725,0.0406970371359336,1,16,8.67824423550033e-05,FALSE,957.35738825798,0.000221014022827148
1944,4000,648,-0.0035888149102401,0.0326966666062744,0.033219389360271,-0.067674281458538,0.0604966516380578,1,1,0.000168726098037296,TRUE,790.428427457809,0.000216245651245117
1947,4000,649,0.0292674091127332,0.0343247499971627,0.0338388828493083,-0.0380091008817058,0.0965439191071721,1,12,6.78395161026279e-05,FALSE,771.569261074066,0.000286340713500977
192,4000,64,-0.0259423337632166,0.0331478741430273,0.0335007341774434,-0.0909121670835502,0.0390274995571169,1,1,0.000190461823753131,TRUE,502.292399168015,0.000221729278564453
1950,4000,650,0.0357172371405293,0.0339225960806593,0.0337929424695488,-0.0307710511775629,0.102205525458622,1,20,0.00288698284642411,TRUE,983.103638887405,0.000226259231567383
1953,4000,651,-0.0704079768353834,0.033702727409085,0.0329699084696921,-0.13646532255719,-0.0043506311135767,0,20,0.00200486962496506,TRUE,855.152117490768,0.000213384628295898
1956,4000,652,0.0338274819964873,0.032619568276788,0.0337926163762489,-0.0301068718260172,0.0977618358189919,1,12,6.26944823042303e-05,FALSE,903.028830051422,0.000300884246826172
1959,4000,653,0.0145065841296583,0.0335801069702503,0.0342650640399342,-0.0513104255320322,0.0803235937913489,1,5,0.000362714400953532,FALSE,811.163334369659,0.000275373458862305
1962,4000,654,0.00821569915666043,0.0337750075801082,0.0337118444072204,-0.0579833157003517,0.0744147140136726,1,9,0.000374064045776765,FALSE,1018.56522774696,0.000250816345214844
1965,4000,655,0.0592763515592877,0.0337331291586219,0.0345907749177012,-0.00684058159161122,0.125393284710187,1,9,1.30439646963787e-05,FALSE,837.587859153748,0.000191926956176758
1968,4000,656,0.00769523933375726,0.033806139880056,0.0341877941970661,-0.0585647948311525,0.073955273498667,1,8,2.72600948302671e-05,FALSE,694.02815580368,0.000136852264404297
1971,4000,657,0.028599557857601,0.0344911931176204,0.0338615404591579,-0.0390031806529349,0.096202296368137,1,20,0.00254501255370368,TRUE,539.599227905273,0.000200510025024414
1974,4000,658,0.022363199842355,0.0344246975387577,0.0334500934996296,-0.0451092073336101,0.0898356070183202,1,20,0.00663836942332679,TRUE,1149.30793190002,0.000226736068725586
1977,4000,659,0.0139271654752802,0.0336038372882214,0.0334553108545666,-0.0519363556096338,0.0797906865601941,1,12,0.000118847522195905,FALSE,1135.01192784309,0.000335454940795898
195,4000,65,0.0474899478471617,0.0335505891747242,0.0349360050941113,-0.0182692069352978,0.113249102629621,1,5,0.000361688623918764,FALSE,999.20870423317,0.000416040420532227
1980,4000,660,-0.0153826702599298,0.0336186236431461,0.0336984394195486,-0.081275172600496,0.0505098320806365,1,8,0.000245351942805498,FALSE,788.893584489822,0.000180959701538086
1983,4000,661,-0.0434357449274309,0.0338863797270294,0.0334255015586723,-0.109853049192409,0.0229815593375469,1,5,0.000343569071940731,FALSE,607.559955120087,0.000144481658935547
1986,4000,662,0.0261179603388608,0.0343300786521427,0.033871038342783,-0.0411689938193389,0.0934049144970606,1,8,0.000372769711025419,FALSE,872.503273248672,0.000308752059936523
1989,4000,663,0.014270573237448,0.0350817365217151,0.0348837914990694,-0.0544896303451136,0.0830307768200095,1,9,0.00018685261082878,FALSE,801.969346523285,0.000271797180175781
1992,4000,664,0.00335357377801615,0.0330715329333697,0.0336319631433084,-0.0614666307713884,0.0681737783274207,1,1,0.00305280300055472,TRUE,534.493328809738,0.000136375427246094
1995,4000,665,-0.00205172427844258,0.0326501308174491,0.0335997646799446,-0.0660459806806428,0.0619425321237577,1,1,0.00370646666738195,TRUE,563.216635465622,0.000235319137573242
1998,4000,666,-0.0110959344595779,0.0334971585811978,0.0327911376073228,-0.0767503652787257,0.0545584963595698,1,15,5.90053552005548e-05,FALSE,634.553007364273,0.000164985656738281
2001,4000,667,0.00302867970795162,0.0346750721173559,0.0346283066014473,-0.0649344616420659,0.0709918210579692,1,19,0.000209972733805356,FALSE,1129.25938081741,0.000217199325561523
2004,4000,668,-0.0214125927717999,0.0343198521650211,0.0335186894071935,-0.0886795030152412,0.0458543174716415,1,20,0.00222393573316195,TRUE,1029.50374865532,0.000239133834838867
2007,4000,669,-0.00869032682611581,0.0336900653913194,0.0344554659390208,-0.0747228549931019,0.0573422013408703,1,20,0.000996447679030822,TRUE,732.271520376205,0.000292062759399414
198,4000,66,0.0332600583230449,0.033079794604671,0.0337736767398464,-0.0315763391021102,0.0980964557482,1,12,0.000259895683657896,FALSE,953.815462350845,0.000410795211791992
2010,4000,670,0.0496276245051549,0.0344789221898358,0.0334242130661281,-0.0179510629869232,0.117206311997233,1,18,4.96883783349779e-05,FALSE,557.092985153198,0.000145196914672852
2013,4000,671,0.021224372816544,0.033886575349157,0.0336486493700872,-0.0451933148678038,0.0876420605008918,1,17,0.000200447518732667,FALSE,876.33092045784,0.000222921371459961
2016,4000,672,-0.01694123339124,0.0339535663080125,0.0345291764681215,-0.0834902233549445,0.0496077565724645,1,12,0.000167486825757397,FALSE,637.564807653427,0.000178813934326172
2019,4000,673,-0.0502137691871157,0.0332929855156418,0.0347727671664124,-0.115468020797774,0.0150404824235422,1,1,0.000119483507825021,TRUE,884.922628641129,0.000247955322265625
2022,4000,674,0.00989231098457144,0.0319496325515823,0.0331229608706279,-0.0527289688165299,0.0725135907856728,1,2,4.10449377383573e-06,FALSE,758.775943994522,0.000399351119995117
2025,4000,675,0.00096438830615253,0.0331496605287569,0.0337311409716442,-0.0640089463302111,0.0659377229425161,1,4,0.0102258024256218,FALSE,708.41441822052,0.000135421752929688
2028,4000,676,0.0357137101252507,0.032689347788928,0.0339390096103452,-0.0283574115410481,0.0997848317915495,1,2,0.000144767283252673,FALSE,498.230995416641,0.000195741653442383
2031,4000,677,0.00883475229848729,0.0334807194465986,0.0339767942341735,-0.0567874578168459,0.0744569624138205,1,1,0.00166080969687091,TRUE,1353.59175252914,0.000266313552856445
2034,4000,678,0.0595370443292319,0.0336455013633023,0.0343605820233778,-0.00640813834284053,0.125482227001304,1,4,0.00012056902610535,FALSE,785.084658384323,0.000265359878540039
2037,4000,679,-0.0181726037000095,0.0331135278873695,0.0333869687400973,-0.0830751183592537,0.0467299109592347,1,6,0.000132453285581966,FALSE,781.838515281677,0.00014805793762207
201,4000,67,0.020579189733291,0.033797190887656,0.0337536707591629,-0.0456633044065147,0.0868216838730967,1,14,0.000186406168306919,FALSE,787.13777422905,0.000174045562744141
2040,4000,680,0.00709592004088289,0.0344155287500092,0.0337099493310427,-0.0603585163091352,0.074550356390901,1,17,2.84800994808817e-05,FALSE,992.161401033401,0.000204563140869141
2043,4000,681,0.0180336623365481,0.0338943234383059,0.0342940830302473,-0.0483992116025314,0.0844665362756276,1,15,1.08982914541424e-05,FALSE,814.127701044083,0.000341653823852539
2046,4000,682,-0.0314545098676937,0.033121722793444,0.032820262398051,-0.0963730865428439,0.0334640668074565,1,14,0.000201772596896662,FALSE,760.983797311783,0.000144720077514648
2049,4000,683,0.0164416514719552,0.0347792734492717,0.0342490497007392,-0.0517257244886173,0.0846090274325277,1,20,0.00412650404534172,TRUE,582.43820977211,0.0001220703125
2052,4000,684,-0.0148328748927473,0.0348366606992464,0.0345101235608169,-0.0831127298632702,0.0534469800777755,1,20,7.4431545468544e-05,TRUE,912.38818359375,0.000204563140869141
2055,4000,685,0.0173814024851342,0.0335622616870385,0.0339616641457696,-0.0484006304214613,0.0831634353917297,1,20,0.001951244320847,TRUE,816.226302862167,0.000211477279663086
2058,4000,686,-0.00594655827201296,0.0343287729727984,0.0340586471444395,-0.0732309532986977,0.0613378367546718,1,20,0.000144764205558936,TRUE,594.536552667618,0.000152587890625
2061,4000,687,0.0229229452245324,0.0326819608706109,0.0338274362779268,-0.041133698081865,0.0869795885309299,1,10,7.51564836891481e-06,FALSE,760.37344622612,0.000181674957275391
2064,4000,688,-0.0172095054372208,0.0326640823056885,0.0328604241739942,-0.0812311067563702,0.0468120958819286,1,13,7.05680856099751e-05,FALSE,749.193421363831,0.000257015228271484
2067,4000,689,0.00292423739059011,0.0348996163574473,0.0331180354990403,-0.0654790106700065,0.0713274854511868,1,20,0.00134127852196822,TRUE,744.584049463272,0.000274181365966797
204,4000,68,0.0575903624245674,0.0341560311872035,0.0328275869766845,-0.00935545870235141,0.124536183551486,1,20,0.00108145873478946,TRUE,991.569767475128,0.000455379486083984
2070,4000,690,-0.00574559119136531,0.0338275354206453,0.033322405948137,-0.07204756061583,0.0605563782330994,1,16,0.00014159735351439,FALSE,620.484352350235,0.000112533569335938
2073,4000,691,0.0282503119572067,0.0341107758888665,0.034286239576552,-0.0386068087849717,0.0951074326993851,1,11,0.000250006303704196,FALSE,886.979932785034,0.000442266464233398
2076,4000,692,-0.022006087110133,0.0330617205674734,0.0338122608334831,-0.0868070594223809,0.0427948852021149,1,4,9.11141856672679e-05,FALSE,1303.49705314636,0.000272035598754883
2079,4000,693,0.0122164774793123,0.0328284982440965,0.0337616719812862,-0.0521273790791169,0.0765603340377415,1,1,0.00368253055012411,TRUE,855.689958333969,0.000253677368164062
2082,4000,694,0.00399135428313657,0.033561008450689,0.0341470163976712,-0.0617882222802138,0.0697709308464869,1,20,0.00279962872859666,TRUE,1230.07167482376,0.000214576721191406
2085,4000,695,-0.00497725779150771,0.0345489827232176,0.0345806272982132,-0.0726932639290143,0.0627387483459989,1,17,0.00013263673781196,FALSE,778.94809627533,0.000670433044433594
2088,4000,696,-0.00350074915084542,0.0340270645861643,0.035048570309021,-0.0701937957397274,0.0631922974380366,1,20,0.00087298515431556,TRUE,1020.10018634796,0.000197172164916992
2091,4000,697,0.00848630529331207,0.0341368972365426,0.0338062848084991,-0.0584220132903115,0.0753946238769356,1,20,0.00327005094580291,TRUE,1198.26463961601,0.000257253646850586
2094,4000,698,-0.0232413727830016,0.0341649778444491,0.0347184810024464,-0.090204729358122,0.0437219837921187,1,20,0.000472649417414753,TRUE,999.453361749649,0.000319004058837891
2097,4000,699,0.0441264977596548,0.034724536012478,0.0343831949326358,-0.0239335928248021,0.112186588344112,1,20,0.00539367346750391,TRUE,1355.92195487022,0.00035548210144043
207,4000,69,-0.0126254735752511,0.0325932265222035,0.0338534892620248,-0.0765081975587699,0.0512572504082676,1,8,0.000158538365623185,FALSE,938.801768541336,0.000440120697021484
18,4000,6,-0.0239598632053477,0.0340321585300664,0.0337825726810979,-0.0906628939242779,0.0427431675135825,1,19,0.00165041659112198,FALSE,1711.42735075951,0.000187397003173828
2100,4000,700,-0.0103355073371275,0.034448008471898,0.0338095326028152,-0.0778536039420475,0.0571825892677925,1,20,0.00208246678970976,TRUE,1269.94423937798,0.000349760055541992
2103,4000,701,0.0332033173371746,0.0318801932124927,0.0330238738310501,-0.0292818613593111,0.0956884960336604,1,1,0.001462107033567,TRUE,1350.99483346939,0.000321865081787109
2106,4000,702,0.00106246772374963,0.0340060342328161,0.0340510688119017,-0.0655893593725699,0.0677142948200692,1,19,0.000178194830850066,FALSE,861.865407466888,0.000108003616333008
2109,4000,703,0.0510080068315401,0.0342418758579072,0.0337008521946721,-0.016106069849958,0.118122083513038,1,12,4.8452440045624e-05,FALSE,678.615112304688,0.000203371047973633
2112,4000,704,0.0107022864493274,0.0331623693929208,0.033522113195544,-0.0542959575607973,0.075700530459452,1,2,0.000293484621933983,FALSE,733.547602176666,0.000117063522338867
2115,4000,705,0.0317920073450358,0.0346026151592011,0.0341467185125537,-0.0360291183669983,0.09961313305707,1,20,0.00225217092742462,TRUE,877.970808744431,0.000214576721191406
2118,4000,706,-0.0295798065502981,0.0325123787454871,0.0330819898482573,-0.0933040688914528,0.0341444557908566,1,10,0.000321672880080194,FALSE,490.910846948624,0.00027775764465332
2121,4000,707,0.0471516793676876,0.0338283943046202,0.0341869703594024,-0.019151973469368,0.113455332204743,1,1,0.00160182909653686,TRUE,983.987202644348,0.000236988067626953
2124,4000,708,-0.0199340417904512,0.0327241319450995,0.0331531207620123,-0.0840733404028462,0.0442052568219438,1,18,8.20171407944854e-05,FALSE,522.90221452713,0.000114917755126953
2127,4000,709,-0.00824365874067223,0.033284607198942,0.033750443074334,-0.0734814888505986,0.0569941713692541,1,9,0.000363683035515284,FALSE,653.378396749496,0.000162601470947266
210,4000,70,-0.00877299886687199,0.0344635189520769,0.0337830400131745,-0.0763214960129427,0.0587754982791987,1,14,7.20988025934594e-05,FALSE,942.736292123795,0.00105643272399902
2130,4000,710,-0.0568692060967656,0.034317232957134,0.0342642919590148,-0.124130982692748,0.0103925704992171,1,20,2.51574684226212e-05,TRUE,1273.40546703339,0.000209331512451172
2133,4000,711,-0.0143210733852147,0.033313651808879,0.0326572722775483,-0.0796158309306176,0.0509736841601882,1,20,0.0028833367816627,TRUE,529.707095146179,0.0001678466796875
2136,4000,712,0.0444581972374607,0.0340522133592072,0.0340346657308946,-0.0222841409465853,0.111200535421507,1,20,0.000190434193462071,TRUE,1306.45855522156,0.00033116340637207
2139,4000,713,-0.0111667218903654,0.0332990356232508,0.0324774076944811,-0.076432831711937,0.0540993879312063,1,12,0.00028554371242295,FALSE,1228.14662432671,0.000451803207397461
2142,4000,714,-0.0162395971314051,0.0331863569661112,0.0328232510597724,-0.0812848567849831,0.0488056625221729,1,13,0.000149501457364082,FALSE,713.695405721664,0.000180244445800781
2145,4000,715,0.0100315910587835,0.0341774384083404,0.0340332863948434,-0.0569561882215637,0.0770193703391306,1,14,0.000240000105452789,FALSE,462.70747423172,0.000724554061889648
2148,4000,716,0.00306018925539209,0.033702865680795,0.0339490129808602,-0.0629974274789661,0.0691178059897503,1,9,0.000120342103807289,FALSE,1705.53463935852,0.000159025192260742
2151,4000,717,0.0257807101403291,0.0333781393049549,0.0340244985934071,-0.0396404428973824,0.0912018631780407,1,13,0.000172160782939335,FALSE,968.619294404984,0.000229358673095703
2154,4000,718,0.00941394111680716,0.034107845252992,0.0339437277576313,-0.0574374355790571,0.0762653178126714,1,17,3.63030811290986e-05,FALSE,812.475935459137,0.000131130218505859
2157,4000,719,0.0172136542439614,0.0339194422912509,0.0327382539050639,-0.0492684526468905,0.0836957611348132,1,20,0.0083269643169729,TRUE,693.741638422012,0.00019383430480957
213,4000,71,0.024237469936074,0.0338283427259238,0.0344639991430613,-0.0420660818067366,0.0905410216788847,1,2,0.00039286453017491,FALSE,715.130750656128,0.000208377838134766
2160,4000,720,0.0111122500112487,0.0342228841929782,0.0343097116031764,-0.0559646030069886,0.078189103029486,1,8,0.00016849300019554,FALSE,606.062920570374,0.000207662582397461
2163,4000,721,-0.0475047381979448,0.032117960782055,0.0324081060914146,-0.110455941330773,0.0154464649348831,1,20,4.46629528731327e-06,TRUE,866.375720500946,0.000259160995483398
2166,4000,722,0.00375958756859296,0.0333806998466248,0.0342964048225886,-0.0616665841307916,0.0691857592679775,1,1,0.00275855889394761,TRUE,916.818735837936,0.000442981719970703
2169,4000,723,-0.0232305011661439,0.033111767678556,0.0336108810925932,-0.0881295658161136,0.0416685634838258,1,14,0.000184442254014898,FALSE,869.424741983414,0.000152111053466797
2172,4000,724,0.0238572675303818,0.0349919118117778,0.0338537617418581,-0.0447268796207027,0.0924414146814662,1,16,3.81404120626568e-06,FALSE,831.666778564453,0.000181198120117188
2175,4000,725,-0.039779961249258,0.0338870817528936,0.0335842698664954,-0.106198641484929,0.0266387189864135,1,16,0.000127170708914703,FALSE,889.322522878647,0.00021052360534668
2178,4000,726,-0.00587731315806006,0.0332376355970967,0.0337008877441725,-0.0710230789283696,0.0592684526122494,1,12,4.67487290670959e-05,FALSE,1520.23122954369,0.000945329666137695
2181,4000,727,0.00498737223258838,0.0324330558902948,0.0329850635824027,-0.0585814173123895,0.0685561617775663,1,4,0.000300450015899862,FALSE,1079.99398636818,0.000345230102539062
2184,4000,728,0.0308566268517275,0.0335144729209922,0.0334592174378947,-0.0348317400734172,0.0965449937768722,1,10,0.000108752314977477,FALSE,475.634655237198,0.00096440315246582
2187,4000,729,0.0100860995552908,0.0334077948795562,0.0338585168927428,-0.0553931784086393,0.0755653775192209,1,20,0.000367008610012976,TRUE,845.582659006119,0.000411033630371094
216,4000,72,-0.0135547921397438,0.0332144320057319,0.0339537696900358,-0.0786550788709782,0.0515454945914907,1,4,0.000231585357905543,FALSE,706.386477947235,0.000193119049072266
2190,4000,730,-0.0573346902422096,0.0331892687101091,0.033695851177739,-0.122385656914023,0.00771627642960422,1,11,0.000105789870251523,FALSE,1051.12879037857,0.000224828720092773
2193,4000,731,0.0054660304145856,0.0345143889294059,0.0339741518053793,-0.0621821718870499,0.0731142327162211,1,17,6.96902561814634e-05,FALSE,1044.2505209446,0.000370264053344727
2196,4000,732,-0.0211558978858284,0.0336185413734357,0.0341258261352396,-0.0870482389777624,0.0447364432061056,1,1,0.00484721417189787,TRUE,580.216372251511,0.000577926635742188
2199,4000,733,0.03861645326481,0.0332993408561017,0.033355300640084,-0.0266502548131492,0.103883161342769,1,2,0.000245775925854325,FALSE,775.572315692902,0.000287294387817383
2202,4000,734,-0.0267817990112583,0.0337281025422213,0.0334662256319779,-0.0928888799940121,0.0393252819714955,1,11,0.000278428089292586,FALSE,538.831243515015,0.000267982482910156
2205,4000,735,0.01747916849694,0.034305635141491,0.0339748194600595,-0.0497598763803824,0.0847182133742623,1,17,0.000194473379249537,FALSE,682.754924058914,0.00017857551574707
2208,4000,736,0.0371327461484159,0.0346489459036421,0.0332845379730944,-0.0307791878227226,0.105044680119554,1,20,0.000175194981671732,TRUE,1493.28172779083,0.00017547607421875
2211,4000,737,-0.00785486773167421,0.0343438889366511,0.0335165656904161,-0.0751688900475103,0.0594591545841619,1,8,6.61182135346875e-05,FALSE,986.146041631699,0.000285625457763672
2214,4000,738,0.0215369627735521,0.0328896613183704,0.0334656763176528,-0.0429267734104539,0.0860006989575581,1,7,0.000191724250277655,FALSE,889.289567232132,0.000208854675292969
2217,4000,739,0.0567112511021045,0.034276119554821,0.0330165062181777,-0.0104699432253446,0.123892445429554,1,17,0.00023631191006488,FALSE,702.297756433487,0.000333309173583984
219,4000,73,0.034348492213957,0.0336090043347839,0.0339320726931409,-0.0315251562822196,0.100222140710134,1,20,0.00144325311272367,TRUE,663.457544803619,0.000391244888305664
2220,4000,740,0.0600992849350335,0.032888108546448,0.0337038817927229,-0.00436140781600461,0.124559977686072,1,4,0.00172471255056032,FALSE,554.792690992355,0.000213384628295898
2223,4000,741,0.0212563131226586,0.03307011849123,0.0335385037187993,-0.0435611191201522,0.0860737453654695,1,15,5.11373653982895e-05,FALSE,870.589688301086,0.000250339508056641
2226,4000,742,0.0768697778743526,0.0333150936812079,0.0338896749428947,0.0115721942591852,0.14216736148952,0,1,0.00412155999587402,TRUE,567.488402843475,0.000168800354003906
2229,4000,743,0.0163123542018688,0.032570329106618,0.0329484272817955,-0.0475254908471025,0.0801501992508402,1,7,0.00015763341084785,FALSE,459.613066673279,0.000150918960571289
2232,4000,744,0.0421800268690777,0.0343689437313508,0.0332298177671165,-0.0251831028443698,0.109543156582525,1,19,0.000176900706812265,FALSE,717.144893884659,0.000170230865478516
2235,4000,745,-0.00469475524999852,0.0327626707509413,0.0334829517473029,-0.0689095899218435,0.0595200794218464,1,1,0.00111401268294517,TRUE,1421.62070322037,0.000364065170288086
2238,4000,746,0.0297767059330514,0.0334883390353936,0.0345515766857587,-0.0358604385763201,0.0954138504424229,1,13,8.35431088018689e-05,FALSE,888.982204675674,0.000257492065429688
2241,4000,747,-0.0579292053031606,0.0337342253213624,0.0340026169107508,-0.124048286933031,0.00818987632670976,1,11,0.000233551489505136,FALSE,1148.19991183281,0.000412225723266602
2244,4000,748,0.0332701768916152,0.0337042803723729,0.0342129724313296,-0.0327902126382358,0.0993305664214661,1,1,0.000482588741658084,TRUE,894.934848546982,0.000221490859985352
2247,4000,749,0.0417826301221641,0.0328014286430945,0.0335915622924646,-0.0225081700183012,0.106073430262629,1,1,0.00514560959561953,TRUE,1258.55476856232,0.000131368637084961
222,4000,74,0.0114694661795736,0.0332071671659013,0.0337346572426561,-0.053616581465593,0.0765555138247401,1,5,0.000212142806568948,FALSE,562.536608219147,0.00057530403137207
2250,4000,750,-0.0141078561455259,0.0353336179320397,0.0335387589097588,-0.0833617472923237,0.0551460350012719,1,20,0.000815258882124572,TRUE,1538.55793118477,0.000182390213012695
2253,4000,751,0.0121167701360334,0.0330229496728763,0.0328143499776669,-0.0526082112228042,0.076841751494871,1,1,0.000228783987676503,TRUE,1439.97176122665,0.000475883483886719
2256,4000,752,-0.0430156309391246,0.0343986515541581,0.0336740175185625,-0.110436987985275,0.0244057261070253,1,20,0.00439719431891817,TRUE,1273.01561641693,0.000213146209716797
2259,4000,753,-0.00268510520515308,0.0338967975647036,0.034205354576589,-0.0691228284319721,0.0637526180216659,1,13,4.56931213133404e-05,FALSE,711.342177391052,0.000119924545288086
2262,4000,754,-0.0208506969438569,0.0348777188961006,0.0344094082492338,-0.0892110259802141,0.0475096320925003,1,20,2.70836652236326e-05,TRUE,820.5918841362,0.000217437744140625
2265,4000,755,-0.0383814155916491,0.0330291577713232,0.0332117592258327,-0.103118564823443,0.0263557336401445,1,10,9.40430229124131e-05,FALSE,802.982091903687,0.00025486946105957
2268,4000,756,-0.0365409274344735,0.0328128912572101,0.033302297430479,-0.100854194298605,0.0277723394296584,1,15,0.000180859577036095,FALSE,816.143391132355,0.000196933746337891
2271,4000,757,-0.0245846941186034,0.033658324377865,0.033623275425163,-0.0905550098992187,0.0413856216620119,1,2,0.000331155787670827,FALSE,540.711765766144,0.000228404998779297
2274,4000,758,0.00607669472061068,0.033674061143775,0.0338673538458215,-0.0599244651211884,0.0720778545624098,1,16,0.000115178679452794,FALSE,1238.2747759819,0.000460624694824219
2277,4000,759,0.0149806240712742,0.0325115863296699,0.0337434945494632,-0.0487420851348788,0.0787033332774272,1,4,0.000338533216653097,FALSE,685.74428486824,0.000403404235839844
225,4000,75,-0.000314494668145926,0.0333478258883293,0.0338624299852795,-0.0656762334092714,0.0650472440729796,1,12,0.000271556153783093,FALSE,521.132037878036,0.000174760818481445
2280,4000,760,-0.0327614168875699,0.0332173186040243,0.0336360659063504,-0.0978673613514575,0.0323445275763176,1,12,8.79114032777732e-05,FALSE,547.285079717636,0.000189781188964844
2283,4000,761,-0.0157702730654482,0.0329554183275644,0.033377582831009,-0.0803628929874745,0.0488223468565781,1,7,0.000338092365424743,FALSE,866.513612985611,0.000217676162719727
2286,4000,762,0.065452263913127,0.0351552010133129,0.0336392394931993,-0.00345193007296629,0.13435645789922,1,16,0.000180790806309654,FALSE,924.089913129807,0.000215291976928711
2289,4000,763,0.0460683305983723,0.0323097309118943,0.0325105197727733,-0.0172587419889405,0.109395403185685,1,3,0.000184256369507192,FALSE,875.823520421982,0.000274658203125
2292,4000,764,-0.00505930308906821,0.0331379057771207,0.0331669532744065,-0.0700095984122247,0.0598909922340883,1,14,0.000251736025440322,FALSE,731.935864448547,0.000323772430419922
2295,4000,765,0.0264648704128334,0.032733026038965,0.0334048555884429,-0.0376918606235379,0.0906216014492047,1,14,0.000295550286515413,FALSE,521.033077478409,0.000200748443603516
2298,4000,766,0.0230369262611736,0.0322940751015849,0.0337240719233756,-0.0402594609379328,0.0863333134602799,1,2,0.000137292037816329,FALSE,559.498610973358,0.000208377838134766
2301,4000,767,0.0588235565227836,0.0332956233384374,0.0336580223731781,-0.00643586522055364,0.124082978266121,1,11,0.000218993282499668,FALSE,653.02677321434,0.000143289566040039
2304,4000,768,0.0313672694213074,0.0335593918445874,0.0336813987431993,-0.034409138594084,0.0971436774366988,1,11,0.00602705131339122,FALSE,1530.33486104012,0.000284910202026367
2307,4000,769,0.0550387304283853,0.033787317912589,0.0337354108960644,-0.0111844126802891,0.12126187353706,1,13,0.00036075559260804,FALSE,889.179103374481,0.000215530395507812
228,4000,76,-0.0181838048345468,0.0342259187540666,0.0344087519135349,-0.0852666055925173,0.0488989959234237,1,12,0.000174277805216773,FALSE,598.290634870529,0.000164031982421875
2310,4000,770,0.048407174444049,0.033659791963223,0.0340825498386733,-0.0175660178038682,0.114380366691966,1,10,3.8414610573471e-06,FALSE,563.040060520172,0.000211477279663086
2313,4000,771,-0.0245500299264674,0.03238084167731,0.0330613284790392,-0.088016479613995,0.0389164197610603,1,9,7.33585531592451e-06,FALSE,832.783124446869,0.000178098678588867
2316,4000,772,0.00190300219475481,0.0336642773771822,0.0336306015504852,-0.0640789814645224,0.067884985854032,1,3,1.56280128423616e-05,FALSE,505.208692073822,0.000562667846679688
2319,4000,773,0.0220946850578745,0.0336805032536095,0.033405157898257,-0.0439191013192001,0.088108471434949,1,6,0.000383073187180423,FALSE,498.355451583862,0.000284910202026367
2322,4000,774,0.0403600553554566,0.0328690348682496,0.0333450386633844,-0.0240632529863126,0.104783363697226,1,16,4.93253806535978e-05,FALSE,886.926206111908,0.000221729278564453
2325,4000,775,0.00531389986372444,0.0344762752027792,0.0348986895550978,-0.0622595995337227,0.0728873992611716,1,12,0.000386861187931163,FALSE,999.053929805756,0.000219106674194336
2328,4000,776,0.0226226333523474,0.0350040870958693,0.0335777196578113,-0.0459853773555565,0.0912306440602512,1,16,0.00016917400809637,FALSE,714.740535736084,0.000226497650146484
2331,4000,777,0.0175857095388714,0.0335529259525132,0.0334766101985104,-0.0481780253280544,0.0833494444057972,1,20,0.00482371604489515,TRUE,899.330957174301,0.000222921371459961
2334,4000,778,0.0043378018186162,0.0324465262098354,0.0333913786850382,-0.0592573895526612,0.0679329931898936,1,10,0.000242917098314265,FALSE,1365.19747757912,0.000161170959472656
2337,4000,779,-0.0142922129056664,0.0334496057794887,0.0326787439875583,-0.0798534402334643,0.0512690144221315,1,10,0.000186234996440786,FALSE,488.215711355209,0.000224828720092773
231,4000,77,-0.0244624253849781,0.0328971713580643,0.033628270206434,-0.0889408812467842,0.040016030476828,1,1,2.70645105196161e-05,TRUE,571.485147476196,0.000252008438110352
2340,4000,780,-0.0100197781792625,0.0343702811320191,0.0330660671643164,-0.07738552919802,0.057345972839495,1,20,0.00285581662450842,TRUE,496.833787918091,0.000212192535400391
2343,4000,781,0.0406580298823226,0.0326974469531618,0.0336579948627228,-0.0234289661458745,0.10474502591052,1,9,0.000181296283176128,FALSE,999.381633758545,0.000226736068725586
2346,4000,782,0.0124835135079522,0.0332015689755002,0.0334686228489384,-0.0525915616840281,0.0775585886999325,1,16,0.000198365539980223,FALSE,580.858963012695,0.000103473663330078
2349,4000,783,-0.041637644437759,0.0339800986718892,0.0342403645511633,-0.108238637834662,0.0249633489591438,1,15,0.000166876108956408,FALSE,1179.08402490616,0.000176906585693359
2352,4000,784,-0.0704291906597585,0.0334099869290917,0.0331977907834302,-0.135912765040778,-0.00494561627873873,0,11,0.000379338899911028,FALSE,767.982349634171,0.000209331512451172
2355,4000,785,-0.0207355866908243,0.0334770121950935,0.0335096145200885,-0.0863505305932075,0.0448793572115589,1,10,0.000508817429647299,FALSE,838.547049045563,0.000234603881835938
2358,4000,786,0.00234497505387377,0.0344500817041487,0.0338050470510214,-0.0651771850862576,0.0698671351940051,1,20,0.00609917093467785,TRUE,555.330356359482,0.000221490859985352
2361,4000,787,0.03031650585058,0.033890056331826,0.0339595796958316,-0.036108004559799,0.096741016260959,1,20,0.00093622230995755,TRUE,737.872943401337,0.000135898590087891
2364,4000,788,-0.0346265514117876,0.0343684164913394,0.0337564554624522,-0.101988647734813,0.0327355449112375,1,15,0.000168190316986042,FALSE,768.683360099792,0.000132083892822266
2367,4000,789,0.0131118742796261,0.0324679257571015,0.0333250722504085,-0.0505252602042929,0.0767490087635452,1,1,0.00137922501109692,TRUE,586.956322193146,0.000133514404296875
234,4000,78,-0.0469088994603579,0.034728251058203,0.0336778163897224,-0.114976271534436,0.02115847261372,1,20,0.00263111562067785,TRUE,757.691270112991,0.000198125839233398
2370,4000,790,0.0115571214910337,0.0330280309208581,0.0332019040195019,-0.0531778191138482,0.0762920620959156,1,5,8.91643571915188e-05,FALSE,696.254338979721,0.000191688537597656
2373,4000,791,0.00559323178719595,0.0332121907785638,0.0335667470859169,-0.0595026621387891,0.070689125713181,1,20,8.67208374766635e-05,TRUE,869.505418777466,0.000125646591186523
2376,4000,792,0.0116864696087293,0.0327359261542357,0.0335924420654188,-0.0524759456535727,0.0758488848710314,1,7,0.000141965384683484,FALSE,535.028126001358,0.000203847885131836
2379,4000,793,-0.00636453737632436,0.0340134432715645,0.0333567969668375,-0.0730308861885907,0.060301811435942,1,20,0.00113402159520786,TRUE,811.983165979385,0.000153064727783203
2382,4000,794,0.0256651104379173,0.033588420155047,0.033812972764116,-0.0401681930659747,0.0914984139418093,1,9,0.000243844407750884,FALSE,906.244253158569,0.000144720077514648
2385,4000,795,-0.00663606931898775,0.0325127507264184,0.0328434733467685,-0.0703610607427678,0.0570889221047923,1,7,0.000322499442479104,FALSE,1004.38129758835,0.000253200531005859
2388,4000,796,0.0338054480097518,0.0333333721087063,0.033708242388163,-0.0315279613233125,0.0991388573428162,1,3,0.000117779137190165,FALSE,971.759541749954,0.000244617462158203
2391,4000,797,0.0258857570778259,0.0325215308688017,0.0329373180616992,-0.0378564434250255,0.0896279575806773,1,20,0.00311508510961243,TRUE,738.628607749939,0.00021052360534668
2394,4000,798,0.0468608818002361,0.0328857396719388,0.0332277571945895,-0.0175951679567641,0.111316931557236,1,1,0.00105689925076373,TRUE,1307.21490740776,0.000137567520141602
2397,4000,799,-0.0847308923776333,0.0331333035961088,0.0331714117255725,-0.149672167426007,-0.01978961732926,0,11,0.000125984412380698,FALSE,855.4041659832,0.00029301643371582
237,4000,79,0.0396975344100088,0.0325638856564238,0.032972357012652,-0.0241276814765819,0.103522750296599,1,5,0.000171490689152896,FALSE,640.359998941422,0.000108242034912109
21,4000,7,0.0231269321798582,0.033822681660642,0.0337199897764804,-0.0431655238750002,0.0894193882347165,1,11,0.000387498084920228,FALSE,866.236693620682,0.00020909309387207
2400,4000,800,0.0203455120435397,0.0337225596844277,0.0342582408084507,-0.0457507049379386,0.0864417290250181,1,8,0.000237746066784086,FALSE,1471.17678284645,0.000165700912475586
2403,4000,801,0.00651397716679036,0.0331101074405532,0.0334450210939269,-0.0583818334166939,0.0714097877502746,1,4,0.00030929538382027,FALSE,776.102832078934,0.000271320343017578
2406,4000,802,-0.0562872763504952,0.0332244453765882,0.0336361291408484,-0.121407189288608,0.00883263658761768,1,11,4.39118391421217e-05,FALSE,1104.62584805489,0.00042271614074707
2409,4000,803,-0.00823542677854161,0.0354600505411384,0.0339453099900699,-0.0777371258391729,0.0612662722820897,1,20,0.00540006666307231,TRUE,1362.16175365448,0.000333309173583984
2412,4000,804,-0.0253983966706838,0.0323726850268852,0.0332581748949805,-0.0888488593233787,0.0380520659820111,1,1,0.00313900239733756,TRUE,1204.66559100151,0.000475168228149414
2415,4000,805,-0.075494997742225,0.0332109796746087,0.0341439254641781,-0.140588517904458,-0.0104014775799919,0,17,0.000176219936422031,FALSE,807.42897439003,0.000270605087280273
2418,4000,806,0.0439938478806368,0.0341967618818432,0.0341833911681885,-0.0230318054077759,0.111019501169049,1,16,0.000157505321886367,FALSE,979.604274272919,0.000299692153930664
2421,4000,807,0.00796269811410433,0.033248994478015,0.0332426807394213,-0.0572053310628051,0.0731307272910138,1,13,5.69805052530025e-06,FALSE,651.808693170547,0.000169754028320312
2424,4000,808,0.0271598438987071,0.0341669246048152,0.0353565703892621,-0.0398073283267307,0.0941270161241448,1,1,0.000249998008004545,TRUE,616.9290766716,0.000170469284057617
2427,4000,809,0.0299337843967796,0.0337999587449318,0.032973973440693,-0.0363141347432867,0.0961817035368459,1,14,5.2813798409044e-05,FALSE,569.139531612396,0.000372409820556641
240,4000,80,0.0344338739875323,0.0346327368950868,0.0342620470285442,-0.0334462903268379,0.102314038301902,1,20,0.000277138368045762,TRUE,1290.25536990166,0.000236988067626953
2430,4000,810,0.0166971263071258,0.0346448211655021,0.035011899660198,-0.0512067231772583,0.0846009757915099,1,7,2.08450696138776e-05,FALSE,1261.69969081879,0.000423431396484375
2433,4000,811,0.0173193864625429,0.0334182664002006,0.0332737821295162,-0.0481804156818503,0.0828191886069362,1,20,0.00114695584806469,TRUE,751.431106090546,0.000199317932128906
2436,4000,812,0.0161769659055646,0.0345324286747248,0.0331378526737522,-0.0515065942968961,0.0838605261080253,1,15,0.000270985617743831,FALSE,985.677101373672,0.000223875045776367
2439,4000,813,-0.00283053480719242,0.0333595814441639,0.0339966391032183,-0.0682153144377537,0.0625542448233689,1,14,3.92615561939614e-06,FALSE,587.461913347244,0.000220060348510742
2442,4000,814,-0.0154011088995158,0.032582621334317,0.033183573904578,-0.0792630467147771,0.0484608289157454,1,2,0.00035205564687147,FALSE,725.736661672592,0.000194072723388672
2445,4000,815,-0.00271519375264706,0.033750794419394,0.0331816774437958,-0.0688667508146593,0.0634363633093652,1,12,0.000387415483922287,FALSE,981.097034692764,0.000242471694946289
2448,4000,816,0.0229959447217598,0.0333520814717225,0.0341632125182579,-0.0423741349628164,0.088366024406336,1,12,0.000144020785274505,FALSE,475.689289808273,0.000157356262207031
2451,4000,817,0.0169909731791498,0.0334059977952353,0.0336630117939415,-0.0484847824995114,0.082466728857811,1,18,3.70196151742342e-05,FALSE,998.08976483345,0.000237226486206055
2454,4000,818,0.0574943689567945,0.0354524764421532,0.0340628206592709,-0.0119924848698258,0.126981222783415,1,20,0.000203652656665348,TRUE,537.089702367783,0.000171899795532227
2457,4000,819,0.0216700902294837,0.0342848735100577,0.0331534937860722,-0.0455282618502293,0.0888684423091968,1,5,0.000280772812915936,FALSE,1382.73418712616,0.000374078750610352
243,4000,81,0.0361491331602896,0.0330304132278687,0.0343748188055305,-0.0285904767663331,0.100888743086912,1,1,0.00383418822796331,TRUE,481.62480711937,0.000238418579101562
2460,4000,820,-0.0233455490935912,0.0338356875665783,0.034209399325111,-0.0896634967240847,0.0429723985369023,1,15,0.000156877803532768,FALSE,651.885443210602,0.000167369842529297
2463,4000,821,-0.0101193806243414,0.0328599281866928,0.0330140223508256,-0.0745248398702592,0.0542860786215764,1,13,0.000230996916465087,FALSE,782.165555238724,0.00028681755065918
2466,4000,822,0.0779529016569506,0.0331065552987222,0.0340353366506944,0.0130640532714551,0.142841750042446,0,1,0.00605000149696165,TRUE,667.46749329567,0.000196695327758789
2469,4000,823,-5.91724477247979e-05,0.0340388070030102,0.0342536909305601,-0.0667752341736247,0.0666568892781751,1,15,2.26318244660642e-05,FALSE,533.365432739258,0.000233650207519531
2472,4000,824,-0.0010423998451895,0.0345375783841031,0.0342289549964464,-0.0687360534780316,0.0666512537876526,1,20,0.00221826797859037,TRUE,878.071944713593,0.00031590461730957
2475,4000,825,-0.0369922299053473,0.0344598871813587,0.0339769585783204,-0.10453360878081,0.0305491489701158,1,14,0.000133207471260079,FALSE,928.489197254181,0.000230550765991211
2478,4000,826,-0.0105077203155211,0.0353916763461024,0.034238676207463,-0.0798754059538818,0.0588599653228397,1,20,0.00349017194585658,TRUE,1523.64575815201,0.000181674957275391
2481,4000,827,0.0265989186138677,0.0336376083951653,0.033413598893455,-0.0393307938406564,0.0925286310683917,1,17,1.31016148932952e-05,FALSE,913.804312467575,0.000287055969238281
2484,4000,828,-0.0485822711798627,0.0325381358631098,0.0331946916994773,-0.112357017471558,0.0151924751118325,1,9,0.000234635562807453,FALSE,620.268934488297,0.000273466110229492
2487,4000,829,0.0533547419470677,0.0339970981218516,0.0337144054645831,-0.0132795703717614,0.119989054265897,1,14,0.000235972578666128,FALSE,473.545235157013,0.000510931015014648
246,4000,82,0.0118998068858351,0.0334713944059619,0.0338604439102309,-0.0537041261498501,0.0775037399215204,1,13,9.81553245969615e-05,FALSE,820.209520339966,0.000418901443481445
2490,4000,830,-0.0203861513943957,0.0341919606303701,0.0344601408583714,-0.0874023942299211,0.0466300914411297,1,11,0.000142008427406314,FALSE,1012.11131620407,0.000230550765991211
2493,4000,831,-0.0276447410533933,0.0345301937993166,0.0335543708249417,-0.0953239209000538,0.0400344387932672,1,20,0.00193537724643793,TRUE,788.829710960388,0.000269412994384766
2496,4000,832,0.00780870589772775,0.0341944066949103,0.0336593581825708,-0.0592123312242964,0.0748297430197519,1,14,0.000123605318207691,FALSE,565.332500696182,0.000189781188964844
2499,4000,833,0.0204390945757627,0.0333928024312043,0.0340099163698924,-0.0450107981893978,0.0858889873409231,1,15,0.000127723480751277,FALSE,898.883843898773,0.000406503677368164
2502,4000,834,-0.00789492107720668,0.0338225504639436,0.0340999938614034,-0.0741871199865362,0.0583972778321228,1,1,0.00656071511803187,TRUE,934.281744480133,0.000220537185668945
2505,4000,835,-0.0214556140348017,0.0337917352121796,0.0342800331024117,-0.0876874150506736,0.0447761869810702,1,11,0.000399037107500851,FALSE,657.148181676865,0.000273227691650391
2508,4000,836,0.0636060293374219,0.0328007707369136,0.0337942272815451,-0.000683481306928788,0.127895539981773,1,1,1.25465163766124e-05,TRUE,606.449774265289,0.000213384628295898
2511,4000,837,0.0193898174780073,0.0330779622718332,0.0341314110075281,-0.0454429885747859,0.0842226235308004,1,1,2.88655738833039e-05,TRUE,516.462217092514,0.000208377838134766
2514,4000,838,0.0165285264566492,0.0333518220089095,0.034223896982091,-0.0488410446808134,0.0818980975941117,1,11,3.32733158169075e-05,FALSE,554.01758480072,0.000219821929931641
2517,4000,839,0.0051490755570951,0.0341547811270303,0.0335759703150893,-0.0617942954518843,0.0720924465660745,1,16,0.000120087346270377,FALSE,911.698203325272,0.000230550765991211
249,4000,83,-0.026171463253271,0.0332956865602291,0.0333489880932837,-0.0914310089113201,0.0390880824047781,1,19,3.6127962875967e-05,FALSE,1123.44597816467,0.000196456909179688
2520,4000,840,0.00962931954896296,0.0329472102948062,0.0336994188285786,-0.0549472126288572,0.0742058517267831,1,5,0.000167989147704891,FALSE,430.256451845169,0.000178813934326172
2523,4000,841,0.021581475558101,0.0332095529787396,0.0339457795958337,-0.0435092482802287,0.0866721993964306,1,1,8.09092510387091e-05,TRUE,522.808991193771,0.000552654266357422
2526,4000,842,0.0133727305318656,0.0338076003655899,0.0332624351665109,-0.0528901661846906,0.0796356272484218,1,20,0.00773389807077502,TRUE,802.005889892578,0.000291585922241211
2529,4000,843,0.0236070454042187,0.0337983215772972,0.0336808213870479,-0.0426376648872838,0.0898517556957211,1,14,0.000169343436708913,FALSE,852.385676383972,0.000204563140869141
2532,4000,844,0.0240754585670589,0.0333893179171331,0.0329444086534443,-0.041367604550522,0.0895185216846399,1,17,1.49477884108138e-05,FALSE,597.834455490112,0.000401020050048828
2535,4000,845,-0.00701676763026027,0.0325042235221854,0.033020481301418,-0.0707250457337436,0.0566915104732231,1,1,5.98793667030263e-05,TRUE,583.923314809799,0.000248908996582031
2538,4000,846,0.0123093194842503,0.0340416179018801,0.0337707419964792,-0.0544122516034348,0.0790308905719354,1,20,0.0014717120296344,TRUE,818.702226400375,0.000257730484008789
2541,4000,847,-0.0135679829269177,0.033853911362531,0.0330064140304715,-0.0799216491974786,0.0527856833436431,1,19,3.30054836539108e-05,FALSE,1322.36103129387,0.000209808349609375
2544,4000,848,-0.0370650454089324,0.0324613950351943,0.0333033356957138,-0.100689379677913,0.0265592888600483,1,8,0.000169315786442729,FALSE,511.598189115524,0.000181913375854492
2547,4000,849,0.0781358035841936,0.032517966150314,0.033413021342231,0.0144005899295782,0.141871017238809,0,2,0.000236400167337859,FALSE,898.847580909729,0.000246524810791016
252,4000,84,0.005928210522126,0.0326370520696282,0.0332887434415156,-0.0580404115343453,0.0698968325785973,1,1,0.000284134262237,TRUE,625.561880111694,0.000346660614013672
2550,4000,850,0.0507473133239167,0.0350920616750059,0.0336916268239115,-0.0180331275590948,0.119527754206928,1,20,0.00229242452604151,TRUE,1001.58851671219,0.000441074371337891
2553,4000,851,-0.0823077903869235,0.0334991138928925,0.0337548905878052,-0.147966053616993,-0.0166495271568543,0,19,8.07360564514246e-05,FALSE,754.059018850327,0.000144481658935547
2556,4000,852,-0.0386573048150514,0.0319090055666622,0.0316841843972288,-0.101198955725709,0.0238843460956066,1,6,0.000222076666856397,FALSE,812.06281042099,0.000182390213012695
2559,4000,853,-0.0143391337439865,0.0337180407710234,0.0340631822066543,-0.0804264936551923,0.0517482261672193,1,14,7.44282429896208e-05,FALSE,1327.47184658051,0.000335454940795898
2562,4000,854,-0.0173800782403571,0.0342311553200705,0.0337933963098728,-0.0844731426676953,0.049712986186981,1,6,0.000172403477967894,FALSE,1423.56740474701,0.000804662704467773
2565,4000,855,-0.0040586838842025,0.0341911803596238,0.0341222183531269,-0.0710733973890651,0.0629560296206601,1,20,0.00201581492365995,TRUE,1222.8704431057,0.000248193740844727
2568,4000,856,0.0589987740849296,0.0341902608289615,0.0341522417727742,-0.00801413713983502,0.126011685309694,1,9,2.19405497163191e-05,FALSE,717.472237586975,0.000189304351806641
2571,4000,857,-0.0575377158853643,0.0338018724732272,0.0333706135429983,-0.12378938593289,0.00871395416216096,1,1,0.00138021719206152,TRUE,902.930890798569,0.000221729278564453
2574,4000,858,0.00620625226569738,0.0341257298400073,0.0336047933945571,-0.060680178220717,0.0730926827521117,1,1,0.00836667746640832,TRUE,871.920197248459,0.000222682952880859
2577,4000,859,0.0254389009581566,0.0327858775326853,0.0336068085424834,-0.0388214190059065,0.0896992209222197,1,9,0.000157933995358023,FALSE,1232.77456068993,0.000167608261108398
255,4000,85,-0.00446882753220623,0.0333728845540115,0.0333206167149289,-0.0698796812580688,0.0609420261936563,1,9,9.47970683311429e-05,FALSE,766.495182752609,0.000414133071899414
2580,4000,860,0.0436674951861833,0.0327318358655813,0.0330504891771128,-0.0204869031103561,0.107821893482723,1,8,0.000195324867217528,FALSE,1210.84692645073,0.000195503234863281
2583,4000,861,0.0168121010589568,0.0333050347706036,0.033748941224373,-0.0484657670914262,0.0820899692093398,1,5,0.000174389338272269,FALSE,949.055645704269,0.000216007232666016
2586,4000,862,-0.00615783904936995,0.0332906764929746,0.0338846901687505,-0.0714075649756002,0.0590918868768603,1,12,0.000106327746003092,FALSE,809.312250614166,0.000212430953979492
2589,4000,863,0.023523029115922,0.0340317950504013,0.0336897705852683,-0.0431792891828645,0.0902253474147084,1,20,0.00219404529605382,TRUE,796.426721096039,0.000231504440307617
2592,4000,864,0.0419620268378457,0.034229782335079,0.0338531560867493,-0.0251283465389093,0.109052400214601,1,1,0.00591474909866296,TRUE,1004.45145583153,0.000218629837036133
2595,4000,865,-0.0152981324804525,0.0338639113712708,0.0338958461764521,-0.0816713987681433,0.0510751338072382,1,10,5.43892378318446e-05,FALSE,862.11821603775,0.000277280807495117
2598,4000,866,-0.0623563450198075,0.0334312293489475,0.0336538952902668,-0.127881554543745,0.00316886450412965,1,9,0.000124260275416911,FALSE,721.562356948853,0.000281572341918945
2601,4000,867,-0.0312215032860621,0.0322528963048239,0.0329841268506066,-0.094437180043517,0.0319941734713928,1,1,0.00197404368629542,TRUE,788.981773138046,0.000274181365966797
2604,4000,868,0.0132178764630134,0.033401240449326,0.0341999569397664,-0.0522485548176654,0.0786843077436923,1,10,0.000262183291317873,FALSE,987.024636268616,0.000259160995483398
2607,4000,869,-0.00953749568885187,0.033023260926009,0.0333245460492539,-0.0742630871038294,0.0551880957261257,1,1,0.00963997820254459,TRUE,984.498343706131,0.000281095504760742
258,4000,86,0.0218850265628014,0.0330708502989093,0.0329091425904971,-0.0429338400230607,0.0867038931486636,1,17,0.00013587762836546,FALSE,641.662532091141,0.000279664993286133
2610,4000,870,-0.0602665894494204,0.0347280562781628,0.0333885806703583,-0.12833357975462,0.0078004008557787,1,20,0.00310106969504845,TRUE,681.625959873199,0.00019526481628418
2613,4000,871,-0.0283933212216064,0.033242780593514,0.0326200291407435,-0.0935491711848938,0.0367625287416809,1,9,0.00061990345569643,FALSE,596.276313066483,0.000157833099365234
2616,4000,872,0.0499546331877565,0.0333412116506732,0.0330841382358567,-0.015394141647563,0.115303408023076,1,8,8.05616416901434e-05,FALSE,907.611116409302,0.000236988067626953
2619,4000,873,0.0208621970063658,0.034567916775942,0.0346484809969965,-0.0468909198744805,0.0886153138872121,1,20,0.00158987058052742,TRUE,862.227969646454,0.000320196151733398
2622,4000,874,-0.0295329092826555,0.0347682299319554,0.0338731933806958,-0.0976786399492881,0.0386128213839771,1,18,0.000135700358053065,FALSE,603.08965420723,0.000209808349609375
2625,4000,875,-0.0389291523480864,0.0331378695819195,0.033134021126444,-0.103879376728649,0.0260210720324758,1,20,0.00467818817272073,TRUE,604.817077875137,0.000148773193359375
2628,4000,876,0.0274312219130453,0.0331729585487231,0.0340189111297745,-0.037587776842452,0.0924502206685425,1,1,6.31519964882162e-05,TRUE,516.363612413406,0.00011897087097168
2631,4000,877,0.0368439921609098,0.0329608580245797,0.0327147973777304,-0.0277592895672663,0.101447273889086,1,20,0.0028448571867285,TRUE,496.01784324646,0.000168800354003906
2634,4000,878,-0.0381934803904547,0.0324390791355911,0.0328155273774156,-0.101774075496213,0.0253871147153038,1,1,0.00232119493125869,TRUE,984.689185857773,0.000945806503295898
2637,4000,879,0.00124211353883008,0.0325888028120681,0.0325107410143457,-0.0626319399728234,0.0651161670504835,1,1,0.00200149949542632,TRUE,652.125650167465,0.000161886215209961
261,4000,87,0.0497680420745013,0.0337999036242087,0.0337424966876183,-0.0164797690289478,0.11601585317795,1,1,0.00477174614757622,TRUE,1390.36454176903,0.000862836837768555
2640,4000,880,-0.00793573945951853,0.0323241413686199,0.0334898837758848,-0.0712910565420136,0.0554195776229765,1,6,9.46001239792238e-07,FALSE,863.404295921326,0.000330448150634766
2643,4000,881,-0.0331112317617376,0.0332807578522531,0.0340881720972422,-0.0983415171521536,0.0321190536286785,1,6,0.000218033907616642,FALSE,645.260572195053,0.000168085098266602
2646,4000,882,-0.0501482708740228,0.0345358316595995,0.0342276201688457,-0.117838500926838,0.0175419591787922,1,20,0.00113427160991431,TRUE,929.999769210815,0.000319004058837891
2649,4000,883,0.0211920322917996,0.0332281196163215,0.0335127718856437,-0.0439350821561905,0.0863191467397896,1,20,0.00216033955037446,TRUE,917.805891036987,0.000193595886230469
2652,4000,884,0.00584147557643044,0.0331669484995208,0.0335047619504479,-0.0591657434826304,0.0708486946354913,1,5,0.000331930091002135,FALSE,917.408995866776,0.000227212905883789
2655,4000,885,0.0135831144621557,0.0332997692105058,0.0347805358824984,-0.0516844331904357,0.078850662114747,1,10,1.93050922133493e-05,FALSE,507.52180147171,0.000193357467651367
2658,4000,886,0.0086501205301055,0.0332105447966016,0.0336726213085819,-0.0564425472712336,0.0737427883314446,1,13,2.57080032325372e-05,FALSE,486.129133462906,0.000247001647949219
2661,4000,887,0.03028202009284,0.0335346553691384,0.0344752682851762,-0.0354459044306712,0.0960099446163512,1,10,0.000197288433860521,FALSE,694.998225688934,0.000187158584594727
2664,4000,888,-0.00224748302692479,0.0332121185125876,0.0338566269606912,-0.0673432353115964,0.0628482692577468,1,7,0.000207486958735558,FALSE,1035.43068218231,0.000216245651245117
2667,4000,889,-0.0180300269044533,0.0336182106797899,0.0331501661439266,-0.0839217198368415,0.0478616660279349,1,20,0.0036939259546976,TRUE,501.92112326622,0.000182867050170898
264,4000,88,-0.0298907435093562,0.0340911352948957,0.0350006028688132,-0.0967093686873517,0.0369278816686393,1,3,0.00029196651754634,FALSE,630.852183818817,0.000231742858886719
2670,4000,890,-0.00950286946040246,0.0334545848441323,0.0335653293721388,-0.0750738557549018,0.0560681168340969,1,20,0.000222100989676905,TRUE,642.261520147324,0.000206947326660156
2673,4000,891,0.0307861174895747,0.0339471461452565,0.0329317513877979,-0.035750288955128,0.0973225239342775,1,20,0.00668271196931763,TRUE,480.09493803978,0.000106334686279297
2676,4000,892,0.0140624928859256,0.0343598080882471,0.0342143462333278,-0.0532827309670387,0.08140771673889,1,5,7.44753420212119e-05,FALSE,1356.75872993469,0.00020599365234375
2679,4000,893,0.0364293454960434,0.0344011840591818,0.0333365236572382,-0.030996975259953,0.10385566625204,1,20,0.00102054716909029,TRUE,730.830587148666,0.000228643417358398
2682,4000,894,0.0530815062305908,0.0335558719707035,0.0332953275952062,-0.012688002831988,0.11885101529317,1,20,0.00022016894639733,TRUE,822.278869867325,0.000324249267578125
2685,4000,895,0.0384505525709258,0.0326806959179727,0.0334299844246918,-0.0256036114283008,0.102504716570152,1,8,0.000116223187496505,FALSE,953.035724639893,0.000213623046875
2688,4000,896,-0.0347634763514542,0.0347135733029598,0.0339569227140667,-0.102802080025255,0.033275127322347,1,12,7.64239175605837e-05,FALSE,989.521175146103,0.000217676162719727
2691,4000,897,-0.0125391017339784,0.0336164559340975,0.0334459684109479,-0.0784273553648095,0.0533491518968526,1,14,0.000114477177119755,FALSE,508.831993579865,0.000189781188964844
2694,4000,898,0.0194874920580242,0.0349050412196336,0.0339171448040523,-0.0489263887324576,0.0879013728485061,1,19,0.0017959035831531,FALSE,996.342981338501,0.000172138214111328
2697,4000,899,0.0955744607705081,0.0343940553921818,0.0331805142846751,0.0281621122018318,0.162986809339184,0,20,0.000147123565454424,TRUE,843.46249961853,0.000202655792236328
267,4000,89,0.0487404755936612,0.0348590855883144,0.0336347859285896,-0.019583332159435,0.117064283346758,1,20,0.00156170239914072,TRUE,884.949255943298,0.000432491302490234
24,4000,8,0.0606116114648594,0.0319341542646063,0.0328230110112296,-0.00197933089376899,0.123202553823488,1,1,0.00291213772138104,TRUE,808.735119104385,0.000234365463256836
2700,4000,900,-0.00103163233209314,0.0335916314052859,0.0332274392250509,-0.0668712298864535,0.0648079652222673,1,15,0.000285170231428437,FALSE,866.521445035934,0.000187397003173828
2703,4000,901,-0.00904395626853205,0.033607098331869,0.0341784469443888,-0.0749138689989953,0.0568259564619312,1,19,0.000157982534161497,FALSE,731.617172241211,0.000202655792236328
2706,4000,902,0.0230387359089159,0.034607245443172,0.0344577825124741,-0.0447914651597012,0.090868936977533,1,17,1.7252593704475e-05,FALSE,922.478566646576,0.000222921371459961
2709,4000,903,0.00199293602788919,0.033760274661026,0.0336495861827542,-0.0641772023077219,0.0681630743635002,1,6,0.000109724692061154,FALSE,982.896027803421,0.000180482864379883
2712,4000,904,0.0309397257097465,0.0329922167373498,0.0326091700917743,-0.0337250190954591,0.0956044705149521,1,18,0.000247362870156404,FALSE,473.783400535583,0.000120162963867188
2715,4000,905,-0.0533189958971734,0.0342235068588541,0.0333555063639319,-0.120397069340527,0.0137590775461807,1,15,0.000246258407616425,FALSE,1451.60905528069,0.00014042854309082
2718,4000,906,0.000867429627735672,0.0338551445025463,0.0331684350566742,-0.0654886535972551,0.0672235128527264,1,20,0.0067034356659753,TRUE,784.622943639755,0.000158309936523438
2721,4000,907,-0.00996323856369608,0.0346770759984955,0.0344782881948841,-0.0779303075207473,0.0580038303933551,1,16,0.000267318726977033,FALSE,557.315909862518,0.000171661376953125
2724,4000,908,0.0376526936135795,0.0328157130444703,0.0338385798931186,-0.0266661039535823,0.101971491180741,1,1,0.00158001001632007,TRUE,858.895801544189,0.00024724006652832
2727,4000,909,-0.0378415157607596,0.0335123039701831,0.0327845503428531,-0.103525631542318,0.0278426000207992,1,18,0.000404045251283075,FALSE,783.968020439148,0.000712871551513672
270,4000,90,-0.0304659137714801,0.0334434971608413,0.033058339323782,-0.0960151682067292,0.0350833406637689,1,18,0.000301004493742043,FALSE,1221.25304746628,0.000155925750732422
2730,4000,910,0.047338970782469,0.0327529605241838,0.0335179337681302,-0.0168568318449313,0.111534773409869,1,5,3.27193868386289e-05,FALSE,760.345821857452,0.000274419784545898
2733,4000,911,-0.0360298206839623,0.0338498157545588,0.0344149553695707,-0.102375459562898,0.0303158181949729,1,6,7.71806144300113e-05,FALSE,757.297538042068,0.000284910202026367
2736,4000,912,0.0143140265212631,0.033072808305993,0.0337956252943094,-0.0505086777584832,0.0791367308010095,1,1,0.000248954613382698,TRUE,827.02786898613,0.000221490859985352
2739,4000,913,-0.0217509819439798,0.0332647515489196,0.0334231280950999,-0.0869498949798623,0.0434479310919026,1,20,0.00027690230614138,TRUE,497.344441652298,0.000188350677490234
2742,4000,914,0.0229261314387272,0.033525419541003,0.0335576071212081,-0.0427836908616386,0.088635953739093,1,15,0.000145365792540946,FALSE,524.204742193222,9.94205474853516e-05
2745,4000,915,-0.0461924629298083,0.0333074711294391,0.0337386054961632,-0.111475106343509,0.0190901804838924,1,20,0.00180451640365741,TRUE,846.172683000565,0.000175237655639648
2748,4000,916,-0.00520052130108373,0.0328884420815993,0.0336699590830206,-0.0696618677810183,0.0592608251788508,1,9,0.00030570193185902,FALSE,1050.41887688637,0.000207424163818359
2751,4000,917,0.0141026501101058,0.0349698300168888,0.0342027055978016,-0.0544382167229962,0.0826435169432079,1,20,0.000984581404383279,TRUE,779.045871973038,0.000978708267211914
2754,4000,918,0.032392830967293,0.0336588187847533,0.0338436819796093,-0.0335784538508235,0.0983641157854094,1,7,0.000163710090827992,FALSE,1040.36945271492,0.000235795974731445
2757,4000,919,0.0649635930602629,0.0338831487967433,0.0343607458166892,-0.00144737858135403,0.13137456470188,1,20,0.00301467284686247,TRUE,1065.01747465134,0.000195741653442383
273,4000,91,-0.0309470647493922,0.0339449911289775,0.0346431825181963,-0.0974792473621882,0.0355851178634037,1,19,0.000167065043307384,FALSE,967.390936374664,0.000222682952880859
2760,4000,920,0.033902813170801,0.0333885132429872,0.0336139537953214,-0.0315386727854539,0.0993442991270559,1,10,9.38772582471755e-05,FALSE,1102.55385613441,0.000499248504638672
2763,4000,921,-0.0110796108537381,0.0330354383995092,0.0331738946831807,-0.0758290701167761,0.0536698484092999,1,4,7.26885142676716e-05,FALSE,689.80499124527,0.000257253646850586
2766,4000,922,0.0154776053748166,0.0340719426599524,0.0342365616495962,-0.05130340223869,0.0822586129883232,1,20,0.000989536709007624,TRUE,837.408193826675,0.000255346298217773
2769,4000,923,-0.0566100333017654,0.0335963742445028,0.0340448960079432,-0.122458926820991,0.00923886021746004,1,7,0.000258197463272584,FALSE,652.379515886307,0.000175237655639648
2772,4000,924,0.0451743562562767,0.0322975519483617,0.0334669381772966,-0.0181288455625121,0.108477558075066,1,1,0.00261772486117896,TRUE,519.867906093597,0.000125408172607422
2775,4000,925,0.0224919657721484,0.0349873579169027,0.033910336442631,-0.0460832557449809,0.0910671872892777,1,13,0.00011875102909509,FALSE,507.909222602844,0.000167131423950195
2778,4000,926,-0.017132034740958,0.0337218975777315,0.0339686642292579,-0.0832269539933117,0.0489628845113957,1,20,0.000290104201830353,TRUE,775.916660785675,0.000190019607543945
2781,4000,927,0.0115629932080958,0.0331159889226872,0.033624927579919,-0.053344345080371,0.0764703314965627,1,14,0.000226436461195538,FALSE,1029.10544490814,0.000220537185668945
2784,4000,928,0.00169690114380705,0.0337111085253439,0.0337883264525297,-0.064376871565867,0.0677706738534811,1,11,3.6587757200997e-05,FALSE,1010.66589260101,0.000343561172485352
2787,4000,929,0.064783668368198,0.0329509101293606,0.0333595935075158,0.00019988451465118,0.129367452221745,0,10,0.000226439094181604,FALSE,758.227993488312,0.000185728073120117
276,4000,92,0.00157995882235251,0.0336502495757511,0.0330406037930305,-0.0643745303461197,0.0675344479908247,1,11,0.000213802161048766,FALSE,964.497265815735,0.000204563140869141
2790,4000,930,0.0103520140120291,0.0336050451674302,0.0341858265009521,-0.0555138745161341,0.0762179025401924,1,20,0.00209046155005976,TRUE,862.1094789505,0.000188827514648438
2793,4000,931,-0.0280671591382763,0.0328067457812457,0.0340897981987085,-0.0923683808695178,0.0362340625929652,1,1,0.00225570870962491,TRUE,489.151113510132,0.000180482864379883
2796,4000,932,-0.0371177687191779,0.0334483762827847,0.0329111087360313,-0.102676586233436,0.0284410487950802,1,18,0.0002223824959629,FALSE,737.062910318375,0.000175952911376953
2799,4000,933,-0.072556455301669,0.0331928195640454,0.0335271189103979,-0.137614381647198,-0.0074985289561401,0,16,0.000127308868359893,FALSE,976.471229076385,0.000214099884033203
2802,4000,934,-0.0206962867618019,0.0343621874186709,0.0333077760326336,-0.0880461741023969,0.0466536005787931,1,20,0.0017867360408973,TRUE,833.338317155838,0.000169277191162109
2805,4000,935,0.0608319752763364,0.0351713539869826,0.0336837664087466,-0.00810387853814939,0.129767829090822,1,20,0.000136466422771972,TRUE,891.224923372269,0.000215768814086914
2808,4000,936,0.011556115559154,0.0324986314571737,0.0333951772709415,-0.0521412020969064,0.0752534332152145,1,4,3.07443379012718e-05,FALSE,500.586127758026,0.000192403793334961
2811,4000,937,-0.00866144630839782,0.0324389994020603,0.0325577461953899,-0.0722418851364361,0.0549189925196405,1,1,0.00305776075214048,TRUE,699.544989109039,0.000382900238037109
2814,4000,938,-0.000433119373887458,0.032310593027376,0.0330746358325643,-0.0637618817075444,0.0628956429597695,1,8,0.000432864557173738,FALSE,871.2348716259,0.000246763229370117
2817,4000,939,-0.0238392959225284,0.0342786275252033,0.033624889894834,-0.0910254058719269,0.04334681402687,1,20,0.00524508435094679,TRUE,518.857058048248,0.000267505645751953
279,4000,93,0.00676417264194451,0.0337874310345263,0.0334656309552161,-0.0594591921857271,0.0729875374696161,1,10,0.000256015648166479,FALSE,685.462379932404,0.000189065933227539
2820,4000,940,-0.0420278503879308,0.0335858254041592,0.0331627787816576,-0.107856068180083,0.0238003674042213,1,12,0.000116467559257884,FALSE,595.278586387634,0.000175952911376953
2823,4000,941,-0.0324406125181249,0.0349324817706926,0.033816596649388,-0.100908276788682,0.0360270517524327,1,19,0.000209467358014932,FALSE,508.35476565361,0.000179290771484375
2826,4000,942,-0.0155524864798957,0.0336985599693341,0.0339210171776616,-0.0816016640197906,0.0504966910599992,1,20,0.000870269741560385,TRUE,1035.08827114105,0.000232696533203125
2829,4000,943,0.0514281422144103,0.0330645591716549,0.0337636303772839,-0.0133783937620334,0.116234678190854,1,3,0.000132791279181176,FALSE,708.535840034485,0.000346899032592773
2832,4000,944,0.00112190217484831,0.0338315066785817,0.0342445489543316,-0.0651878509151718,0.0674316552648684,1,9,0.000282438794922724,FALSE,577.527585268021,0.000257015228271484
2835,4000,945,0.0790033206825037,0.0335267420523556,0.0335134569002219,0.0132909062598867,0.144715735105121,0,19,3.08988091013512e-05,FALSE,618.437378883362,0.000178098678588867
2838,4000,946,0.0524894858398268,0.0329098344018565,0.0341309495821879,-0.0120137895878119,0.116992761267466,1,1,0.00234773140548768,TRUE,1638.12495946884,0.000160455703735352
2841,4000,947,-0.00272003529781317,0.0347922681040833,0.0332489882718814,-0.0709128807818164,0.06547281018619,1,19,0.006320984420194,FALSE,577.275618314743,0.000100135803222656
2844,4000,948,0.00078865995025823,0.0333747670034006,0.03380139546382,-0.064625883376407,0.0662032032769234,1,11,9.50520490589092e-05,FALSE,735.977781534195,0.000118732452392578
2847,4000,949,-0.010400001384173,0.0340350452469689,0.0337840825256786,-0.077108690068232,0.056308687299886,1,8,0.000131443562841985,FALSE,840.393782138824,0.000162363052368164
282,4000,94,-0.00917476296672204,0.0337780445329419,0.0329228938632869,-0.0753797302512882,0.0570302043178442,1,20,6.04226883139751e-05,TRUE,726.424937963486,0.000160694122314453
2850,4000,950,-0.0538981112329454,0.0330301217601779,0.0324736732347367,-0.118637149882894,0.0108409274170033,1,9,0.000177357368461086,FALSE,906.966056585312,0.000339984893798828
2853,4000,951,0.0617027963255613,0.0330000319808766,0.0342344972120356,-0.00297726635695693,0.12638285900808,1,8,0.000210846119774465,FALSE,1080.6355137825,0.000204563140869141
2856,4000,952,-0.00311373382161095,0.0340307316649865,0.0342097242880516,-0.0698139678849845,0.0635865002417626,1,20,1.59069244570608e-05,TRUE,1097.02540755272,0.00025486946105957
2859,4000,953,-0.0116615152824286,0.0329488387422476,0.034173490066002,-0.076241239217234,0.0529182086523767,1,7,5.79138703168937e-07,FALSE,1220.02863073349,0.000336885452270508
2862,4000,954,-0.08869317011151,0.0331294625282759,0.0328104251219204,-0.153626916666931,-0.0237594235560893,0,20,0.0127337819691845,TRUE,1369.08888506889,0.000821590423583984
2865,4000,955,0.00926569575327063,0.0334307946984864,0.0335354754029015,-0.0562586618557626,0.0747900533623039,1,18,9.80174707720405e-05,FALSE,1312.21778225899,0.000863552093505859
2868,4000,956,-0.0508428754661989,0.0333873443532332,0.0336301873438566,-0.116282070398536,0.0145963194661381,1,7,0.00028600279181202,FALSE,686.485326766968,0.000203609466552734
2871,4000,957,0.0276742805382565,0.0335752509567676,0.033422268141965,-0.038133211337008,0.093481772413521,1,17,0.000304089845431681,FALSE,1477.80689549446,0.000272750854492188
2874,4000,958,-0.0361179844332123,0.0344169993912108,0.0339323051399041,-0.103575303239986,0.0313393343735609,1,20,0.000166633114066225,TRUE,477.06415438652,0.000142335891723633
2877,4000,959,-0.00810125913062498,0.0343612553539449,0.0339243177179415,-0.075449319624357,0.059246801363107,1,15,0.000430536861706648,FALSE,531.040786743164,0.000216484069824219
285,4000,95,0.00622545044343492,0.0324214362820102,0.0328057152456776,-0.057320564669305,0.0697714655561748,1,13,8.62359225728573e-05,FALSE,580.430418968201,0.000319480895996094
2880,4000,960,-0.0580106070861333,0.0328941422115036,0.0340443711343099,-0.12248312582068,0.00646191164841385,1,2,0.00012390235743793,FALSE,622.202162027359,0.000245571136474609
2883,4000,961,-0.0298674464240554,0.0337617569697237,0.0334022516840869,-0.0960404900847138,0.036305597236603,1,15,0.000121295552778605,FALSE,652.376451969147,0.000190973281860352
2886,4000,962,0.0125497713813489,0.0342686493801388,0.0332059987119501,-0.054616781403723,0.0797163241664209,1,20,0.000550381646592902,TRUE,1060.32332062721,0.000199556350708008
2889,4000,963,0.0255876172006417,0.0335752325213051,0.0329588516843662,-0.0402198385411162,0.0913950729423997,1,14,0.000248042362992366,FALSE,700.838811635971,0.000396966934204102
2892,4000,964,-0.0372782666373165,0.0329491950777239,0.0333372308108348,-0.101858688989655,0.0273021557150224,1,1,0.00514347624119643,TRUE,739.956900119781,0.000260114669799805
2895,4000,965,-0.0365178269118825,0.0345699601995412,0.0333002572650492,-0.104274948902983,0.0312392950792182,1,11,0.000116635663447597,FALSE,690.111576795578,0.000474929809570312
2898,4000,966,-0.0632518548342561,0.0332676204908737,0.0340203977191344,-0.128456390996369,0.00195268132785642,1,6,2.8081152243334e-05,FALSE,566.035922050476,0.000143289566040039
2901,4000,967,0.0202554837524259,0.0352821568440943,0.0340514081585635,-0.0488975436619989,0.0894085111668507,1,20,0.000733850916446337,TRUE,598.524200677872,0.000341653823852539
2904,4000,968,-0.0694706761788774,0.0341229890356978,0.0331859239742029,-0.136351734688845,-0.00258961766890975,0,11,0.000249018947297379,FALSE,818.295184135437,0.000323057174682617
2907,4000,969,0.0167030636485526,0.0340322093109219,0.0338888995748279,-0.0500000666008543,0.0834061938979594,1,17,0.000239253211655641,FALSE,497.797645568848,0.000188350677490234
288,4000,96,-0.0232399082260086,0.0342173575392521,0.0339528271528927,-0.0903059290029427,0.0438261125509255,1,10,0.000233136160055475,FALSE,724.5384786129,0.000226497650146484
2910,4000,970,-0.0711093857919058,0.0338470200603789,0.0331816275091441,-0.137449545110248,-0.00476922647356323,0,20,0.00152468587783004,TRUE,819.180666685104,0.000189781188964844
2913,4000,971,-0.0186178433861692,0.0349123744181785,0.0338478917310872,-0.0870460972457991,0.0498104104734606,1,20,0.000237251369877694,TRUE,712.446692466736,0.000190258026123047
2916,4000,972,-0.000388841793067085,0.0318679018788496,0.0330074123353849,-0.0628499294756122,0.062072245889478,1,1,0.00467393793309732,TRUE,598.457002878189,0.000118732452392578
2919,4000,973,0.0158817036369288,0.0335787383403927,0.0331882739980692,-0.049932623510241,0.0816960307840985,1,20,0.00223850244119357,TRUE,613.020876169205,0.000174522399902344
2922,4000,974,-0.0666912602730078,0.0336703626303235,0.0335245640624418,-0.132685171028442,-0.000697349517573678,0,20,0.00585802493443759,TRUE,947.221576690674,0.000216007232666016
2925,4000,975,-0.0467020266532255,0.0334834365316296,0.0339074020564032,-0.11232956225522,0.0189255089487684,1,8,0.000308918226567615,FALSE,959.12179851532,0.000173807144165039
2928,4000,976,0.00165170954490779,0.0333041426887404,0.0336413035913299,-0.0636244101250234,0.066927829214839,1,20,0.00286378221132888,TRUE,657.215384483337,0.000114917755126953
2931,4000,977,0.0132236259627874,0.0327620164628474,0.0336573348643539,-0.0509899263043936,0.0774371782299683,1,1,0.000631585950803006,TRUE,566.307935237885,0.000209569931030273
2934,4000,978,0.0305554061907041,0.034452894251672,0.0337619109340878,-0.0369722665425731,0.0980830789239813,1,17,9.63072489167668e-05,FALSE,1253.59481334686,0.000196218490600586
2937,4000,979,0.0585955384904938,0.0344316776718077,0.0332888852258177,-0.00889054974624923,0.126081626727237,1,17,0.000181569434689158,FALSE,730.129531621933,0.000165939331054688
291,4000,97,0.018908108262468,0.0336037524555248,0.0340514004962108,-0.0469552465503605,0.0847714630752965,1,7,0.000241463651881272,FALSE,526.671481609344,0.000237941741943359
2940,4000,980,0.0481964640077047,0.0332642952384619,0.0332617924403968,-0.0170015546596806,0.11339448267509,1,7,0.000112020965583291,FALSE,829.146107912064,0.000855207443237305
2943,4000,981,0.104196204176659,0.0339127052769636,0.0334483461095876,0.0377273018338101,0.170665106519507,0,18,0.00020736803458009,FALSE,774.250700950623,0.000295162200927734
2946,4000,982,0.0306096357383737,0.0337354664121872,0.0342717840273983,-0.0355118784295132,0.0967311499062607,1,15,6.53085263603046e-05,FALSE,1449.47959828377,0.000182867050170898
2949,4000,983,-0.0349356435524286,0.0346540624514982,0.0342109929557925,-0.102857605957365,0.0329863188525078,1,20,0.00446728652592104,TRUE,547.204468011856,0.000101804733276367
2952,4000,984,-0.0213529791425154,0.0337794546671124,0.0334548086029745,-0.0875607102900558,0.044854752005025,1,18,0.000329237729832331,FALSE,711.145681858063,0.000402688980102539
2955,4000,985,-0.0536545385891308,0.034513823949311,0.0339521630301577,-0.12130163352978,0.0139925563515187,1,18,4.54450828964484e-05,FALSE,697.804163455963,0.000213146209716797
2958,4000,986,-0.0120511564137011,0.0329075892647808,0.0334246459153178,-0.0765500313726715,0.0524477185452692,1,8,0.000254307436453031,FALSE,814.296458005905,0.000179290771484375
2961,4000,987,-0.0648394133457797,0.0327533239643294,0.0333934139841347,-0.129035928315865,-0.000642898375694048,0,18,3.01041125871522e-05,FALSE,521.830544948578,0.000181198120117188
2964,4000,988,0.000237968140062383,0.0332858401495356,0.0341967165106319,-0.0650022785530274,0.0654782148331522,1,3,8.10907352196328e-05,FALSE,505.2045109272,0.000166177749633789
2967,4000,989,-0.0039272155493465,0.0329410729403961,0.0336305974007509,-0.0684917185125228,0.0606372874138298,1,1,0.00294733898357355,TRUE,967.578906536102,0.000259876251220703
294,4000,98,-0.0147781028507018,0.0335783545804004,0.0337705756239934,-0.0805916778282866,0.051035472126883,1,17,8.22397777093912e-05,FALSE,741.15730547905,0.000146389007568359
2970,4000,990,0.0323916970141123,0.0356480685440806,0.0347031319428775,-0.0374785173322857,0.10226191136051,1,19,1.43876394314497e-05,FALSE,1053.88393878937,0.000222206115722656
2973,4000,991,-0.0241503745851792,0.0344875373878806,0.0338049554798928,-0.0917459478654253,0.0434451986950668,1,4,0.000170418006018389,FALSE,867.720322132111,0.000196695327758789
2976,4000,992,-0.0538033546729877,0.0331793475135651,0.0339857804861036,-0.118834875799575,0.0112281664535999,1,1,0.000907463739752345,TRUE,770.013132810593,0.000135421752929688
2979,4000,993,-0.00100866415230749,0.0334449049875116,0.0334182595041771,-0.0665606779278302,0.0645433496232152,1,9,0.000166357865671726,FALSE,683.601442575455,0.00013279914855957
2982,4000,994,-0.00272760100015423,0.0334794874107141,0.0335572950549139,-0.0683473963251538,0.0628921943248453,1,1,0.00159415814111366,TRUE,871.049116134644,0.000222206115722656
2985,4000,995,0.0368706625077828,0.0326906814925871,0.0333680417156317,-0.0272030732176879,0.100944398233254,1,7,3.50968538031211e-05,FALSE,828.087141752243,0.000106334686279297
2988,4000,996,-0.0107691117150801,0.033671440604032,0.0336814172972152,-0.0767651352989828,0.0552269118688225,1,13,5.36820807185814e-05,FALSE,1038.45251011848,0.000318050384521484
2991,4000,997,-0.00800848301312085,0.0335409456832949,0.0333254685972083,-0.0737487365523789,0.0577317705261372,1,20,0.000308145427053701,TRUE,885.49339556694,0.000159263610839844
2994,4000,998,-0.052281569775008,0.0337275023308386,0.0339942452951863,-0.118387474343452,0.0138243347934356,1,14,0.000136572319428609,FALSE,972.691764831543,0.00024104118347168
2997,4000,999,-0.0088685912910611,0.0340180256638027,0.0339359726303504,-0.0755439215921143,0.0578067390099921,1,20,0.00480782451100411,TRUE,653.215266227722,0.000231266021728516
297,4000,99,-0.0231703983852989,0.0337639468000836,0.0332749558719647,-0.0893477341134627,0.0430069373428649,1,12,0.000453099672557897,FALSE,524.315147638321,0.000186443328857422
27,4000,9,-0.0411622300913692,0.0330964907424601,0.0331305818474731,-0.106031351946591,0.0237068917638525,1,7,0.000246296102155297,FALSE,925.341065645218,0.000263214111328125
